cosiota_samples,planck_cosiota_samples,shoes_cosiota_samples
-8.833729949550445104e-01,-9.213588793974742952e-01,-8.970299717753483781e-01
-9.308578895245863682e-01,-9.865795944425924668e-01,-9.050291404413821628e-01
-8.194787939618124462e-01,-8.824932152066973234e-01,-9.769390430583968499e-01
8.704674906578030447e-01,-8.432284031166554783e-01,-8.786599740714359230e-01
-8.522334302316204591e-01,-9.927970965087855593e-01,-9.198368455767583773e-01
-9.263419370710812561e-01,-9.589900360866689955e-01,-8.897250290019138586e-01
-9.129798198059280168e-01,-8.664300444087323916e-01,-9.426520957908526288e-01
-7.821473204172614269e-01,-9.209938218577525815e-01,-9.025214189347191551e-01
-9.263144015817728061e-01,-9.473307475132717315e-01,-8.077288842956358295e-01
7.976024900204259360e-01,-8.703803596443291379e-01,-9.174127907408771154e-01
-5.512789387033082411e-01,-9.362265715852903236e-01,-8.800163622291573562e-01
-8.041799773508503391e-01,-9.083029443208884279e-01,-8.246160375901556705e-01
-7.070785066678701991e-01,-9.246123502589330689e-01,-8.024563380057440076e-01
-6.137986910243062866e-01,-9.376294612888985691e-01,-8.699322207512333316e-01
-7.044507392540008128e-01,-9.655546996056285636e-01,-9.485021931557502395e-01
-8.170629649131224692e-01,-8.597686796454767633e-01,-8.982829903468183552e-01
-6.638204131419201959e-01,-9.930725154411436106e-01,-8.190883694532750114e-01
-9.696872944102430392e-01,-9.440952116751595291e-01,-8.809217294737590187e-01
-4.131751257699071145e-01,-9.783887316325534655e-01,-9.726694584130768373e-01
-7.662131465871623304e-01,-8.954655961526273300e-01,-8.927563268437961330e-01
5.203801515466029981e-01,-9.173148702191809001e-01,-9.438607932842240089e-01
-6.529311395133391427e-01,-9.911437936529993165e-01,-9.098923616204953602e-01
-7.372414722347123694e-01,-9.832496627830442648e-01,-9.403226594470380784e-01
-7.207692935837054504e-01,-9.300707094811979658e-01,-9.007921220450179067e-01
-9.645879118091944537e-01,-9.125699865567780122e-01,-8.578664550895795937e-01
-9.832239912521074654e-01,-9.095561083051446616e-01,-9.946307773234182026e-01
-5.598012540173544771e-01,-9.834627649972699226e-01,-8.218874504363202771e-01
-5.718937087682096632e-01,-9.823280733815886734e-01,-9.820469902251115490e-01
-8.531655611239669090e-01,-9.816890900488536298e-01,-9.593126631338400045e-01
-8.583429085386539148e-01,-8.799391656401002182e-01,-9.018558808740716470e-01
-9.855951668055590309e-01,-8.768223681023992189e-01,-8.328459344636834905e-01
-9.428032292507075862e-01,-9.813234827055739018e-01,-9.519808651352219542e-01
9.873750457004608627e-01,-9.701447882148505064e-01,-9.564008992016050925e-01
-5.511816560161926226e-01,-9.192474644957351337e-01,-9.794093661202848411e-01
-9.859927001560928606e-01,-8.847530478046496949e-01,-9.416990539708638419e-01
9.359575335235075233e-01,-9.903427554124806242e-01,-9.622674395003210090e-01
-9.836454347214517169e-01,-9.200940694025329103e-01,-8.541110141328642769e-01
-9.202606579972785195e-01,-9.227922801194337055e-01,-7.975783834526827265e-01
-7.989388998301557576e-01,-9.430049805043272393e-01,-8.872577077873577966e-01
-7.319855506575968507e-01,-9.894943261609707719e-01,-9.462476790695419915e-01
-9.604318771728348469e-01,-9.056824972586472455e-01,-8.065697664069194639e-01
-8.634367386111150289e-01,-9.129669689188620874e-01,-8.365351297812160247e-01
-5.939992068264859926e-01,-9.596513508127141323e-01,-9.341538161823552677e-01
-9.312859657436273197e-01,-9.021602357150942941e-01,-8.642908383247371873e-01
-7.212827967609063418e-01,-9.689173112352107431e-01,-9.372606674457001352e-01
-5.895687803027279683e-01,-9.911501872620727127e-01,-9.148043160823998710e-01
-8.009010943147861772e-01,-9.415729194475290775e-01,-9.789347485257250403e-01
-7.477959833826230973e-01,-7.577796238087843861e-01,-8.467362989743283386e-01
-7.672632387334538118e-01,-9.381288758021626428e-01,-9.199361149572545804e-01
-9.264686848404046771e-01,-9.858859847615306649e-01,-8.575177939555882478e-01
-5.758640416019993324e-01,-9.830187109658559130e-01,-9.772468199185876392e-01
-8.425142388881752264e-01,-9.762374594598670630e-01,-9.978038453647802841e-01
-8.047054099637886981e-01,-9.500437428081575097e-01,-9.251439711406747035e-01
-9.560102952160842715e-01,-9.712447569726716523e-01,-9.669324666889819175e-01
-9.802532035419453393e-01,-8.166720711990945736e-01,-9.232513401675765952e-01
-9.554674633821473861e-01,-9.907470826254359819e-01,-8.220510920283615741e-01
-3.510975935612359877e-01,-9.731853942959934889e-01,-8.001958265449563568e-01
-9.499330214573339370e-01,-9.197286962971857882e-01,-9.462047832824482807e-01
-9.523437802811598463e-01,-9.532529436756519425e-01,-9.667956105280758328e-01
-9.886353540233462356e-01,-9.540778303117417591e-01,-9.804926008379015734e-01
-8.215924922044967049e-01,-9.234630860627874860e-01,-8.439381997145585235e-01
-9.671990038212749941e-01,-9.751406654658304474e-01,-8.548569686048224092e-01
-9.868624580627606280e-01,-9.271517284989033714e-01,-8.050204667934890423e-01
-9.126747802203128979e-01,-9.610456923934983520e-01,-8.925922017080677451e-01
-9.961444105979843089e-01,-8.811115490912564407e-01,-9.010998668275168599e-01
-9.129387191989253303e-01,-9.234376700001640792e-01,-7.828803231426180176e-01
-9.055575631002612536e-01,-9.204322908163569128e-01,-8.810163014834113682e-01
-8.366905038289786933e-01,-9.871320429761560877e-01,-9.547019135990354455e-01
-9.342926278365697446e-01,-9.579983378718114340e-01,-9.052356019400570331e-01
-9.677693554202780879e-01,-8.986775246039220288e-01,-8.865822853816685001e-01
-4.181251444414341711e-01,-8.936468609972891830e-01,-9.057012032204313501e-01
-8.498802519988551962e-01,-9.860408053515200555e-01,-8.328459344636834905e-01
-8.936919386605672866e-01,-8.684629287159160160e-01,-9.035183298797414553e-01
-9.300743431435696262e-01,-9.929222990280720529e-01,-8.920814495236293329e-01
-7.795534714153892208e-01,-9.251439711406747035e-01,-9.200542553486841246e-01
-7.371007762954236986e-01,-9.232948224625605604e-01,-7.829692755462516196e-01
-8.650491864917153606e-01,-9.316432638960134849e-01,-8.440212005388814109e-01
-8.901954653618980862e-01,-8.569893964130077535e-01,-8.975226884896815305e-01
-9.737119108755594166e-01,-9.983950670978051223e-01,-9.831300371387029502e-01
-8.614647991828889850e-01,-9.560017338782474949e-01,-8.359821007631196288e-01
-9.448578377978767984e-01,-8.955769650880531785e-01,-8.597432839981309360e-01
-7.713298098080826337e-01,-9.292947991967406285e-01,-9.456813123401625054e-01
-9.745444753565979390e-01,-9.185880541269373367e-01,-8.360519004790698538e-01
-9.517883770244495167e-01,-9.942775103164787076e-01,-8.479914391534355556e-01
-7.725371747249012433e-01,-9.502474143356763880e-01,-8.663329939798681822e-01
9.437332890490016668e-01,-9.407812100930906807e-01,-9.552690384848334659e-01
-9.601020487261724412e-01,-9.590688934434518087e-01,-9.717540668162357731e-01
-9.900619335920576303e-01,-8.764891701413224379e-01,-7.783083748906242105e-01
-9.102132318085101037e-01,-9.087994845088976925e-01,-8.829042432286943187e-01
-9.969456601865932521e-01,-9.686031882820890226e-01,-9.048114524185358887e-01
-8.003462443300546347e-01,-8.931083254527569792e-01,-7.397904680360127827e-01
-7.595985929360919986e-01,-9.819675866881252269e-01,-9.452792606810559439e-01
-8.300872329285193807e-01,-9.918898905794898413e-01,-9.161250184532510055e-01
-9.025140289422750595e-01,-9.400465998782980837e-01,-9.384917899294801247e-01
9.515196764936508789e-01,-9.470356707481245584e-01,-8.711122971715287155e-01
9.919157817670650745e-01,-9.408112831538010257e-01,-8.807116069490377175e-01
-5.632546014283903446e-01,-9.262896024910052262e-01,-9.358550583239314546e-01
-7.037440794057298055e-01,-9.704808644312982180e-01,-9.609641625533140719e-01
-6.410133091118326298e-01,-9.593040378850214989e-01,-9.008814165784192474e-01
-9.429049479220428243e-01,-9.430205626451796386e-01,-9.565631114467693097e-01
-8.013938272550282793e-01,-9.950959676670031451e-01,-8.934485806843553979e-01
-4.193657446651583576e-01,-9.817941749449898836e-01,-9.014442429992906014e-01
-8.190580035190266894e-01,-9.530301597760737486e-01,-7.995961489251237619e-01
-6.983578034744759577e-01,-9.423994060789684379e-01,-9.043750965416594845e-01
-9.293392894206415900e-01,-9.979610975672161821e-01,-9.675611906328125400e-01
-9.184299242801036156e-01,-9.801091030959672157e-01,-7.976662622013582782e-01
-8.621007309014271369e-01,-9.522455458932940209e-01,-8.817421991649427859e-01
-8.525208454138392122e-01,-9.677546474466118820e-01,-7.699106583334121012e-01
-8.954264878765051394e-01,-9.394711475171787507e-01,-7.842121951788092460e-01
-8.490241782316920727e-01,-8.844958720105633443e-01,-9.298793273299577056e-01
-9.453914143010643256e-01,-8.886978873027868708e-01,-9.776784193482004337e-01
-7.689933079362030188e-01,-9.543826026186196243e-01,-8.089724168531310378e-01
-8.970649917705485477e-01,-9.787080438750541678e-01,-9.696809676808398892e-01
-6.584747987148107384e-01,-9.270519128251208940e-01,-9.541013567768525938e-01
-7.237121870983983518e-01,-8.932303648976535060e-01,-8.441009808381729762e-01
-7.815544236069507100e-01,-9.350616350571746560e-01,-8.065037412575366549e-01
9.849304903296678404e-01,-9.642142968160423155e-01,-7.609606773528916346e-01
-7.860495056778006306e-01,-9.394330270385220505e-01,-7.976519350149652299e-01
-9.724516765509070293e-01,-9.421278246285083036e-01,-9.513682363636344341e-01
-8.930187050912564706e-01,-9.109318975383138284e-01,-9.848379607987139961e-01
-8.543764909214542902e-01,-9.694528312816376170e-01,-9.234430303023100084e-01
-8.451533098271687416e-01,-9.210308002086815549e-01,-8.736133831884170808e-01
-9.326899560666280786e-01,-8.679143982724462081e-01,-9.168334169251660670e-01
-6.832647278690028303e-01,-9.823626595227081815e-01,-9.174127907408771154e-01
-9.209807872382694827e-01,-9.703363307751644573e-01,-7.946929794294375071e-01
-8.339228532588326415e-01,-9.537934567443742129e-01,-8.852654768337760993e-01
-9.245669541093595178e-01,-8.780577534985349875e-01,-9.473994609358271646e-01
-5.707901178109422435e-01,-9.004236912667428205e-01,-9.361253420937633019e-01
-8.520583903310852136e-01,-9.007880242870934806e-01,-8.711785799902261873e-01
-8.747017598137414307e-01,-9.141980817339181442e-01,-8.223799600760263173e-01
-6.596400958715039620e-01,-9.859001233031045031e-01,-8.488842993715676188e-01
-9.232210970885641466e-01,-9.761277412072792981e-01,-8.962665591091478756e-01
-9.840683760974985317e-01,-9.440495264759825034e-01,-8.572859919499720149e-01
9.821927899718168042e-01,-9.116733716797117415e-01,-9.838508000679783150e-01
-8.757187850157852615e-01,-9.080489999688462488e-01,-9.110930300351937072e-01
-8.484052235046096735e-01,-9.427466167155188481e-01,-8.875540501070342536e-01
-9.846807393033505384e-01,-9.184819684795829664e-01,-8.762535515930386376e-01
-6.209299652878289555e-01,-8.915675980142608870e-01,-8.452296529145530979e-01
-4.881850481021720034e-01,-8.936685532706009072e-01,-8.641401714346188534e-01
-7.415572827683806212e-01,-9.690193913893897504e-01,-9.767329624643450448e-01
-8.295878669020166907e-01,-9.113745545026814554e-01,-9.584558415485031624e-01
-9.598734877410254329e-01,-9.964121318502963121e-01,-9.361083192596890701e-01
-7.475475953375820826e-01,-9.076661679499198332e-01,-9.778382833650249850e-01
-9.299608605464563249e-01,-8.988920228603276552e-01,-9.581741405619694785e-01
-8.555836625612648350e-01,-9.497970219386299151e-01,-9.240676773597102933e-01
-9.492484412750136213e-01,-9.209999793794578782e-01,-9.261677569851713976e-01
-9.832184489497397539e-01,-9.461927695639693603e-01,-8.519600016598254388e-01
-8.426400865580537802e-01,-9.390437359420631402e-01,-8.586254790184540964e-01
-4.497863715087740411e-01,-8.582226453651933262e-01,-9.112719976876687555e-01
-9.604027856433684507e-01,-9.023480392253917515e-01,-9.314110235336551247e-01
-8.656920089472450730e-01,-7.758919364915968231e-01,-9.269037724644492160e-01
7.059241537517868537e-01,-9.624328389339036338e-01,-8.769298286151763211e-01
8.999549907957065109e-01,-9.375452741666671086e-01,-8.828173513282435714e-01
-9.759539552099217863e-01,-8.276956059390495613e-01,-8.819933580587229205e-01
-5.171159783201387805e-01,-9.288520911026568738e-01,-9.356925972974623473e-01
-8.554660538657433699e-01,-9.283888992369722093e-01,-9.508647259977076605e-01
-8.341434794335107483e-01,-9.691711085068490661e-01,-9.584574267318423102e-01
-9.100100338770726882e-01,-9.158503411149444551e-01,-8.900338195099306571e-01
-5.626429320403880663e-01,-7.639144449623365141e-01,-9.956807301154778633e-01
-5.497662258425783932e-01,-9.198152246398957343e-01,-9.898868958997342204e-01
-5.323040842837262199e-01,-9.813234827055739018e-01,-9.358550583239314546e-01
-9.614212924742761013e-01,-9.854976620280229138e-01,-7.932451318558401132e-01
-9.762343351201502317e-01,-9.469548155479078355e-01,-9.847222515358813322e-01
-9.540877385757805529e-01,-8.413402752473072566e-01,-9.837461200612558354e-01
-8.861381381744982688e-01,-9.418446959953825637e-01,-8.511247056144997103e-01
-9.860345286468629178e-01,-9.533406863555625721e-01,-8.794997263888238992e-01
-4.346645500940207740e-01,-9.859290470226264036e-01,-8.679668423749183903e-01
-4.107552753858565442e-01,-9.941595636961116922e-01,-8.110694646304424937e-01
3.798512966522952783e-01,-9.805653792975164151e-01,-8.150544493852930339e-01
-6.938834091378648372e-01,-8.690777913802911758e-01,-8.330636085206315489e-01
-8.577789247772157344e-01,-8.223978088895078642e-01,-9.400043174899033183e-01
-7.136060570836340045e-01,-9.870182683922779088e-01,-9.161784901270075832e-01
-5.434376301219913108e-01,-9.535771635591279161e-01,-9.890137881094764882e-01
-9.742298811501218792e-01,-9.638981752922194390e-01,-9.668069206051131959e-01
-5.624984693259327262e-01,-8.593146733507988078e-01,-8.322113711565235494e-01
-9.382706811484540221e-01,-9.224857749115212835e-01,-9.283259694650916050e-01
9.985091268866369552e-01,-9.653668238859240969e-01,-8.826267276124559746e-01
-9.153708460644554012e-01,-9.608579939478683052e-01,-9.929479964541901849e-01
4.962197810592136604e-01,-8.699764193578340965e-01,-9.267450568957174006e-01
5.654835103744920710e-01,-9.268122511106270389e-01,-7.886989507183247428e-01
-7.718221963164310084e-01,-9.400211387093240223e-01,-9.140595035492085074e-01
-8.270506688085877967e-01,-9.683415385960569832e-01,-8.195190290361523688e-01
-7.441923458187624796e-01,-9.540269391552442801e-01,-8.838059655565212447e-01
-7.672270876216868984e-01,-9.917638426507091598e-01,-8.031552842518658863e-01
-8.869123175887623223e-01,-9.970664855145705552e-01,-8.503694484110284613e-01
9.735919356441067318e-01,-9.420968163679458440e-01,-9.111678251824422148e-01
-6.007766702259801361e-01,-9.800492051256572967e-01,-8.065449773462440852e-01
-8.678120152270347720e-01,-9.742605765150895714e-01,-8.771349806017425532e-01
9.748734670425117654e-01,-9.871125235169766476e-01,-8.440407381151989741e-01
-9.562871285441865155e-01,-9.679229283755526048e-01,-7.478992988442973999e-01
-7.476441490211928054e-01,-9.917179812145879847e-01,-7.030767305129052014e-01
-8.970291084879157273e-01,-8.249655128246471403e-01,-8.500497038518488591e-01
-8.436379346391221778e-01,-9.415406290807717404e-01,-9.870550535590945085e-01
-9.409578982090744947e-01,-9.803211846304799026e-01,-8.582229889811923140e-01
-7.104254798008016181e-01,-9.620004009261767797e-01,-8.446889418829396368e-01
-9.094204873481935847e-01,-8.491402351084225142e-01,-9.757280373271026708e-01
-9.588960488294947515e-01,-8.435189301091599035e-01,-8.614737602814822592e-01
-8.463019207698248003e-01,-9.137577527327713778e-01,-9.468762660468770243e-01
-7.872028753763228304e-01,-9.390265829878636783e-01,-8.779019770643405884e-01
-7.398853359111475791e-01,-9.855319774461736015e-01,-8.907008391697659455e-01
-8.081259706129597653e-01,-9.339029442280689652e-01,-9.088785648042509990e-01
-9.689220360941971366e-01,-9.261146809106707289e-01,-9.229468039551174119e-01
-8.870644003663563648e-01,-9.832077140843822338e-01,-8.708259401267868238e-01
-9.026833137037946209e-01,-9.486759725560272027e-01,-9.225639341639771951e-01
-7.753935393679268762e-01,-9.209868340002929088e-01,-8.739960075901915815e-01
-6.686473206694965032e-01,-9.810630133728429625e-01,-8.596452566898593606e-01
6.136077804652187995e-01,-9.618124505972374116e-01,-9.596440068548279800e-01
-8.465404956649935642e-01,-9.681784169810255802e-01,-8.741072223083584669e-01
-9.043667984478717115e-01,-9.574673568357550124e-01,-9.033358040969986513e-01
-7.683732081432780303e-01,-9.439627952634511709e-01,-9.063347978736848720e-01
-8.875387112481181173e-01,-9.276563095589238639e-01,-8.593694632924128163e-01
-9.886859710127432477e-01,-9.589258391315036434e-01,-9.537898473130731469e-01
-8.700857708840530336e-01,-9.071864694424869313e-01,-9.939649940262230698e-01
-9.199570928562075256e-01,-9.382488864384598282e-01,-8.889037820383083321e-01
-9.974865279460756184e-01,-8.092627802816240168e-01,-9.760831519084066654e-01
6.498324331588435365e-01,-9.884597734277916770e-01,-9.782738611177583810e-01
-8.266298445352895374e-01,-9.177242032056703858e-01,-9.876151085149875719e-01
-9.232697614540009701e-01,-9.878861159257646962e-01,-9.835090012124404479e-01
-8.744990529563836379e-01,-9.463339447521665893e-01,-7.455649612933215042e-01
-8.341047948618793839e-01,-8.954056567889701057e-01,-9.337855308661173748e-01
3.577932014727072674e-01,-9.229653053570380239e-01,-9.606757866441077987e-01
-9.335971636188092893e-01,-8.912811773932199921e-01,-9.981101840550318238e-01
-8.514781425677939719e-01,-9.633978799703359908e-01,-9.607520852496268526e-01
-7.231861191447115367e-01,-8.433578755200831223e-01,-9.358150852322788538e-01
-7.394782486406128452e-01,-9.689830081607673229e-01,-9.783333354887798761e-01
-9.926894993159002256e-01,-8.877426868415666528e-01,-9.039383915038310402e-01
-9.255598617932118133e-01,-9.886728611368794661e-01,-9.554544208826367679e-01
-8.104182144148274203e-01,-9.564147526196317139e-01,-8.608651297612657238e-01
-9.644809350359753175e-01,-9.171728334243957059e-01,-9.441711605463596335e-01
-8.076839388019012578e-01,-9.672538423976341226e-01,-9.190281428042483824e-01
-7.396185305093887496e-01,-9.646583765230571927e-01,-9.022751596738376456e-01
-7.098773301808053438e-01,-8.863889516979597261e-01,-9.017590346398114409e-01
-8.209334806247252647e-01,-9.871160893011143855e-01,-9.375323704831308724e-01
-9.097991906170995735e-01,-9.294193451992835975e-01,-8.293600547427674163e-01
-6.872242971108508680e-01,-9.106261639773403083e-01,-8.841676658346879769e-01
-8.903552558508238679e-01,-8.986775246039220288e-01,-9.733038915439288230e-01
-9.058233578434071731e-01,-9.056090747631614368e-01,-8.827529339485635784e-01
-9.861828300688973981e-01,-9.126973455958906634e-01,-9.167418480825523242e-01
-9.877313673863645782e-01,-9.131935581671146718e-01,-8.367606777274972929e-01
-9.187876880331040663e-01,-9.950304301202385071e-01,-8.789548661839704513e-01
-6.854966789850194253e-01,-9.251945404500362402e-01,-9.387902307395503687e-01
-9.541845667458447311e-01,-9.957426929257223724e-01,-8.153497463427914482e-01
-8.976019801804164810e-01,-9.257143815015552724e-01,-8.277396801756664590e-01
7.135311988589165821e-01,-9.651083615897484425e-01,-8.783699698601858952e-01
-8.415785014778940365e-01,-9.123110527089194344e-01,-7.753159077090541196e-01
-5.808730462164166664e-01,-8.874206509775950380e-01,-9.137079450166745165e-01
-5.299435068733395759e-01,-8.827529339485635784e-01,-9.522290122890818553e-01
-8.853487844885085112e-01,-9.984983342656346128e-01,-8.309131520640570256e-01
-9.816248517834703646e-01,-9.624566460367252052e-01,-9.589168596952287738e-01
-5.163140860177338753e-01,-8.802014617974220911e-01,-7.849415490592676070e-01
-8.614441379420010314e-01,-9.264969021564775087e-01,-8.134111063104069173e-01
-9.989258531280049702e-01,-8.770965343260770375e-01,-8.784986980251643374e-01
-7.651833865617557739e-01,-8.948022240782752545e-01,-9.344012197684085086e-01
-7.554935827377378121e-01,-9.838263570319878415e-01,-8.044873219757818772e-01
-5.581875701591523242e-01,-9.652837219224300602e-01,-8.525575400620248878e-01
-5.761946904084570553e-01,-9.410658481561661182e-01,-8.279174168384175747e-01
-7.419064295783912577e-01,-9.929226310460282923e-01,-9.838965399456670591e-01
-8.054982198874851562e-01,-9.776533385715647784e-01,-9.176513209142763694e-01
-9.056734972518243332e-01,-8.514475165355017694e-01,-9.261146809106707289e-01
-9.471520907477095630e-01,-8.645991517127890047e-01,-9.008106976611913730e-01
-7.871639741992958461e-01,-9.219749528618553791e-01,-9.385737705166067313e-01
-9.704405665755855281e-01,-9.431621110714988321e-01,-8.098315120993563321e-01
-6.897865545272758858e-01,-9.816341410663916855e-01,-8.988749503369271032e-01
-5.539244803618174062e-01,-9.513642575707639271e-01,-8.019960638613269355e-01
-9.610741541529382870e-01,-9.492354237142474060e-01,-9.924672821663130806e-01
-8.248048130256163679e-01,-9.355896218465111769e-01,-8.453922294194357034e-01
-8.001069807627275710e-01,-8.136983406788164119e-01,-8.253531995243007513e-01
-9.219498134987242910e-01,-9.318868065715909532e-01,-9.635918157603391432e-01
-6.570132582017975675e-01,-9.796340980594709924e-01,-8.983541702034177900e-01
-8.095650883539388110e-01,-8.958459550285103878e-01,-8.637885568602573505e-01
-9.564695687327177120e-01,-8.676501525004723936e-01,-9.052516219169786105e-01
-3.014857263075127469e-01,-9.390167256186238154e-01,-7.946929794294375071e-01
-7.497768874344981072e-01,-9.964521321814708843e-01,-8.682039724905572520e-01
-9.825455177160256071e-01,-8.654099837683361107e-01,-8.721032410054072592e-01
3.457554135448357435e-01,-9.434450858452874122e-01,-8.395237187391846323e-01
-5.766302674992802579e-01,-9.814653582367016682e-01,-8.894625387121427584e-01
-6.630187633459670993e-01,-9.546745652531619664e-01,-9.123881989085551592e-01
-7.493340555584642182e-01,-9.880376950661847735e-01,-9.457409212715028879e-01
-7.819864439331081218e-01,-9.200217374820074401e-01,-9.658800255543928959e-01
-5.404520453744721120e-01,-9.669672663427173465e-01,-9.874621857578557149e-01
-7.943244331948667858e-01,-9.024420269538074857e-01,-8.797023851305024733e-01
-8.126676892576906175e-01,-9.984768620935292605e-01,-9.860769839642083978e-01
-8.899815743329413387e-01,-9.699226410550846333e-01,-9.337344122583585149e-01
-7.820458076052089202e-01,-8.936947606612509754e-01,-8.920248750005912441e-01
-6.999847172491605596e-01,-8.606894309734538506e-01,-8.868854409693570640e-01
-9.247558271401986607e-01,-9.573910407058622285e-01,-8.894215024613346676e-01
-9.011817310482215237e-01,-9.005754936227577945e-01,-9.901282660548403891e-01
-9.584095078488912289e-01,-9.400465998782980837e-01,-9.286222231334504418e-01
-8.170517084924502349e-01,-9.488061816019736083e-01,-8.772899855816924664e-01
-6.268650086465440419e-01,-9.519713232356410426e-01,-8.548641995764938439e-01
-7.790284171196647511e-01,-9.865002625050152130e-01,-9.548330612874120771e-01
-9.449716732188088164e-01,-8.250459433484966798e-01,-9.860532987395023152e-01
-9.196022686821628822e-01,-9.005289338277815414e-01,-8.828093675025013853e-01
-9.090228031055296309e-01,-9.876171150851920100e-01,-8.625927608177614836e-01
-7.940029679469603474e-01,-9.253126944652498853e-01,-9.671856948363972695e-01
-6.193915214052244655e-01,-9.627679002484963444e-01,-8.698354136487271848e-01
-5.973441713901447292e-01,-9.849870097711267425e-01,-9.490440380171303314e-01
-6.085781125040877759e-01,-9.412462834239875287e-01,-8.763609109387775487e-01
-8.078624060307948440e-01,-9.921815378189184909e-01,-8.774300666990703101e-01
-8.660060940276305130e-01,-8.948261019119125859e-01,-9.867272676906990725e-01
-9.208165906518587240e-01,-8.598826641677411731e-01,-9.191664290734470333e-01
-9.584794337286759447e-01,-9.657747624698327371e-01,-9.961456043724052911e-01
-9.803693882662247727e-01,-9.418379891143552340e-01,-9.763971685646982701e-01
-9.154516543504948034e-01,-9.931990165480417687e-01,-8.723822982357773981e-01
-9.467156167325089244e-01,-9.232672804992363425e-01,-9.061087294182572638e-01
-7.810928902629696857e-01,-9.805127872309368220e-01,-9.883763235683015180e-01
-9.929112794164491884e-01,-9.399592033652068856e-01,-9.968005932422769888e-01
-7.121798498330051963e-01,-9.724756379589386546e-01,-9.906014735686835548e-01
-8.717124876826011226e-01,-9.483511378072512210e-01,-9.733059749562729124e-01
-9.348762368291305691e-01,-9.219375781951301141e-01,-8.994577689421119349e-01
-9.264102533855042010e-01,-9.112035014969677160e-01,-8.792593229602864158e-01
-9.940761678624400188e-01,-8.886166609320532705e-01,-9.687524308889366997e-01
9.979041578023492010e-01,-9.603007515237440561e-01,-9.341056144687535090e-01
-7.759445251009294831e-01,-8.948261019119125859e-01,-9.356607266321067540e-01
-9.758863762128394681e-01,-9.783304349567985003e-01,-8.575141309940869094e-01
-9.071759861938996083e-01,-9.115856386505614140e-01,-9.485951479637921846e-01
-8.321672930778974964e-01,-9.603565790536672253e-01,-9.072130708162058355e-01
-8.887057195541618881e-01,-8.782615520343034499e-01,-9.005333669444739453e-01
6.830985735631974753e-01,-9.877530058681421865e-01,-9.194831357159500840e-01
-6.241916629251500481e-01,-9.982162656643036591e-01,-9.680735037785874741e-01
-7.359069814986299862e-01,-9.750335764989132015e-01,-9.926754870336790271e-01
-9.086493615268153023e-01,-9.989957268906813903e-01,-9.719940510812699053e-01
-9.648954121745103585e-01,-8.978297255286588063e-01,-9.749449122522569899e-01
-9.612643466220734956e-01,-9.507485676305184041e-01,-9.856926389630353835e-01
-8.919668658774320136e-01,-7.784837534080709665e-01,-9.745264353841567306e-01
-9.603383744957906254e-01,-9.856380893781925279e-01,-9.768516113771397169e-01
-9.695464650761996817e-01,-8.940977991623920706e-01,-8.303207677278792165e-01
9.666918952494332196e-01,-8.057070177645585529e-01,-7.393166485100239882e-01
-9.905336050983600815e-01,-8.771864275491327856e-01,-9.237439726272316243e-01
-9.852936690955270693e-01,-8.990735502762556841e-01,-9.004146659360428018e-01
-8.706391544485062584e-01,-9.438226408909988763e-01,-9.360229631761027846e-01
-8.840725117728075455e-01,-9.689091547857804354e-01,-8.538733619010292486e-01
-4.574160463971211898e-01,-9.412462834239875287e-01,-8.293347605821318469e-01
-7.452924487215596416e-01,-9.669108945164934799e-01,-8.909077581325710593e-01
-6.554443856114611222e-01,-9.813824361391350060e-01,-8.686050503586604243e-01
-6.032272872947228581e-01,-9.476683214470184025e-01,-8.450661095699780745e-01
-3.524461379731067545e-01,-9.502653741421851485e-01,-8.795304942153538974e-01
-5.126500777093193628e-01,-9.049178402275191990e-01,-8.670401414213046998e-01
-7.466349002561423198e-01,-9.570542671556478975e-01,-8.419658424902844995e-01
-6.469756950325551426e-01,-9.437324125995553148e-01,-9.087274140876867579e-01
-8.267569014185253140e-01,-9.660054573259817534e-01,-9.789347485257250403e-01
-9.812111359032145153e-01,-9.298863106672212719e-01,-9.661018366461997520e-01
-9.065945496351952571e-01,-9.818971397460981576e-01,-8.716034679518610551e-01
6.262069806757011303e-01,-9.971908580722663729e-01,-8.732418904612949673e-01
-7.221326378874359797e-01,-9.950234166419886783e-01,-9.572128669621516872e-01
-4.897753361732217203e-01,-9.950946987726266846e-01,-9.379469964460716014e-01
-8.200332659584620432e-01,-9.338995364106885688e-01,-9.121591026985197415e-01
-8.867933335080692148e-01,-9.234823705631803881e-01,-8.809039248153545110e-01
-9.491902573090572615e-01,-9.701600700413728351e-01,-8.671568847535914282e-01
-5.407998994043619057e-01,-8.890592419885645636e-01,-7.478814330259896392e-01
-9.170004946367596999e-01,-9.325225428356831436e-01,-7.527148998503323529e-01
-9.376864947481139412e-01,-9.523028805070002933e-01,-7.301252062368546181e-01
-8.195905657042459325e-01,-9.478237859916121000e-01,-9.003589605579902511e-01
-9.381141232915827244e-01,-9.846299392914408255e-01,-9.172041417543538300e-01
-8.008939424743867219e-01,-8.962463074741396918e-01,-9.091689400001264909e-01
-7.858107516378239898e-01,-9.618618235792035787e-01,-8.572373511000408453e-01
-7.350164694325913572e-01,-9.659339983833119536e-01,-9.154815087190352196e-01
-7.142272865120035119e-01,-8.693683001606122840e-01,-9.247846920524206427e-01
-7.356994720553358125e-01,-9.095135152426901959e-01,-9.473907731077668704e-01
-5.172501967430949144e-01,-9.796420340837331819e-01,-8.162011541496869693e-01
-9.247466713411364170e-01,-9.810756717623523304e-01,-8.816171578495526351e-01
-8.011320613295469517e-01,-9.626026492282695468e-01,-9.797608059316610385e-01
-7.400462679143510192e-01,-9.666483660873060879e-01,-9.362867287669214278e-01
-7.044157655187447409e-01,-9.831292755793827887e-01,-9.603565790536672253e-01
-9.105444336602994682e-01,-9.831901664121517337e-01,-9.603523519914218820e-01
-6.119300564985490354e-01,-9.163167951541503209e-01,-8.983672797047651537e-01
-9.869237804520696322e-01,-9.725526345500067338e-01,-8.818433769344813378e-01
-9.150613428227374335e-01,-9.442799851525397470e-01,-9.020114712252325084e-01
-9.327055303306063250e-01,-8.358148102884694897e-01,-9.021496339893438909e-01
-9.337988774730788810e-01,-9.371943433037669413e-01,-8.461261041867721433e-01
-7.712652346910671142e-01,-9.711785532232306561e-01,-9.319634497156672470e-01
-9.424259047221279495e-01,-8.975998881131443952e-01,-8.975232567594242372e-01
-8.524659821408054894e-01,-9.649036534074262317e-01,-8.728142955541278170e-01
-4.390434731214791775e-01,-9.770917702319489306e-01,-9.571894668526963468e-01
-9.799676534825623175e-01,-9.831292755793827887e-01,-8.357806903281100874e-01
-6.158952595254161277e-01,-9.457923656431774795e-01,-8.683892035739009252e-01
-8.425147613348670239e-01,-9.018438788226735836e-01,-8.576210930820841183e-01
-9.271622081632722168e-01,-8.822006834527268415e-01,-7.517115917207735087e-01
-8.928860137370446814e-01,-8.780564669884771689e-01,-8.881182505282538830e-01
-7.420778059644085323e-01,-9.888541724912967013e-01,-9.077916089934803257e-01
-8.788499417848943951e-01,-9.615218533792676547e-01,-9.496472761519396677e-01
-5.456596483447652135e-01,-9.492816846734880576e-01,-9.383072854597847012e-01
-6.476495971503396509e-01,-9.343825426038524506e-01,-9.601418850320699860e-01
-8.782877991311511812e-01,-9.881581432835666590e-01,-7.617676125455398184e-01
-6.814806008989687802e-01,-9.409475701480126686e-01,-9.081438473849565707e-01
-6.338165430795756894e-01,-9.899589568106139659e-01,-9.073376813174880429e-01
-3.936018453326105559e-01,-9.976721897900213687e-01,-8.217950387368507803e-01
-8.838445911179951819e-01,-9.375926008247089660e-01,-9.698732326907506529e-01
-8.870620708982845937e-01,-9.713000366445605493e-01,-9.197795785805374935e-01
-9.578847922329211118e-01,-8.931877968532652146e-01,-8.807788448202532594e-01
-7.174888012335733922e-01,-9.152341553489944381e-01,-9.673923425931960640e-01
-5.500244167014242125e-01,-9.614702990162377061e-01,-8.707896750088431892e-01
-8.749441088751928053e-01,-9.580821866305727630e-01,-9.839758303372222459e-01
-7.939237206670385349e-01,-9.163903855125035136e-01,-9.123240433529081761e-01
-8.194115980369917063e-01,-9.060040127064019622e-01,-8.382752561976160033e-01
-7.871650058478352197e-01,-8.736493849176116822e-01,-9.316432638960134849e-01
-7.490015486321601745e-01,-9.961531143261393995e-01,-8.175226469969433252e-01
-8.835100595181324401e-01,-9.765756275703844080e-01,-9.441424502247938166e-01
-9.100983937226442277e-01,-9.931955485365038250e-01,-9.009995750739033804e-01
-8.997523417471966489e-01,-9.763995311432456248e-01,-9.746144051312343182e-01
-3.905868027671646758e-01,-9.675731155782180126e-01,-7.869088859004573777e-01
-7.928668392749900207e-01,-9.098610619749573081e-01,-8.844392677362326038e-01
-9.342926927516711499e-01,-9.818402398616168369e-01,-8.718058483211670318e-01
-8.856638081218808356e-01,-9.463116068296235639e-01,-8.359821007631196288e-01
-9.393812058565519374e-01,-9.264432503327725277e-01,-8.392964120166024333e-01
-6.991212398934275596e-01,-9.640600854200579439e-01,-7.543609523469638756e-01
-7.783650837594685568e-01,-9.572638098264516504e-01,-9.568596734749371668e-01
-6.936961779266026529e-01,-8.680100295391829368e-01,-9.405827527180130598e-01
-8.226569249596419331e-01,-8.812443067453130663e-01,-9.282979295137449016e-01
-7.808784019494611206e-01,-9.942756929835291357e-01,-9.793835053907655741e-01
-7.367424424294243268e-01,-9.588524110078802121e-01,-8.951893189240072157e-01
-8.508279607350522911e-01,-9.421049364160450912e-01,-8.407031595147346215e-01
-9.132196519139427204e-01,-8.767789455619687811e-01,-9.603059010490826441e-01
-9.401772944866921833e-01,-9.451134897399996460e-01,-9.445503399026540237e-01
-9.801874045307833461e-01,-9.538740190935848240e-01,-8.424678524249221701e-01
-6.077054252673348422e-01,-8.889785612998615250e-01,-8.663431838171407051e-01
-9.377776648600396614e-01,-9.333836967089811365e-01,-8.952797785297785804e-01
-6.822514031110290533e-01,-8.516961263587887743e-01,-8.861114167361185956e-01
-9.837957964435386504e-01,-9.136370452063019565e-01,-9.108881133516441020e-01
-9.773509659603046851e-01,-9.634414827076167587e-01,-9.229764473691300930e-01
-8.627212372540289387e-01,-8.891937571562987808e-01,-9.438950621554541565e-01
-8.492912397166040295e-01,-9.898218158805343059e-01,-9.217869004525676146e-01
-9.995852840652164062e-01,-8.936947606612509754e-01,-8.959205940280761116e-01
8.697510595407464962e-01,-9.519857284162570599e-01,-9.161169246765984431e-01
-8.461241829299988026e-01,-9.707861041697052329e-01,-9.638632791395297383e-01
-9.261840586396992148e-01,-9.939010591935224515e-01,-9.424480095381925215e-01
-9.726336848207690622e-01,-9.508851236723018241e-01,-9.027486327074524253e-01
-9.766741871861447377e-01,-8.997110359798342616e-01,-8.835750624958462751e-01
-9.321712633572385442e-01,-8.713547837093182924e-01,-9.020791733605791896e-01
-9.093090990401709872e-01,-9.738097872853826997e-01,-8.909080074815688421e-01
-8.489756481052994630e-01,-9.918044899098809042e-01,-9.869508248632410385e-01
-7.239174633013610860e-01,-9.718750457861455860e-01,-9.597302547891527480e-01
-9.401492462076673773e-01,-9.833388421311042293e-01,-8.535149385693759916e-01
-9.822463027085749365e-01,-8.690734224982595846e-01,-9.320584779250519203e-01
-6.282778613899961950e-01,-9.717275354999668213e-01,-8.979866536337481886e-01
-6.055609992471123748e-01,-9.225463785256611260e-01,-9.114331158433230939e-01
-7.852243160776296582e-01,-9.020516112254204355e-01,-9.339697877757017208e-01
-5.984002183693516441e-01,-9.914432713234893058e-01,-9.773311017515587951e-01
-8.894216358728003202e-01,-9.800296041006161252e-01,-9.367113447357514611e-01
-9.349211081191742823e-01,-9.460674253337806316e-01,-7.981200691886237708e-01
-9.180979775019109113e-01,-9.615797983152402084e-01,-8.256340660451834124e-01
-8.994606133007604365e-01,-9.824021457464973128e-01,-8.505332800162861417e-01
-4.785366207257853444e-01,-9.506570727241951957e-01,-7.711556260112744088e-01
-7.014978633346864445e-01,-8.751119568677395710e-01,-8.391101019922846405e-01
-9.153218808616142566e-01,-9.262682938710391500e-01,-8.802391115336861693e-01
-6.272909036188184517e-01,-9.954924752489620055e-01,-9.002523268630692188e-01
-8.745853205685804044e-01,-7.962952645498013737e-01,-9.167576579823006888e-01
-6.735907301873214070e-01,-9.934782792158367570e-01,-8.353502277487327987e-01
-9.859521728426287046e-01,-9.564612999702604146e-01,-8.518019355772685763e-01
-8.488121419691398994e-01,-9.745771270986465229e-01,-9.786747562838300496e-01
-7.219632688096406792e-01,-9.943308180913437155e-01,-9.043864068607114781e-01
-9.841247222404598816e-01,-8.783209488862776526e-01,-9.917303038066080934e-01
-8.013990154544802236e-01,-9.025018346155803117e-01,-9.278330645728394277e-01
-5.837245522503428097e-01,-9.451339371264191325e-01,-7.990766241037585704e-01
-7.364312490967105385e-01,-9.554931556755656974e-01,-9.343738664282708051e-01
-8.500263910720282645e-01,-9.807319995353109832e-01,-9.196625355578434968e-01
-9.378206289710631083e-01,-8.580866953785510898e-01,-8.648805715046810061e-01
-8.374600604618569477e-01,-9.833738743513847913e-01,-8.421200701159827773e-01
-9.831658325763548145e-01,-9.426220432771099667e-01,-8.499638866948231453e-01
-8.975039431368296849e-01,-9.715462891768993359e-01,-8.631053390054688190e-01
-8.483026116310049547e-01,-9.574907336598490470e-01,-9.408112831538010257e-01
-9.820045050796422093e-01,-8.724286374874343775e-01,-8.054807887284540779e-01
-8.441098861287819055e-01,-8.935976941847687538e-01,-8.754833567939943606e-01
-8.559514568822476077e-01,-9.701573227923865339e-01,-8.981225658196607675e-01
-6.066315894237963580e-01,-9.546954120740720473e-01,-8.630078525324248462e-01
-7.485018509801382169e-01,-9.811887291306892189e-01,-8.101816247336829369e-01
-7.850006740204806821e-01,-9.243210962411614329e-01,-9.809471017171578211e-01
-9.720552174794138134e-01,-9.665981824387097632e-01,-9.217111051543208644e-01
-8.561242340646897375e-01,-8.929126911205138573e-01,-8.805833120370177847e-01
-7.138730494567065987e-01,-9.526450260952258331e-01,-7.982329417304643293e-01
-6.853633629868093324e-01,-9.578375708057443871e-01,-8.538972412220457997e-01
-9.788636662370766572e-01,-9.564035733819461482e-01,-9.417378147896642293e-01
-6.288967726056974294e-01,-9.661062532417582505e-01,-6.571953036714404117e-01
-9.326921185386735091e-01,-9.809683284090195965e-01,-8.038020022818715971e-01
-8.100974605468586054e-01,-8.950835708090245646e-01,-9.055642771102532240e-01
-8.689681450607302793e-01,-9.982162656643036591e-01,-8.855447484457301677e-01
-6.212082171442240286e-01,-9.984835364141573244e-01,-9.897867455101738710e-01
-9.309814158760568725e-01,-8.840649112081948591e-01,-9.450269665149121368e-01
-7.889371344954742016e-01,-9.683930509008101817e-01,-9.798571416458695671e-01
-9.782448164778531075e-01,-9.437105728287675799e-01,-9.825417279962882500e-01
-8.353461543789840738e-01,-9.991265102328783509e-01,-8.598905811254464737e-01
-9.391102650203302371e-01,-9.398983881600243562e-01,-9.176430474565377970e-01
-8.469578088914549996e-01,-9.719472235135604432e-01,-9.097882499928088285e-01
-7.917173152169257877e-01,-9.384090133618508967e-01,-8.111351512527904539e-01
-7.215190446280405068e-01,-9.586217496007556349e-01,-9.410842304203764774e-01
-9.798943048028332381e-01,-9.470730809674843265e-01,-8.234254438531689591e-01
-4.669906890975852876e-01,-9.969754420315105614e-01,-7.364003703185684202e-01
-8.396844545110745406e-01,-9.771988348505201705e-01,-8.352019942912285444e-01
-9.905255316257862708e-01,-9.981843782842974022e-01,-9.391743019347028598e-01
-5.579022291747194329e-01,-9.225867756124352947e-01,-9.460891965126666525e-01
-8.341456100137797369e-01,-9.643002900777377651e-01,-8.695479916918780194e-01
-7.442428722510031625e-01,-9.775772916628288067e-01,-8.383335661950799267e-01
-9.660346588106442089e-01,-8.103153034623581386e-01,-9.817529162384660557e-01
-7.295498761437966273e-01,-9.645054105090387075e-01,-8.646720138109831311e-01
9.519086498586099010e-01,-9.733637506930015171e-01,-8.467447147572975119e-01
-8.790937233899341896e-01,-9.924997042381301648e-01,-8.440333948397553687e-01
-8.160132364323359200e-01,-9.841975095343613589e-01,-9.137289852486162323e-01
-9.132713598839933278e-01,-8.996573534762389857e-01,-8.930845203541997179e-01
-9.545372872407653642e-01,-8.926024228754204648e-01,-8.212612101272529497e-01
-8.499191931169728376e-01,-8.550810517701048497e-01,-7.934680501908063510e-01
-9.792159866105620836e-01,-8.663442322849929100e-01,-8.298451100510670919e-01
-8.835532017950471495e-01,-9.757389565525593778e-01,-8.509788047611872575e-01
-9.745914339778950497e-01,-9.807954895026752551e-01,-8.899449035289599408e-01
-9.801248000932083482e-01,-9.770488067191414050e-01,-8.580886153249684956e-01
-6.622099636165800218e-01,-9.432791462794474224e-01,-9.961255052161429591e-01
-8.595492143410787822e-01,-8.103294892748301725e-01,-9.369224563122542371e-01
-5.464201604915410737e-01,-9.756397584173244208e-01,-9.072656343280380842e-01
-8.470381794824124455e-01,-9.906129464072045421e-01,-8.991132165752973027e-01
-6.579386896996731737e-01,-9.513682363636344341e-01,-9.578234926886752820e-01
-7.328135653295089202e-01,-9.745270317690726269e-01,-8.347574562157837885e-01
-9.420864031590411303e-01,-9.850584255104346543e-01,-8.984988692282736000e-01
-5.499488930174871726e-01,-8.656489528445141524e-01,-9.377698135141891989e-01
-3.881316480674262825e-01,-9.450431477203659059e-01,-9.928737980533431928e-01
-9.172590227683115049e-01,-9.110160101962850865e-01,-8.074865871206611256e-01
-7.080937026620360841e-01,-9.681690258390102111e-01,-8.924973430036278188e-01
-6.817565501517381943e-01,-9.830864004175354776e-01,-9.054000600251940201e-01
-9.587817513914738132e-01,-9.805127872309368220e-01,-9.426644876596459444e-01
-4.369231605055707846e-01,-9.888363229024069723e-01,-7.206242770189811297e-01
-9.099439290384948587e-01,-9.584574267318423102e-01,-9.206288447201045333e-01
-8.575710792244198855e-01,-9.776615568285718094e-01,-8.346548408558241983e-01
-6.694257754631802726e-01,-9.615129956696426561e-01,-9.112285130250322718e-01
-8.515217722918499987e-01,-9.746789928192701735e-01,-9.445571521348880006e-01
-9.313430349980719170e-01,-8.519785194256471739e-01,-9.467592314637482964e-01
-6.122537365143750909e-01,-9.671748306348957325e-01,-9.290215560446335452e-01
-8.839354180259806348e-01,-9.756357066236087672e-01,-8.509138754764911106e-01
-7.550593067908919487e-01,-9.322176265257516858e-01,-8.926797365592060718e-01
-9.522442966885152904e-01,-9.722284473588403975e-01,-9.531402321466079242e-01
-9.557344606037126988e-01,-9.660791272268225427e-01,-8.819912785088974694e-01
-9.692354699045251376e-01,-9.495299146349728270e-01,-9.801835288571657534e-01
-8.165986371901564622e-01,-9.431491724875722404e-01,-8.869887993441255558e-01
-5.425153090725133298e-01,-9.535369877233751401e-01,-9.759089256526277678e-01
-9.455004385075801432e-01,-9.320475779494989954e-01,-9.493642097684406034e-01
-9.422032709315134591e-01,-8.801349197923133971e-01,-8.691139569046041347e-01
-8.791814264931931966e-01,-9.851459075811368482e-01,-8.488056758707954730e-01
-6.975921866152732242e-01,-8.925332279907691735e-01,-9.705745510843439838e-01
-8.561687402892492749e-01,-9.340471194688820811e-01,-9.830319612967967080e-01
-8.906540027296023787e-01,-9.927903092651225725e-01,-9.475395566011820536e-01
-5.592162058691163562e-01,-9.057627685848232968e-01,-8.760997113902104783e-01
-7.439055852032032679e-01,-9.806613661229189871e-01,-9.371310844610306612e-01
-6.921403020538693385e-01,-9.675147894887802247e-01,-9.007698887542747723e-01
-7.597580134948940245e-01,-9.426753960449579806e-01,-8.582226453651933262e-01
-9.446096332416911157e-01,-9.957465933147618964e-01,-7.868480191589610762e-01
4.715292082806465945e-01,-9.342780131199234228e-01,-8.215413331598042657e-01
-9.022496929560248624e-01,-9.892918476089416213e-01,-7.714404693141873048e-01
-9.869646063788115598e-01,-9.686031882820890226e-01,-9.865504784475259692e-01
-8.155246684850526728e-01,-9.929649420230919343e-01,-7.777964646853482433e-01
-7.000933837175860042e-01,-9.862296999210502513e-01,-8.289481308645779700e-01
-9.741208784199146820e-01,-9.936550854009404965e-01,-9.592975813127473383e-01
-8.724704185164271486e-01,-9.455728504524505418e-01,-9.364534119969096793e-01
-9.202914644597798288e-01,-9.815972446414310548e-01,-9.753650061692262785e-01
-6.059766761771618881e-01,-9.753066187404692000e-01,-8.950037498484602061e-01
-8.304379160266107673e-01,-8.896955550659522149e-01,-8.781845665146233992e-01
-9.322850993693443389e-01,-8.811529935518986889e-01,-9.024980804327542572e-01
-9.934533171655351991e-01,-9.771253556835907128e-01,-8.940168533495400638e-01
-8.397461179444950519e-01,-9.685357794038491619e-01,-9.101936729829591677e-01
-7.647125803075505157e-01,-9.969494245564587409e-01,-8.124694830333313300e-01
-7.402192204033850587e-01,-9.536587510561567171e-01,-9.130395526702297371e-01
-8.187257295726069195e-01,-9.816091773440209778e-01,-8.798504706922783969e-01
-8.194928317662869555e-01,-9.956880630699687096e-01,-8.929077048606096634e-01
-8.590469851666183709e-01,-9.104520172268240064e-01,-8.769733710447668029e-01
-9.371965242921765915e-01,-9.772975088713851122e-01,-8.946809866318941040e-01
-9.846343289114587449e-01,-8.455768163538375237e-01,-9.280869449986527409e-01
-8.796894090801702371e-01,-9.929062140701186978e-01,-8.273287033161627058e-01
-6.965808808049628320e-01,-9.793687635654638735e-01,-8.568435307257908917e-01
-8.761579977658782159e-01,-9.054682561467181090e-01,-9.531871194989760543e-01
-5.936250121821549097e-01,-9.503060195676580335e-01,-9.089699034025169322e-01
-9.424774509019375746e-01,-9.846997142679113635e-01,-9.207365492442463051e-01
-9.073204399036521872e-01,-8.688916745706816158e-01,-8.872891177735593438e-01
-9.145788298693812157e-01,-9.714847791255285525e-01,-8.733141246680128367e-01
-7.262753685542142623e-01,-9.218799021645041059e-01,-9.583356169112245970e-01
-9.296921528850580208e-01,-9.424950086736012533e-01,-8.866853725658417895e-01
-8.735617816691769733e-01,-9.750786344055243360e-01,-8.981626313838315667e-01
-9.525293951659378200e-01,-9.993390225846354724e-01,-8.573633829420754804e-01
-7.717693472135922494e-01,-8.752427474279959041e-01,-9.918962119159369095e-01
-7.487659965199202627e-01,-9.268873371659053229e-01,-9.011225257151939116e-01
-9.600063031427324978e-01,-9.672268109211686893e-01,-8.838275995785243033e-01
-7.123156244918336100e-01,-9.583414484272262390e-01,-8.149084484079336388e-01
-9.389470470065975904e-01,-9.606024411349498582e-01,-9.834460809004943460e-01
-9.867001279362350719e-01,-9.895442591731110626e-01,-9.114068876831845634e-01
-6.894306951364947977e-01,-9.574907336598490470e-01,-8.216444382480744268e-01
-6.999927288586199614e-01,-9.366931891714299629e-01,-8.166987685556610366e-01
-7.165708422895007423e-01,-8.853861360523195279e-01,-9.090666178148849585e-01
9.705042990828798288e-01,-9.782483891477754545e-01,-9.670752014129259111e-01
-8.727800636981257743e-01,-9.109338527122579077e-01,-9.087489218177172701e-01
-8.132242266468555636e-01,-9.991136643698662612e-01,-9.757983194753216960e-01
-9.840807426705100447e-01,-8.569336648366130404e-01,-8.501558061958386370e-01
-8.276690032961607768e-01,-8.150101207117850244e-01,-9.268837859437322191e-01
-7.343147070318117864e-01,-9.590941832122721333e-01,-8.645503657777307005e-01
-8.648399767069205879e-01,-8.254884436402851744e-01,-8.365858209184722227e-01
-9.964256709284808888e-01,-9.273831287534270995e-01,-8.586542074545685521e-01
-9.609022871353039008e-01,-9.534653069176936002e-01,-9.802370261962778386e-01
-5.065183612538680658e-01,-9.266473287660325076e-01,-8.903183965536921596e-01
-8.795182721201795228e-01,-9.659415165640972134e-01,-8.905265694481567795e-01
-9.655011334750974727e-01,-9.359782915876166953e-01,-9.187106906075690471e-01
-9.088264111382129418e-01,-9.282454621366077463e-01,-8.269486038214119983e-01
-8.842035123645586303e-01,-9.457883485071072460e-01,-9.852014853020941709e-01
-9.833318665677077686e-01,-9.111625644178745764e-01,-8.926236707796632031e-01
-5.951519612165522277e-01,-9.755298187167377177e-01,-8.882952055004122993e-01
-9.835433242542350740e-01,-9.083799151635609803e-01,-9.533899210760943266e-01
-8.500899489319334590e-01,-9.170457350143079722e-01,-8.865417100978252307e-01
9.475840844304105337e-01,-9.847494597401676986e-01,-9.283928008784620989e-01
-9.382889978356959704e-01,-8.995153812005678429e-01,-8.470395136169132089e-01
-8.269412958563120419e-01,-9.780000903345025254e-01,-9.301137131361110200e-01
-7.818816022184839065e-01,-9.017717268994014379e-01,-9.548933187971599956e-01
-7.769071000187685039e-01,-9.326161904643536227e-01,-9.253687506484127301e-01
-7.964038405924767083e-01,-8.311824472152914423e-01,-8.707888539508700232e-01
-8.128585313298783976e-01,-8.334029836156997550e-01,-9.820189327945428870e-01
-8.667605213123884544e-01,-9.253462754368324550e-01,-8.446112437840688214e-01
-7.857413198795524245e-01,-9.054166932009526381e-01,-9.263781306117775394e-01
-9.846985801936936067e-01,-9.283125176115212263e-01,-8.978329091135901496e-01
-8.335778634492285732e-01,-8.850635958184346341e-01,-9.607639980279261138e-01
-9.643789012849511844e-01,-9.884655084188427310e-01,-7.948489652607788614e-01
-9.171230528603980803e-01,-9.598199439682210121e-01,-8.288224685419299798e-01
-7.857257389143713633e-01,-8.730605014224135374e-01,-9.224041889995593380e-01
-8.167405005622752068e-01,-9.390339334287323148e-01,-9.622748024604621531e-01
-8.449025225367109426e-01,-9.391531539807644879e-01,-8.424117485333607602e-01
-8.262781808002761519e-01,-9.931224977243033880e-01,-9.428388039612050076e-01
-9.652691378151202484e-01,-8.859900403961500359e-01,-8.091381219270508129e-01
-9.344215446041411743e-01,-9.300839848664571585e-01,-9.417000314162116137e-01
-7.163123293193324193e-01,-9.218840470259241915e-01,-7.519690146033812805e-01
-8.819045205017935762e-01,-9.554617857279903426e-01,-8.465433260722186048e-01
-8.301290525009884513e-01,-9.882763612789181584e-01,-8.338741283574921948e-01
-7.935307867121946801e-01,-9.193412434693282176e-01,-9.043067267306033052e-01
-6.417239711937432478e-01,-9.674854476695143868e-01,-9.813003857643644023e-01
-7.112472937053404554e-01,-9.321311944068728650e-01,-9.898369010469125762e-01
-9.721157618180972237e-01,-9.402959187867274693e-01,-9.070098905234635911e-01
-9.689973111600085343e-01,-9.588726893823696917e-01,-8.741030626550406746e-01
-8.205635801853885525e-01,-9.687954539382632735e-01,-9.225639341639771951e-01
-7.563813699457359041e-01,-9.836415864451237834e-01,-9.058994992137674451e-01
-5.974759174937350759e-01,-8.544396496628952065e-01,-8.362258322715364622e-01
-8.677953437798267000e-01,-9.920771133531071095e-01,-8.314808957835174708e-01
-8.063066953225376254e-01,-9.892035833580012927e-01,-9.469997067489982490e-01
-8.135180022000235711e-01,-9.776000346016134879e-01,-8.269171535810890816e-01
-8.474146468660483933e-01,-9.970046973133224189e-01,-8.264701631874342702e-01
8.390948449435760015e-01,-9.406953928845366297e-01,-8.187323528434670150e-01
-8.777353916905530351e-01,-9.280576667046104289e-01,-9.991299908275090846e-01
-9.469760794847338348e-01,-9.881427820332066014e-01,-8.924191524462617986e-01
-9.810389587346115547e-01,-9.972773749136083499e-01,-8.616782014605672835e-01
-8.282367710121023574e-01,-8.454641028854825713e-01,-8.629991816514601677e-01
-8.691837127807212626e-01,-9.021999120604907718e-01,-9.205390870484742027e-01
-9.412858263044269203e-01,-9.068172453540812583e-01,-8.958871792875223727e-01
-9.454221857294072828e-01,-9.836789524113225269e-01,-9.400465998782980837e-01
-6.268177605011764353e-01,-9.754112239613587088e-01,-9.728396427316685635e-01
-9.110645814760506278e-01,-9.355453031463815128e-01,-9.693266799928168531e-01
-9.507177550191775461e-01,-9.419965331664111874e-01,-9.352331871704377964e-01
-9.369239670736091430e-01,-9.419545947747313130e-01,-8.923488504441610125e-01
-7.810612668354526278e-01,-9.731882161169010947e-01,-9.027307918296649802e-01
-8.431002205002057215e-01,-9.596981823392324307e-01,-8.256340660451834124e-01
-9.128150391987320811e-01,-9.238782591486541795e-01,-9.761671726356693224e-01
-9.139038915175335953e-01,-9.091881794379670367e-01,-9.429953132787232128e-01
-8.387372207552584724e-01,-9.834155652736702447e-01,-8.181975945399155847e-01
5.059232419662796909e-01,-9.931224977243033880e-01,-8.975704755066178375e-01
-8.998910643730027026e-01,-9.357156999872418002e-01,-9.900660682580514349e-01
-8.616472784113197170e-01,-9.864846466336609776e-01,-9.825245094201545681e-01
-9.026954335453823974e-01,-9.606459568094741774e-01,-8.817621712534049472e-01
-2.203634785712267896e-01,-9.948194243993838670e-01,-9.136255671853775739e-01
-9.255389187052587285e-01,-9.553525528996458238e-01,-9.517870127392398238e-01
-7.088853380323315578e-01,-9.580084472941786666e-01,-9.399312061478046765e-01
-8.118632682374733456e-01,-9.998592592929087530e-01,-9.030814475868279567e-01
-9.523655035999477603e-01,-8.729610717263467379e-01,-9.447922482289928814e-01
-8.153118331541897579e-01,-9.183427845996694483e-01,-9.254379032462299870e-01
-9.381087760728028524e-01,-9.434571992445280886e-01,-9.075580780190080077e-01
-9.805349787499166858e-01,-9.968396549560956110e-01,-9.372885118603080379e-01
-8.936454355175462716e-01,-9.418704921204003044e-01,-9.649506879517857350e-01
-7.038658908186317120e-01,-9.863553774241236027e-01,-9.461216164134188533e-01
-8.198291046648178426e-01,-9.409329279677329794e-01,-9.688073007860865671e-01
-8.926996992734443914e-01,-9.887966720939372900e-01,-8.661579866943667216e-01
-7.521679414242262718e-01,-9.048680691359098915e-01,-7.662336045923510142e-01
-4.764550403185263683e-01,-9.359148453238455012e-01,-9.225639341639771951e-01
-6.393959951184116086e-01,-9.429722103133417743e-01,-8.121230418682817698e-01
-7.779717076762702188e-01,-9.620676968121352202e-01,-7.884169650286882991e-01
-9.460689378603307498e-01,-9.617204782523395279e-01,-9.429953132787232128e-01
-8.067310199923944936e-01,-8.623946917175818738e-01,-9.769557299251385718e-01
-7.542646999470415947e-01,-9.698462127692737411e-01,-9.885275889335530808e-01
-9.653614278283551009e-01,-9.697613689650351754e-01,-9.559716245245226673e-01
3.370396093770878787e-01,-9.577879737747895250e-01,-8.871370035302263979e-01
-6.779362115678089218e-01,-9.417195046071371589e-01,-9.429124367633062720e-01
-9.112826587500068021e-01,-9.397961070081450874e-01,-9.185797241534885416e-01
-8.177857891834390269e-01,-9.882083566817259079e-01,-8.769298286151763211e-01
-9.983698992479069778e-01,-9.714344166014488025e-01,-9.229152722595391767e-01
-6.488751700502077835e-01,-9.590291485113517922e-01,-9.137929230100627631e-01
-9.666881280143655442e-01,-9.800105503938234541e-01,-7.672519003042063135e-01
-9.783037806955540150e-01,-9.503835405384095658e-01,-9.577669843526328552e-01
-7.826232919376808761e-01,-9.488885787931884419e-01,-9.068932780877280164e-01
-8.740070569136233480e-01,-9.814416923757677269e-01,-8.449810604870324759e-01
-9.487698547744976008e-01,-9.768516113771397169e-01,-9.467065869281420243e-01
-6.152692570728669486e-01,-8.090567950826260679e-01,-8.789899500932347731e-01
-7.846385936047558518e-01,-9.021496339893438909e-01,-7.356355691641736083e-01
-9.638610227395427721e-01,-9.058440925439877889e-01,-9.401984208768525697e-01
-8.801664626003906644e-01,-9.369292826299614463e-01,-9.129333770906579160e-01
-7.587674250841091039e-01,-8.892395349563091411e-01,-9.087776101925810757e-01
-6.841201093341586770e-01,-9.915190306632597483e-01,-9.205985373346380340e-01
-7.716220659791085401e-01,-9.209008928883444245e-01,-9.865721476013912250e-01
-9.554038977079516437e-01,-9.879011898556959714e-01,-8.709605733635672475e-01
-8.956606049554987070e-01,-8.206333928105771225e-01,-9.101761857633804409e-01
-9.523302009265514068e-01,-9.486633284846104353e-01,-8.923318466066867405e-01
-8.880917788838305071e-01,-9.696071247040565222e-01,-9.809792569420533459e-01
-3.231569933675736972e-01,-9.438319035860276429e-01,-9.405212033012957384e-01
-7.542056338073821475e-01,-9.304478528207750232e-01,-9.127324235870216684e-01
-7.565685382170563855e-01,-9.478762566142107104e-01,-9.084180638521119899e-01
9.673340970219151957e-01,-9.566662588916894361e-01,-9.880622898367324991e-01
-9.400013143566050555e-01,-8.909805447640084530e-01,-8.670605031505600468e-01
-6.864658042801310422e-01,-9.129184085339639987e-01,-7.516697345308888112e-01
-5.974808887156780601e-01,-9.337695680861678449e-01,-8.317605584075542513e-01
-9.123262607162547777e-01,-9.696078152840664766e-01,-9.902631308454558079e-01
-9.448319983843931347e-01,-9.203083767679648419e-01,-8.534441281082894015e-01
-9.438731089997215440e-01,-9.371166275929776468e-01,-9.616542894144213260e-01
-9.804643657423708358e-01,-9.376393183201334747e-01,-9.949136199552400806e-01
-9.629368996890265153e-01,-9.862115818600182271e-01,-8.585894712821087182e-01
-7.526209764152769210e-01,-9.321042924712383826e-01,-8.411757092179477091e-01
-9.474426761504559646e-01,-9.913984798638300067e-01,-8.322560261542166771e-01
-9.501906537825222099e-01,-9.505115636075046615e-01,-9.803211846304799026e-01
-7.900293267597597868e-01,-9.062374449573085133e-01,-8.855055160766669431e-01
6.618209927066740494e-01,-9.958366128074710444e-01,-9.627056937018878546e-01
-5.232845069069629318e-01,-8.487571083146216999e-01,-9.084983080990428617e-01
-9.925262217183318247e-01,-9.706348280872274525e-01,-7.960454014686922930e-01
-9.884943752111018389e-01,-8.433333047855271491e-01,-8.912861342062183834e-01
-9.829080987077171150e-01,-9.744236149619782683e-01,-8.968681242881655358e-01
-9.840686428765631488e-01,-8.943655247377557682e-01,-8.747856264683891991e-01
-7.188863064938842973e-01,-9.707657129016260544e-01,-7.734963847251570268e-01
-8.906835842338035603e-01,-8.875460483141308643e-01,-9.887631763253995620e-01
-9.960857965475301556e-01,-9.616235664751847656e-01,-9.538206815595173804e-01
-9.497448972038619042e-01,-9.652851065115101159e-01,-8.960488012834191274e-01
-9.715353928354969471e-01,-9.762837984547533265e-01,-9.588518458007209144e-01
-7.432181700955416970e-01,-8.877831727196554557e-01,-8.800880418148763207e-01
-3.972050469207212275e-01,-9.430127299115784734e-01,-9.064359167915526649e-01
-9.085146727738666605e-01,-9.431813394559285246e-01,-9.197708158676841661e-01
-6.552386019691130992e-01,-9.030056239081190039e-01,-8.643603953777497795e-01
-6.615436187369285737e-01,-9.334480450655011641e-01,-8.613530843501620016e-01
-9.457554005729335023e-01,-9.244900405169930169e-01,-8.681733095322931026e-01
-7.892512091485697212e-01,-9.183427845996694483e-01,-8.849775333301259650e-01
-7.582811398100037792e-01,-9.536590570258929311e-01,-9.028622625281997882e-01
-5.914899824409894924e-01,-9.755643978573673714e-01,-9.177765620583302475e-01
-7.693199551330380803e-01,-9.579354319213503333e-01,-8.271813622103878494e-01
-8.610750873477769352e-01,-8.979596683824579983e-01,-8.267453318584523370e-01
-7.648674570287032903e-01,-9.637379371895168356e-01,-8.954133629163074648e-01
-9.423693454298444072e-01,-9.883832291461756014e-01,-9.316011264968527827e-01
-9.578001880749684727e-01,-9.656117736532350282e-01,-8.930795906264813455e-01
-6.374976688754353527e-01,-9.552730259285673320e-01,-8.573633829420754804e-01
-7.353575253965473069e-01,-8.593629522754555605e-01,-9.331103450855537940e-01
-8.766512167654285648e-01,-9.438752689183443900e-01,-8.231254325927913618e-01
-9.237206401833953917e-01,-9.407046640345345656e-01,-8.374270675550208320e-01
-9.221604190857919381e-01,-9.975281887028437655e-01,-8.369399465193789744e-01
-9.089999750473751750e-01,-9.248836140814052920e-01,-9.002799701709863767e-01
-8.847655420378125468e-01,-9.096992471349522047e-01,-8.745701600050213020e-01
-6.124400537014430546e-01,-9.437390737239305105e-01,-9.815338376983360202e-01
-9.700572145575774297e-01,-9.368754088595816487e-01,-8.582226453651933262e-01
-8.186688145876995781e-01,-9.535169342519704827e-01,-8.985390074827257489e-01
-6.203192995114221731e-01,-9.509132151550285794e-01,-9.289658163994657381e-01
-6.269753422257489106e-01,-9.148181059905875490e-01,-9.989189648020114776e-01
-6.492652382601926675e-01,-9.226744708324339239e-01,-9.983448443880803547e-01
-9.384271604804071965e-01,-9.311127902176885573e-01,-8.662362928395911377e-01
-7.150256956155144339e-01,-9.707705238484946042e-01,-8.638255024605373533e-01
-9.029549420524165537e-01,-9.268288684173990877e-01,-8.578880412016315349e-01
-9.678255046297972175e-01,-8.787891489637172926e-01,-8.740971271277306887e-01
-9.235500725720007242e-01,-8.968257281483688059e-01,-8.551530203879156300e-01
-4.468814710621067388e-01,-9.753178675097616823e-01,-9.246687457680051736e-01
-9.668173932655454994e-01,-9.054882562642817545e-01,-8.625927608177614836e-01
-7.310979715689440717e-01,-9.679148228605692905e-01,-9.029290308416981770e-01
-9.001836216276000169e-01,-8.450263237638375724e-01,-9.263675658755960995e-01
-8.776652799721390563e-01,-8.858639762189817191e-01,-9.202894734156653600e-01
-4.011133131164460464e-01,-9.400494966647076067e-01,-9.043362059407631381e-01
-7.949987527970948653e-01,-9.751984226519734289e-01,-8.168403409740319088e-01
-9.800285110849624726e-01,-9.787453466931893553e-01,-8.534436198580761523e-01
-9.237885305608061204e-01,-9.954974123159748833e-01,-8.736493849176116822e-01
-7.491932417156648150e-01,-9.474224110045068592e-01,-9.447141337532659611e-01
-8.382509398106418042e-01,-9.331903077166299187e-01,-9.836789524113225269e-01
-7.674074226457154868e-01,-9.423863200241071603e-01,-8.792600768792212529e-01
-8.658127297701935232e-01,-9.199132082159817703e-01,-8.588753935162861675e-01
-7.250887803151759847e-01,-9.577079385245009790e-01,-9.022297271486153791e-01
-6.166260847913815901e-01,-9.506570727241951957e-01,-9.780638690871364949e-01
-8.944670737271086525e-01,-9.535878762271999820e-01,-9.399148238980474801e-01
-9.194068437153719575e-01,-9.062648432845700208e-01,-8.672976756271147947e-01
-6.893139700917739754e-01,-8.688784429359928119e-01,-8.561513813353660574e-01
-8.088831124530836414e-01,-9.954076869628418756e-01,-9.772727747500958850e-01
-9.805464686269586005e-01,-9.029751203424313255e-01,-9.464652131503197285e-01
-9.568013428084778393e-01,-9.284967440164019203e-01,-8.285126526461917829e-01
-9.562329674042139294e-01,-9.744121595529001700e-01,-9.535629433703106672e-01
-9.630920200384113228e-01,-9.127178340098258680e-01,-9.101906488807605111e-01
-6.614983240062639602e-01,-9.955428719186014686e-01,-9.414853710063375569e-01
-7.726856348492259219e-01,-9.745109137127642152e-01,-9.425977804319103370e-01
-9.341780933399081999e-01,-9.437728336438547805e-01,-8.520415456168211055e-01
-6.501496288678648705e-01,-9.718457143259557895e-01,-8.713845263360038285e-01
-8.753956064976774476e-01,-9.457731906834357938e-01,-8.942461001650889862e-01
6.483400942197481420e-01,-9.530330930269537149e-01,-9.503473117533329795e-01
-9.444195219520985507e-01,-9.083519843335485788e-01,-9.678820987586976843e-01
-8.998001622423312806e-01,-9.660791272268225427e-01,-9.523076129924901156e-01
3.875610610106250964e-01,-9.894289675535156148e-01,-8.851738155003656683e-01
-8.638428052105248112e-01,-8.874267541776719170e-01,-8.223718225568249496e-01
-7.138351615652982485e-01,-9.918417187414875213e-01,-8.896790453224642237e-01
-6.829774464539718482e-01,-9.558167580542661357e-01,-9.497068190935471499e-01
-4.266555542624334008e-01,-8.998370038954450756e-01,-9.678469388554558073e-01
-9.488010428576043598e-01,-9.163782886686780982e-01,-8.771455588704365480e-01
-7.565107173130366514e-01,-8.473773958457634370e-01,-9.682396991379057516e-01
-9.713841569031665957e-01,-9.478984939711809776e-01,-9.204131906504100513e-01
-8.855513924043111329e-01,-9.069640014205224698e-01,-8.481320360252051493e-01
-8.246897054841807462e-01,-8.310832465728442697e-01,-9.072252003668437315e-01
-9.690708776789721535e-01,-9.286956060969094873e-01,-8.163034592350020269e-01
8.202587982675576539e-01,-9.259868606928918222e-01,-9.857529218311361641e-01
-8.272775627047546099e-01,-9.828594839947289996e-01,-9.572763488954759703e-01
-7.785993724932606108e-01,-9.331303354212543422e-01,-9.140948878345523942e-01
-6.522204854400952545e-01,-9.564267896345839404e-01,-8.905265694481567795e-01
-8.334172072041440282e-01,-9.578725473219595887e-01,-8.669428260915794660e-01
-9.997836884091431120e-01,-8.957889652883472831e-01,-9.045506515430280503e-01
-8.789468707351228982e-01,-9.133846012554672766e-01,-9.027486327074524253e-01
-9.590125981182137105e-01,-9.780609388696043238e-01,-8.764058819280278190e-01
-8.716078322535052436e-01,-8.078576854988603895e-01,-9.368230256022094249e-01
9.697643119580138249e-01,-9.126345241811256725e-01,-8.303688641612880783e-01
-8.143904907717701702e-01,-9.857147725026973450e-01,-7.894187512118516770e-01
-8.429066494991317438e-01,-9.775982612149970441e-01,-9.473876313211280209e-01
-8.712133444655606462e-01,-9.973269993763804742e-01,-7.102650989352290445e-01
-5.904331608083740468e-01,-9.610458748639743032e-01,-8.433124167030230378e-01
-6.374418026370609613e-01,-9.274522267544613729e-01,-9.444812629389531811e-01
-7.006886699996168755e-01,-8.896877651848712487e-01,-9.366052891281992920e-01
-8.759711520738844293e-01,-8.738625769300949475e-01,-8.911575842265342384e-01
-6.427991061248413684e-01,-9.731947153362680014e-01,-8.941583516220864558e-01
-7.687388952621209137e-01,-8.796198096263913024e-01,-9.976295411795456092e-01
-8.529782570932761265e-01,-9.285474581520465343e-01,-9.531820560863158986e-01
-9.427483321605362176e-01,-9.480050880359998100e-01,-9.868699627809495167e-01
-6.496417125910151080e-01,-9.826212142833208318e-01,-9.749941352021422869e-01
-8.218314101021668705e-01,-9.597511910591841611e-01,-9.273860435242849976e-01
-8.185467166012124762e-01,-9.781387223515555229e-01,-9.333522485472687258e-01
-8.194409192373907080e-01,-8.607535125398825260e-01,-9.823402331332087289e-01
-6.765160597472662518e-01,-9.523315479648430948e-01,-9.341020674067553875e-01
-9.790891537342629736e-01,-9.809089234891374964e-01,-7.468987136290246021e-01
-9.406688784946173332e-01,-9.285779493741894708e-01,-8.638255024605373533e-01
-5.263138125662111255e-01,-9.733660428221947436e-01,-9.572980992516660903e-01
-8.417594778598732619e-01,-9.475395566011820536e-01,-8.120754463618103935e-01
-8.712651541414833112e-01,-8.438820668241013845e-01,-8.499792146766312895e-01
-7.893595190172081333e-01,-9.986437538694168392e-01,-8.613995959296310012e-01
-6.107798710085668992e-01,-9.361189020440345843e-01,-8.615793991256618378e-01
-9.968313384047816639e-01,-9.820341001135102221e-01,-9.518500710428259293e-01
-9.017171254575614414e-01,-9.905711190212117545e-01,-9.396426128296749836e-01
-6.350410378342370432e-01,-9.254354881922337572e-01,-9.886002895312404615e-01
-8.662708868760455871e-01,-9.708456256782689309e-01,-9.654855218587065080e-01
-9.758478991280828962e-01,-9.581118756648955292e-01,-8.608884481304923675e-01
-9.287059448303753850e-01,-9.369291972520511491e-01,-8.625302234772748156e-01
-8.485708526236972471e-01,-9.002310525260446283e-01,-8.925057184276011801e-01
-9.977249656281358403e-01,-8.751298246174656903e-01,-9.403654038841184892e-01
-6.719047570724426821e-01,-9.962687073704953322e-01,-8.342697738159566834e-01
-8.454291117607707351e-01,-9.369291972520511491e-01,-8.552534599202967769e-01
-7.696325355580478922e-01,-9.330797577254361652e-01,-9.349870670814317553e-01
-7.351641956209900020e-01,-9.908773451680313871e-01,-9.551693215131731307e-01
-5.534928036764202863e-01,-9.534114585171886702e-01,-8.863396093756823468e-01
-7.786693060200073901e-01,-9.717412575357753379e-01,-9.420968163679458440e-01
-8.971712850839448361e-01,-9.438646908108696554e-01,-9.390167256186238154e-01
-8.637140798200587666e-01,-9.811549204596692331e-01,-9.979786275765526460e-01
-5.371998576896941380e-01,-9.500964123928981042e-01,-9.153559671983604318e-01
-6.884824075384732289e-01,-9.662947751682314790e-01,-9.381530348421861509e-01
-7.091823088485914584e-01,-9.875270985672397472e-01,-9.439956366234792950e-01
-7.119836128722646373e-01,-9.535907225968639489e-01,-8.795971259560243505e-01
-8.553142211324172850e-01,-9.402327418219592614e-01,-9.126328214796550764e-01
-9.944463710591781025e-01,-8.680661801674870448e-01,-9.246202022045504343e-01
-8.727629498224414029e-01,-9.611154029383959241e-01,-8.507358138236336131e-01
-9.519577115265236422e-01,-9.583283871200154458e-01,-9.016598237542216010e-01
-9.549573719079250678e-01,-9.171378281779283270e-01,-9.716599020959018063e-01
-8.488957722689041141e-01,-8.780689534656852535e-01,-8.916881019365014982e-01
-5.140283246268118056e-01,-9.136519833549525682e-01,-8.318501348661763162e-01
-9.085442952578267617e-01,-9.833388421311042293e-01,-8.091646857761594092e-01
-9.562052881246789759e-01,-9.805701575683616333e-01,-9.199679167217977849e-01
-7.106633739602291611e-01,-9.799588481205218082e-01,-9.115014731398912717e-01
-4.498280812298257603e-01,-9.326962082157591594e-01,-9.161670774756383029e-01
-8.400243597263302719e-01,-9.629659410981770140e-01,-8.952797785297785804e-01
-7.405957938620486569e-01,-9.644534598714613605e-01,-9.445436722918508776e-01
-8.387576554549723840e-01,-9.517909998468019328e-01,-9.170457350143079722e-01
-9.519507279077474848e-01,-9.671415762222919099e-01,-9.885778322194743728e-01
-9.400450196835494765e-01,-9.922241152639001971e-01,-8.873267127319397485e-01
-7.742516836389335966e-01,-9.879646533599768521e-01,-8.767793998579334058e-01
-8.193579490971260038e-01,-9.720318318368803556e-01,-8.117465342869433220e-01
-7.237371334531584877e-01,-9.044339062413279118e-01,-8.617586649665733844e-01
-6.864971566675445169e-01,-9.401690970245606405e-01,-8.778374536399283778e-01
-9.414851669844775950e-01,-9.748417434872557186e-01,-8.321151470127062799e-01
-4.557839835879202717e-01,-9.160307331957023846e-01,-9.411438759139818533e-01
-8.456014152185401533e-01,-9.198806953420535226e-01,-7.694112320395997129e-01
-8.278667040346535666e-01,-9.454835229623951287e-01,-8.642994739089108203e-01
-6.104953987114104530e-01,-9.861878838520521384e-01,-9.876144478840878094e-01
-8.468025766469925442e-01,-9.545396978656720544e-01,-8.793456986595882263e-01
-6.520075972335299674e-01,-9.627400996103565589e-01,-8.036128373248203616e-01
-8.663389792979494519e-01,-9.793663325976910139e-01,-8.239914242166246350e-01
-8.284686156827427705e-01,-9.769779495865814622e-01,-8.407280197937669897e-01
-7.682463737485089039e-01,-9.554170415287034368e-01,-9.298863106672212719e-01
-7.962990396149896011e-01,-9.211663572383063103e-01,-9.215158566984072985e-01
-7.310341366917877393e-01,-9.860408053515200555e-01,-8.716193422361752097e-01
-8.546150638668580379e-01,-9.033921680407225319e-01,-8.981277627853452294e-01
-9.932678581358017622e-01,-8.531260570177507940e-01,-9.286275675045576605e-01
-9.485700849109975907e-01,-9.385710282702042218e-01,-9.415489632452993529e-01
-8.975121600039009939e-01,-9.476884646148859837e-01,-8.186302599423930237e-01
-9.105357889135525795e-01,-9.665778531438853349e-01,-8.687412765773462331e-01
-9.707289442302334814e-01,-9.921857461860904559e-01,-9.474121736733777110e-01
-7.543459533953200680e-01,-9.323449579463477521e-01,-8.998959498615393127e-01
-8.024746009185147466e-01,-9.585424551878409805e-01,-8.599681101441358777e-01
-9.403945198029929342e-01,-9.285474581520465343e-01,-7.569104301530846790e-01
-7.606975862360261242e-01,-9.518761406499869349e-01,-8.284782117205307106e-01
-9.505817963713590890e-01,-9.482565049925955059e-01,-8.774466238888871672e-01
-7.792086994716032056e-01,-9.785236064891044139e-01,-8.765716114799899650e-01
-9.053619728456552274e-01,-9.728085889968051125e-01,-9.205551297643841391e-01
-9.537064249078253120e-01,-8.924489178132086753e-01,-9.380064742382930865e-01
-9.218906887465944111e-01,-9.324465323157795638e-01,-8.930637590496133260e-01
-6.801804418058611246e-01,-9.519108938416778187e-01,-8.653696673637170100e-01
-6.427958100829408439e-01,-9.096992471349522047e-01,-8.396594246542761208e-01
-8.708439709208934953e-01,-9.372174988634746073e-01,-9.942382838513953436e-01
-8.042696642747213520e-01,-9.441707995588013436e-01,-9.446517299731818085e-01
-5.186634702783018414e-01,-8.992255705220077999e-01,-8.692873349162374419e-01
-9.747318808356199016e-01,-8.523344590532546672e-01,-8.366489505908938362e-01
-9.033072963621163742e-01,-9.898514152941013666e-01,-9.520636702513280980e-01
-8.161037355871545440e-01,-9.525106330987798131e-01,-9.083642833911321768e-01
-9.686486039802001402e-01,-9.276263458805071860e-01,-8.143776408154351776e-01
-9.252522067660668981e-01,-8.863873803209251223e-01,-8.616089073057233705e-01
-8.400482985769028854e-01,-9.248792993547914065e-01,-8.664095728741401103e-01
-7.959253399132999451e-01,-9.214369657285168547e-01,-7.877180807941079888e-01
-9.619456420541481201e-01,-9.825525445040034223e-01,-8.933952610414206408e-01
-9.757440731599911210e-01,-9.869580217086186824e-01,-7.934461835188677536e-01
-8.032135997242575431e-01,-9.949072698969574358e-01,-8.766431096405372658e-01
-8.762529328997296085e-01,-9.956026927875216703e-01,-8.562600318864266313e-01
-9.836497031334600072e-01,-9.972574931455607805e-01,-9.590646097599975217e-01
-5.724977922297562749e-01,-9.644796885464256286e-01,-7.893384145951511943e-01
-9.789981294679357404e-01,-9.567538166222568918e-01,-8.618622652466749745e-01
-5.347750237020160169e-01,-9.801085573616079571e-01,-8.019349858621007687e-01
-9.378466228728045140e-01,-8.765649385655457371e-01,-9.873046729316958814e-01
-4.980449102071816680e-01,-9.200089207049639839e-01,-9.277517279834059938e-01
-9.083378266960118186e-01,-9.126572980265595936e-01,-9.353950071083658724e-01
-6.123150454581754998e-01,-9.939825046578854018e-01,-9.615609901611557042e-01
-8.845924297825714655e-01,-9.632953346534364192e-01,-7.989668586188576338e-01
-7.978273857341291464e-01,-9.433911346770776918e-01,-9.484471821429290017e-01
-9.845928516042067313e-01,-9.261364060029335654e-01,-8.762562633425446945e-01
-8.620510431380546956e-01,-9.213622029283432546e-01,-8.730017365540095886e-01
-6.769002123427727557e-01,-8.688137506542579214e-01,-8.920754864753728253e-01
-8.131377659340749409e-01,-9.973747544063302772e-01,-8.944634679756608975e-01
-4.969441124921744057e-01,-9.601977298879030842e-01,-9.060452184301601708e-01
9.589396780532728481e-01,-9.904949406298863002e-01,-9.893227818715873978e-01
-8.142592090381740588e-01,-9.618353595725118721e-01,-9.364609253546620771e-01
-6.822487451824670313e-01,-8.687852350117023503e-01,-9.266816729538305264e-01
-8.451880364737236473e-01,-9.783596149835481759e-01,-8.537150764481213905e-01
-7.661447577856416169e-01,-9.349471069948336321e-01,-8.743218526709923832e-01
-9.898242074061357476e-01,-9.189045180724668693e-01,-8.287678064289307756e-01
-7.250427226943301218e-01,-9.391459455907895659e-01,-9.267161203650418067e-01
-9.154830849246496927e-01,-9.608503480993182411e-01,-8.968341795988162835e-01
-6.820048333796525641e-01,-9.935761993216355448e-01,-8.658094017752399063e-01
-8.377177295256121869e-01,-9.896142972237611524e-01,-9.285837501451452702e-01
-8.321632504378632111e-01,-9.808127561966054619e-01,-9.094529345723318947e-01
-9.017328663659331944e-01,-9.546048276832823642e-01,-9.976569972238137352e-01
-8.718237164806984518e-01,-9.292632786811226842e-01,-8.128894399192623244e-01
-9.664069216854264122e-01,-9.527873499560817194e-01,-9.083519843335485788e-01
-8.223303137078104008e-01,-9.919355832497500636e-01,-8.678416401992903317e-01
-8.907623688062388245e-01,-9.745933277773016767e-01,-8.782132993263639387e-01
-9.762775295130294850e-01,-8.954546253185859950e-01,-8.921099663798621737e-01
-8.445015117335428201e-01,-9.354565244742195640e-01,-9.001508198875448619e-01
-6.275114857378180089e-01,-9.052516219169786105e-01,-8.302461089595924992e-01
-4.166436372211299588e-01,-9.432725735266639377e-01,-7.924476684280525873e-01
-8.284637756799897446e-01,-9.180019173152969003e-01,-9.292632786811226842e-01
-7.764823111817755752e-01,-9.904094020235346685e-01,-9.682839415101373026e-01
-6.048028447883042613e-01,-8.719463387847476987e-01,-8.912053727807451864e-01
-7.600561410851681687e-01,-9.645228835414795254e-01,-8.924428214411304072e-01
-9.889421854693472014e-01,-9.697430382623153378e-01,-9.429450048672002316e-01
-7.552217757475787607e-01,-8.983691855946625004e-01,-9.291645759523502468e-01
-9.744762359243028804e-01,-9.478786360928378452e-01,-9.356420516110383057e-01
-9.236248130605169138e-01,-9.685420614422037833e-01,-8.800414900006683361e-01
-8.699779092355890420e-01,-9.934738637880476952e-01,-9.691827084551321025e-01
8.452597180123808673e-01,-9.310477068484884766e-01,-9.346321607326062431e-01
-9.400767123168439765e-01,-8.777297562839282419e-01,-9.971349938683647940e-01
-5.776121042576364273e-01,-8.980475452115501689e-01,-8.951290998319693104e-01
-3.705089331423929155e-01,-9.361815322056176170e-01,-8.372821567570933876e-01
-9.071103431491155389e-01,-9.291274049385922496e-01,-8.326834076081515157e-01
-7.954790030095837405e-01,-9.738392314583144138e-01,-8.638780188304600038e-01
-2.338816480451274826e-01,-9.601960959238099447e-01,-9.742282185378849935e-01
-6.896531263185250449e-01,-9.117896943663497122e-01,-9.460742236130735838e-01
-7.933141833379245833e-01,-8.895779788988862347e-01,-8.072383444106299155e-01
-5.551264066446994772e-01,-8.661730181229198022e-01,-8.368408797547011169e-01
-9.532916371063976380e-01,-9.837131093666966475e-01,-8.840854329704670445e-01
-8.819109922032175586e-01,-7.961832460254900656e-01,-8.973171520524264588e-01
-8.390574902149576797e-01,-9.817090667356025424e-01,-9.193667772192506416e-01
-8.862630628530672183e-01,-9.056882316779170106e-01,-8.306557044130939982e-01
-8.361040278578456553e-01,-8.658070704005502716e-01,-9.216821938952287629e-01
-5.518843571993984343e-01,-8.934485806843553979e-01,-9.608579939478683052e-01
-8.393711004833604994e-01,-9.647090837869616298e-01,-9.098220933893432782e-01
-9.648545708829440182e-01,-9.565631114467693097e-01,-9.410060612992769968e-01
-9.396113433154923422e-01,-9.548167157292075657e-01,-8.987925074223819255e-01
-5.548142997612360849e-01,-9.148753185489204576e-01,-8.860518715838052728e-01
-6.138236374634705728e-01,-9.659406031076361865e-01,-8.583003910947316628e-01
-8.423315230640131546e-01,-9.137467291893576204e-01,-9.200155483577756588e-01
-9.111757954068605558e-01,-9.813234827055739018e-01,-8.454641028854825713e-01
-8.743798584468759350e-01,-9.067515633900241623e-01,-9.493457460196847997e-01
-8.804574430421091558e-01,-8.718945337374393034e-01,-9.679428687671220999e-01
-6.481993090862655515e-01,-8.987925074223819255e-01,-9.313659699195468988e-01
-9.773640800227720860e-01,-8.674983676829991497e-01,-9.364046139690888060e-01
-9.988799316014872476e-01,-8.948261019119125859e-01,-8.109981739884374319e-01
-7.683926427901155431e-01,-9.507173434467778295e-01,-8.947939409405584188e-01
-9.890788467935338613e-01,-9.596435728450029012e-01,-9.308225740103659440e-01
-7.186863742105799036e-01,-8.676774347968415624e-01,-8.883806343973831288e-01
-8.447731318900406627e-01,-8.322354247402000693e-01,-9.288875999785131121e-01
-9.784935047603012803e-01,-9.113808194490615744e-01,-9.215158566984072985e-01
-9.245890748876562926e-01,-9.204733499507034011e-01,-9.180386779043462342e-01
-8.977840887928353331e-01,-8.487393143067871737e-01,-9.048525582147933788e-01
-7.603283038942170169e-01,-9.831168125571556615e-01,-9.873070734308883045e-01
-6.706605684316860883e-01,-9.637945338460892630e-01,-9.734026777542693631e-01
-9.755127844948044968e-01,-9.976363688894648307e-01,-8.334155696173980443e-01
-8.871408452255562516e-01,-9.099482358350009514e-01,-9.183588712408273791e-01
-8.605722998041082095e-01,-8.827587437921563529e-01,-9.119023400770982501e-01
-6.292882885656048142e-01,-9.262923717576188043e-01,-9.262659827544491575e-01
-8.808935137049345165e-01,-8.855775932303471265e-01,-9.202894734156653600e-01
-9.652460083085987463e-01,-8.722022633981907358e-01,-9.076245204659015853e-01
-3.635193238446405850e-01,-9.068511883291585640e-01,-8.635982524959807671e-01
-7.860704906892549415e-01,-8.789103742229571470e-01,-9.545329588883636474e-01
-6.122051298664208385e-01,-8.195152312375429959e-01,-9.492354237142474060e-01
-9.761245681566044219e-01,-9.672909709991927008e-01,-9.609282225296632562e-01
-8.101517968580113083e-01,-9.990015020744085206e-01,-8.989932028340570369e-01
-9.826012602360811865e-01,-9.765330011477433292e-01,-7.940359750943319916e-01
-8.182642468728691387e-01,-9.147366978551549899e-01,-8.550599067731928793e-01
-9.346822034061534890e-01,-9.938593608369837851e-01,-9.622724104482962559e-01
-8.816480938060192729e-01,-9.906535322155356482e-01,-9.514235620872373289e-01
-9.198111582355253946e-01,-9.848573730436065432e-01,-8.640272371448356470e-01
9.873371493179738945e-01,-9.856004003238597599e-01,-9.538560239247113604e-01
-9.006439114543027813e-01,-9.350758817524126298e-01,-9.392970228057098137e-01
-7.883662148752536014e-01,-9.130459689363439324e-01,-8.634185701104499788e-01
-8.494510254509931579e-01,-9.412462834239875287e-01,-9.075488265686530998e-01
-9.051795295635597371e-01,-9.815700200647231588e-01,-9.643002900777377651e-01
-9.483380664391839465e-01,-9.749098304021356354e-01,-8.430973479793965053e-01
8.401411365154448641e-01,-8.531411906540533607e-01,-8.632142553278169261e-01
-9.324749444543458665e-01,-8.696455691189945991e-01,-9.091486051712477368e-01
-8.846386605033608186e-01,-9.465846579330586819e-01,-9.590777664400300662e-01
-9.774269766933878500e-01,-9.857836588477639772e-01,-8.197853438908215828e-01
-9.342438219679869427e-01,-9.577665882046619839e-01,-8.850427993776208702e-01
-7.949989092874708563e-01,-9.868888593062736803e-01,-9.510261341587624706e-01
7.005989537380201693e-01,-9.717617573701704536e-01,-8.046112544746745199e-01
-8.388409722861045470e-01,-9.506385353516536574e-01,-8.903786562144947458e-01
-8.857574775636727349e-01,-9.999858706940620845e-01,-8.716149085132015584e-01
-9.341909755835628992e-01,-9.537826085420506583e-01,-9.369216104594757510e-01
-9.558105256394394678e-01,-9.599894057448081774e-01,-8.716715826578510518e-01
-8.560427180427508942e-01,-8.073798099752421686e-01,-7.939581621217478569e-01
-8.306616559834130165e-01,-9.108043040811965030e-01,-9.005801283903237531e-01
-9.897018575241912641e-01,-9.618754699807224862e-01,-9.737994214260999870e-01
-9.265575418375729955e-01,-9.815521575871862803e-01,-8.379265188908044948e-01
-7.844806936649694196e-01,-9.888105214241621477e-01,-8.747533006689577340e-01
-9.156662136025890408e-01,-9.544953484806919519e-01,-8.646666162991966109e-01
-8.340339785353587665e-01,-9.113680314612589983e-01,-8.820498435061194797e-01
-5.373104410172037104e-01,-9.701422943274506938e-01,-9.264738235292779844e-01
-9.007837681921706530e-01,-9.217941783551353296e-01,-9.524589979590518674e-01
-9.838462618267856952e-01,-9.773411827074641733e-01,-8.721687981985298821e-01
-9.688383881506364981e-01,-9.469324392624773878e-01,-8.375941427682591645e-01
-9.691850401353612199e-01,-9.488099884225785763e-01,-9.763332593425992911e-01
-7.037055599082705504e-01,-8.975178382294509705e-01,-9.608077136276794716e-01
-7.030826401520062774e-01,-9.736502944386721259e-01,-8.452190298148499759e-01
-7.611095640128483497e-01,-9.868612016606166382e-01,-9.254753656666477868e-01
-8.683962575655116423e-01,-9.984181655644217557e-01,-9.762138767174968201e-01
-7.497490825921402369e-01,-9.627970397472527253e-01,-9.453352271096039372e-01
-9.167913797195968995e-01,-9.546048276832823642e-01,-8.946029110561017905e-01
-8.184721892087506445e-01,-9.129439881319274530e-01,-9.461205614625540772e-01
-9.457988954167002582e-01,-9.882490600217920251e-01,-8.077263880617558955e-01
-9.622133360587475925e-01,-9.635675028741784720e-01,-7.439460687786695336e-01
-9.919955833092723996e-01,-9.690261346249876562e-01,-7.047583471333666028e-01
-9.988351156823352950e-01,-9.581224529614534857e-01,-8.304287992744621150e-01
-6.433426497042422643e-01,-9.356420095422682826e-01,-9.037315487775405831e-01
-8.794526583168994494e-01,-9.779673801745938366e-01,-9.199579375627094935e-01
-8.432020756515709037e-01,-9.910288106027399513e-01,-9.814607837650927147e-01
-9.846496062722496223e-01,-9.609425788544020408e-01,-8.199266816412844605e-01
-7.577331888649574410e-01,-9.805276386180619141e-01,-8.816171578495526351e-01
-7.611437372354524777e-01,-9.753235886847734237e-01,-8.585114550034984582e-01
-6.964616951047006843e-01,-9.577636306141182887e-01,-9.827988809370850065e-01
-7.798798529448882633e-01,-8.925517585196692805e-01,-9.307894696235387011e-01
-6.555270847052852012e-01,-9.433294322551717404e-01,-9.400294526753897317e-01
-8.840090530733509810e-01,-9.406305386811545377e-01,-9.759627864789875984e-01
-8.852268681769891456e-01,-9.927272960309930783e-01,-9.937324463123964335e-01
-7.122996400060224165e-01,-9.760959684913295131e-01,-9.613544659138262283e-01
-7.910615043988886708e-01,-9.926982110531636927e-01,-9.996541718513797248e-01
-8.196785953642231615e-01,-9.700781530110100803e-01,-8.951893189240072157e-01
-7.911587430419785294e-01,-9.175523236149039086e-01,-9.288048706054650161e-01
-8.523933542869625013e-01,-9.512604085895447481e-01,-9.175799116259071297e-01
-9.586864041271714321e-01,-9.505602524629090944e-01,-9.670666995092940255e-01
-8.889625469856596851e-01,-9.390368982240271389e-01,-8.877052715910411784e-01
-8.844978738687087061e-01,-9.559458754516743095e-01,-9.099482358350009514e-01
-9.782231018115555843e-01,-8.233522478247086163e-01,-7.922930870106600354e-01
-9.489742495418815871e-01,-9.994238928370250408e-01,-9.036882737690900003e-01
-7.705787709638511895e-01,-9.340257174468709067e-01,-9.957807619095927487e-01
-9.786252590664891171e-01,-9.531402321466079242e-01,-8.673821338052286611e-01
-8.427706509882145758e-01,-8.524229479866131109e-01,-9.209105915444648627e-01
-8.041529370848398139e-01,-9.610275627360271855e-01,-9.545778592043204780e-01
-9.390439815741599139e-01,-9.440038907229603149e-01,-9.751631567205052420e-01
-8.489023082479546511e-01,-9.825321798069363011e-01,-9.036584687338482524e-01
-8.405069838935241844e-01,-8.964995671194104787e-01,-8.923283564442388016e-01
-9.539224893840189123e-01,-8.380730021724625001e-01,-9.392547128945964996e-01
-9.038432367656573652e-01,-8.728909038131740239e-01,-9.045139468999905397e-01
-9.015208139308943380e-01,-9.280093218737450744e-01,-8.436050965109997968e-01
-9.091909865833183169e-01,-8.956696208403298609e-01,-8.929572118019952764e-01
-7.579680224837649360e-01,-9.897732410887536414e-01,-7.423836650202586540e-01
-7.875972780777480420e-01,-9.309889021042716539e-01,-8.533135902124969752e-01
-9.132196309066943352e-01,-9.873047076579860581e-01,-9.726694584130768373e-01
-7.970950005091165247e-01,-9.690672827882038654e-01,-9.746321740123342625e-01
-8.098805621333065030e-01,-9.835301544710814969e-01,-9.547999739352581727e-01
-9.374653309677180024e-01,-9.189498749934327249e-01,-8.317883789282279894e-01
-9.888434555644899371e-01,-9.947472396417983420e-01,-9.488606822289464837e-01
-8.749113618838348927e-01,-8.795075154170837184e-01,-8.794493213207749127e-01
-8.095336884840766967e-01,-9.683749234887994994e-01,-8.008336542594842733e-01
-6.975327520484778665e-01,-8.572373511000408453e-01,-8.529712097094059864e-01
-9.617041628334744852e-01,-9.165151141028560211e-01,-8.898287265002057245e-01
-7.234793146181598411e-01,-9.585057280804091251e-01,-8.504785772126688403e-01
-7.021294298817755131e-01,-9.099202795249901055e-01,-8.985720073117697826e-01
-6.568983293370128651e-01,-9.770197524193359184e-01,-9.681838029700380321e-01
-8.665384964480867813e-01,-9.112035014969677160e-01,-9.368713324820326926e-01
-7.883215046782967583e-01,-9.308873218401930716e-01,-9.661576571886805187e-01
-9.919730552596287554e-01,-8.995738771058033878e-01,-9.973774355159650273e-01
-9.172199693597701264e-01,-9.838858090480600005e-01,-9.247765017673270638e-01
-7.966086546725792417e-01,-9.569852162385750205e-01,-9.439627952634511709e-01
-9.391154990610355302e-01,-8.560064595282995681e-01,-8.664143967558876058e-01
-9.402232925968992960e-01,-9.395876345144674735e-01,-9.574311734358662562e-01
-9.914834791620241727e-01,-9.814797128970074169e-01,-9.310131741896999769e-01
-7.684823577409997108e-01,-8.909719254519191667e-01,-8.652673763894777048e-01
-8.368279620886852621e-01,-9.518215308792240537e-01,-8.815301280628096148e-01
-7.884715821613752507e-01,-9.131935581671146718e-01,-9.316131781202510176e-01
-9.082432167339307139e-01,-9.967453363328764304e-01,-8.319145037227337891e-01
9.314365932240168400e-01,-9.261955138520103770e-01,-8.177427324569328526e-01
-8.338384895434335364e-01,-8.892527670650283156e-01,-9.888265011345943600e-01
-8.912645978410566050e-01,-9.073917994497803230e-01,-9.753250876525255686e-01
-8.368180345602528325e-01,-9.331828102649523116e-01,-8.843862909435409314e-01
-9.700988635064786703e-01,-9.832947998532863831e-01,-8.923428306068239557e-01
-6.624352463538630831e-01,-9.620774984416212705e-01,-9.078293980164471311e-01
-8.086434761594758491e-01,-8.760123998475254359e-01,-9.136600655490617617e-01
-8.394330294299552353e-01,-9.876892951677297416e-01,-7.796184097650852296e-01
-7.177852758885701068e-01,-9.837415057821109476e-01,-8.313262403232297704e-01
-8.048631754416926132e-01,-9.624566460367252052e-01,-9.364046139690888060e-01
-4.609944497232875693e-01,-9.355998004484525898e-01,-9.292402818761402727e-01
-8.941550147895966916e-01,-9.791803674395741508e-01,-8.777004775549303028e-01
-8.916875273316499095e-01,-9.178461494038849811e-01,-9.205225028078340976e-01
-7.902448168648649185e-01,-9.664891178539054550e-01,-8.187732671455918432e-01
-6.155142823653120265e-01,-9.441860214358327452e-01,-8.363671470029645505e-01
-6.235303607397569836e-01,-9.029451782814211791e-01,-9.635439833249161978e-01
-8.783681468950853555e-01,-9.056825145674719524e-01,-9.696597303353435837e-01
-8.294509840054377081e-01,-8.732714574934274943e-01,-8.978874437509141160e-01
-9.472447413453408682e-01,-9.460947682423023197e-01,-8.442745388785223293e-01
-5.864915458045895091e-01,-9.171728334243957059e-01,-8.445866997472983861e-01
-7.140289567081919975e-01,-8.089824588055183341e-01,-9.560221218107897156e-01
-5.758394019945638487e-01,-9.622121011717005290e-01,-9.730823326864690426e-01
-9.846836273403143380e-01,-9.889761416950992867e-01,-9.163688551952069439e-01
-7.213280583555076175e-01,-9.567179059496495608e-01,-8.927656236079876129e-01
-6.230502390576868610e-01,-8.637881267944196306e-01,-9.350819467042497113e-01
-5.793739710001745147e-01,-8.833116710805020144e-01,-8.618460175638147369e-01
-9.728105104103865752e-01,-9.478426259781626007e-01,-9.709569828814932357e-01
-8.097727681950224188e-01,-9.114439000344449759e-01,-9.176815922159847760e-01
-6.574208330063432415e-01,-9.890630327705612901e-01,-8.134074019974568692e-01
-9.103133649623335044e-01,-9.294699632788324672e-01,-8.946809866318941040e-01
-8.459505201310512090e-01,-9.902830804283877519e-01,-9.357531333970440235e-01
-8.033604496563090391e-01,-9.150013105235810240e-01,-9.619719749208988091e-01
-7.054896600983882049e-01,-9.109097444398013277e-01,-8.061620097341029023e-01
-7.576367944741093652e-01,-9.796443621414937519e-01,-8.308400333872183463e-01
-9.835526360167042847e-01,-9.103639455075566156e-01,-8.713245070564279438e-01
-3.978104841235635680e-01,-9.123238912722244631e-01,-7.812796241677419928e-01
-9.674299267236453614e-01,-9.177502553314167422e-01,-9.016812510760967569e-01
-8.303524706612603890e-01,-9.054666471500388836e-01,-9.341890252753394241e-01
-3.985658166188212892e-01,-9.349912266043031162e-01,-8.959949211913491585e-01
-7.375460833738827215e-01,-9.300907999983345498e-01,-9.567773448969255634e-01
-9.521534399175515251e-01,-8.445914810433344799e-01,-8.407727657259879139e-01
-8.901257120705888815e-01,-9.837211098730579417e-01,-9.755694093388455057e-01
-9.676203698375061002e-01,-9.715752628036458116e-01,-9.110007237262505164e-01
-8.158895964359109687e-01,-9.754630198247522532e-01,-8.342137081039082691e-01
-7.870864381342811411e-01,-9.377217369392825130e-01,-8.815964285570655479e-01
-8.503911735791233051e-01,-9.848456571311721142e-01,-8.905900789478358170e-01
-5.973951944771043188e-01,-9.223742067762933372e-01,-9.617008192752946050e-01
-9.988559271775937498e-01,-9.426971589985800870e-01,-8.085519422302823722e-01
-6.662790023983807819e-01,-9.484362454047710056e-01,-9.412934276230420227e-01
-8.723799659977021781e-01,-9.891502302460266627e-01,-9.385713340602341859e-01
-5.052303530588693192e-01,-9.785552309341025712e-01,-8.925471319965558870e-01
-8.425160562373008588e-01,-9.593510356617157564e-01,-9.338815648681028092e-01
-6.755064938287994591e-01,-9.377930316010620881e-01,-9.701559430161227349e-01
-9.386410010813160953e-01,-8.961492940572632904e-01,-7.989173976130912180e-01
-9.479081275746829016e-01,-9.342999000158060952e-01,-8.177571081004004760e-01
-9.585145717287995026e-01,-9.198109721344650547e-01,-7.629371546483580957e-01
-7.302532113321988927e-01,-9.011598049907881824e-01,-8.031357827292506801e-01
-9.983998632116526384e-01,-9.402127003211936396e-01,-9.155221342644570548e-01
-7.108673982762691024e-01,-9.172807808444174427e-01,-9.702751209962598988e-01
-9.827024795542805835e-01,-9.409923608632416725e-01,-9.203029774309164912e-01
-9.264704348686174651e-01,-9.190255920751175811e-01,-7.979855979971169910e-01
-9.244967071053278307e-01,-9.066217383424972631e-01,-7.188106807803649190e-01
9.763439271480554016e-01,-8.754285135274345597e-01,-9.509367203214007525e-01
-8.762181380557451105e-01,-9.857773442065481673e-01,-7.974213234328744182e-01
-9.742308997909704393e-01,-8.903265926982152356e-01,-8.796119922391205659e-01
-9.724064398851923752e-01,-8.866539425533328522e-01,-7.720317675250349954e-01
-8.450766399408617957e-01,-9.521879843715357339e-01,-8.582955653780854899e-01
-7.136499954705100013e-01,-8.644600705866137824e-01,-9.188428315135033220e-01
-6.296742587300309113e-01,-9.654563811931520245e-01,-8.187015667973561728e-01
-4.859276939714154975e-01,-9.090003483200330692e-01,-9.500250170428652385e-01
-8.738348137406461991e-01,-9.957061927380231880e-01,-9.278629915967095965e-01
-3.954270847132979605e-01,-9.623024486236634312e-01,-8.075139689731682946e-01
-9.816412797557756420e-01,-9.766638240824122574e-01,-8.469034399195705110e-01
-7.933299359790210170e-01,-9.566040035153215992e-01,-9.655779190229312192e-01
-9.109368906947542532e-01,-9.955895724816902215e-01,-9.932350449172203666e-01
-8.911252950979522414e-01,-9.969833844536297729e-01,-8.687085933945610794e-01
-9.863063125692719257e-01,-8.517227530682152103e-01,-9.454162608129231815e-01
-6.945647017988018090e-01,-9.669540143307043811e-01,-7.621704356058303098e-01
-7.159241416793329371e-01,-9.514573652774627188e-01,-9.665805480392827276e-01
-5.251454666460324550e-01,-9.272583411408533705e-01,-9.306753382494066251e-01
-8.300279258194379617e-01,-9.867814611416874104e-01,-9.296535456893724181e-01
-9.150481008095937563e-01,-9.930643555583658078e-01,-9.184218489271723795e-01
-9.141042710390276937e-01,-9.320321614690578738e-01,-9.413873310849042442e-01
-8.709811874007469257e-01,-8.526595337400443286e-01,-9.044028505760186576e-01
-5.862101064412237328e-01,-9.732668932275219120e-01,-8.522175198994887957e-01
-9.865327682968909606e-01,-8.959654774539472788e-01,-8.777004775549303028e-01
-7.590639022960031790e-01,-8.857808201284078642e-01,-9.510261341587624706e-01
-7.949813045247013932e-01,-9.456152716285939341e-01,-8.433548950027802693e-01
-9.481251584241300323e-01,-9.673756713746048952e-01,-9.372715133088747042e-01
-9.287528096258987897e-01,-9.815341005951410125e-01,-9.389398924069097818e-01
-6.078478009990044839e-01,-9.707283346173327665e-01,-9.371762279331584677e-01
-7.109857927403100408e-01,-9.241989942872005370e-01,-8.550580937354473887e-01
-9.156364867127754215e-01,-9.655861645204911747e-01,-8.782132993263639387e-01
-6.502943936368890121e-01,-9.596683605456085564e-01,-8.973592506725635021e-01
-9.273753371536426204e-01,-9.393812107036267900e-01,-8.535641167395008333e-01
-6.536924960823609076e-01,-9.672581563811345484e-01,-8.909547318527317739e-01
-8.981298631965214385e-01,-9.504415574203770589e-01,-9.041852494370502535e-01
-9.646047251227439778e-01,-9.388428212228734360e-01,-8.513657317568767979e-01
-6.970991963600383645e-01,-9.352067956204745958e-01,-9.030899985255005369e-01
-8.774526994484260767e-01,-9.610193008696195083e-01,-8.216289850177427301e-01
-7.460642170354599978e-01,-8.794817791541374996e-01,-9.688073007860865671e-01
-4.212220151218689090e-01,-9.043362059407631381e-01,-9.077685605007341785e-01
-9.683639470733215182e-01,-8.722104058242083902e-01,-7.824025869051844939e-01
-8.830038182313145745e-01,-9.960386768608018304e-01,-8.172003100513678397e-01
-8.371657371469488629e-01,-9.070726120463296072e-01,-8.952608934689806341e-01
-9.714276363142956283e-01,-9.774170522814358275e-01,-8.622354559167912935e-01
-9.555251114802969514e-01,-8.598533490522226597e-01,-8.998787806527260846e-01
-8.033089261867800701e-01,-8.917554633681066267e-01,-9.493229858923362130e-01
-9.707416656536145272e-01,-9.547017617246094101e-01,-8.938951461816704303e-01
-9.986356955447304173e-01,-9.760589934989916117e-01,-9.809922884055851666e-01
-5.797763384623310090e-01,-8.663441624873308156e-01,-8.221624814676746773e-01
-8.720084139781021371e-01,-9.129439867976107958e-01,-8.847496988619414360e-01
-6.219719063983043528e-01,-9.484799509706929310e-01,-8.714146888022077375e-01
-9.411109915941480164e-01,-9.389419379153408629e-01,-7.683447837982556594e-01
9.771187454315861665e-01,-9.086846593871964473e-01,-9.783701196728696869e-01
-8.175642761242553069e-01,-9.190852485636495928e-01,-8.889063317270862186e-01
-7.019971314214950020e-01,-9.780509487453173945e-01,-8.319614452823335116e-01
-8.651057260257888348e-01,-9.274522267544613729e-01,-9.923162263910112468e-01
-9.545683940215385910e-01,-9.660791272268225427e-01,-9.578837644545680208e-01
-9.153910046093276520e-01,-8.137685969297702160e-01,-9.655857146196766827e-01
-9.058638380646745203e-01,-9.724583120966766581e-01,-9.556058527680182380e-01
-9.533438887777870852e-01,-9.618015124541481331e-01,-9.355323127081227597e-01
-7.337991726811986526e-01,-9.918157176853302781e-01,-9.957574333167446001e-01
-7.868382297725724506e-01,-8.922282260494134309e-01,-9.764553257659429608e-01
-9.694726063678776873e-01,-8.956088906010898354e-01,-8.858331104087883157e-01
-8.414661328752565117e-01,-9.928323026621332925e-01,-9.110839236303628352e-01
-8.457359354883213776e-01,-9.756811109902338019e-01,-9.717797774616032669e-01
-8.887021030895124740e-01,-9.951139912894042538e-01,-9.223651940155461748e-01
-8.638970073879566058e-01,-9.386797527579393563e-01,-8.616875797293359618e-01
-7.502957688908483691e-01,-9.227361352972645037e-01,-9.345350227029144419e-01
-8.963267733689150862e-01,-9.958152383496118309e-01,-8.309296384000689484e-01
-7.967173556320593653e-01,-9.129094555292711632e-01,-8.708863978473028178e-01
-9.034696211894586160e-01,-9.762853389395749204e-01,-8.737142551573338078e-01
-8.128147768324944789e-01,-9.900961635722538290e-01,-8.709738045371031578e-01
-4.903959910379226406e-01,-9.781019420551482213e-01,-7.849246718343672047e-01
-8.770749994258042470e-01,-9.566904528831917665e-01,-9.281385627732005039e-01
-8.127903884771723320e-01,-9.097506278072101660e-01,-9.714406877130570273e-01
-7.960380545153036280e-01,-9.271276780825875585e-01,-9.663758063491102446e-01
-7.369946346248977820e-01,-9.784695292429839153e-01,-8.676601939223198556e-01
-9.935994244810436582e-01,-9.164055528295057540e-01,-9.093882591555364492e-01
-8.865288768192152169e-01,-9.932897214446252399e-01,-9.523665873626441236e-01
-9.530294988410943358e-01,-9.342903397532806853e-01,-8.603449243825362913e-01
-9.100245978905020516e-01,-9.677713061806345607e-01,-8.722412519475435388e-01
-7.455600714477899071e-01,-9.585370688764900393e-01,-8.441532631677690635e-01
-9.953834962322352098e-01,-9.915336098225802086e-01,-9.030056239081190039e-01
-5.213304339945525889e-01,-8.923488504441610125e-01,-9.818137609788649689e-01
-9.039531747679065976e-01,-8.423248168557415649e-01,-9.122546165992193590e-01
-9.447243580438737798e-01,-9.403147352969429829e-01,-9.452606598621966505e-01
-9.871117092403780546e-01,-9.244371950199371524e-01,-9.499549806181016853e-01
-8.022343271739175163e-01,-9.964521321814708843e-01,-9.463798367633148301e-01
-8.992147132099774787e-01,-9.649095705253082356e-01,-9.177539697171082089e-01
-6.610601996595251162e-01,-9.394201526914544020e-01,-9.199679167217977849e-01
-6.617465172584366950e-01,-9.464496190263701481e-01,-8.861198530072337265e-01
-6.315855900087868902e-01,-9.137168880770465407e-01,-9.201093529807184979e-01
-8.815185389537937288e-01,-9.794866160687060175e-01,-8.251278855289621017e-01
-8.830978208980039268e-01,-9.335169917270113027e-01,-9.274258185548401867e-01
-9.032546605188487288e-01,-8.722412519475435388e-01,-9.078769479293066214e-01
-7.201309759640749375e-01,-9.310346126368990172e-01,-7.718757183691977719e-01
-8.812361897310235781e-01,-9.398458573226062818e-01,-8.586226293400316401e-01
-9.350041882838453500e-01,-9.031985750595787898e-01,-9.522350048184629046e-01
-9.639575413768303180e-01,-9.775639612577449178e-01,-9.623556422682503220e-01
-9.959206516498402273e-01,-8.919769433735874609e-01,-8.580501624105267844e-01
-7.432772801780771488e-01,-8.749142068265827188e-01,-9.219834616957777174e-01
-8.230155514762057534e-01,-9.617112946007658758e-01,-9.055308742095519170e-01
-8.546020671317015038e-01,-9.465695392748154635e-01,-8.959397919632871021e-01
-6.521402920198341446e-01,-9.875270985672397472e-01,-8.801977997033695322e-01
-8.655450097247083807e-01,-9.118104080115163601e-01,-9.351431751433226802e-01
-6.351115170310587255e-01,-9.559899506110074441e-01,-9.446761495638852368e-01
-9.797240831112281612e-01,-9.376395238287063005e-01,-8.248522940961946492e-01
-6.549989873188428735e-01,-9.087244175045786632e-01,-8.091708810575007904e-01
-9.936979092357361987e-01,-9.983052861773166198e-01,-8.820596024300714211e-01
-7.276215421484960588e-01,-9.468762660468770243e-01,-9.973397401923832506e-01
-8.972596329139046478e-01,-9.124982593700023958e-01,-8.604522737139022048e-01
-9.295377640632498384e-01,-9.638959734430400106e-01,-9.712447569726716523e-01
-9.694801838073732192e-01,-9.820442171307860457e-01,-9.086639312889857045e-01
6.859703980910202281e-01,-9.167381159708012373e-01,-7.971747336919680071e-01
-9.459555818280570572e-01,-9.818137609788649689e-01,-8.557363224160206006e-01
-8.288837705941928258e-01,-9.502262440100620600e-01,-9.399862014129958254e-01
-8.269846873488456707e-01,-8.971528585423051982e-01,-8.943769358936333180e-01
-5.936116592478635212e-01,-9.077848225229887547e-01,-8.773614958028005395e-01
-9.029587780482449810e-01,-9.524763671471667692e-01,-8.841013508976983681e-01
-6.964346959154754657e-01,-9.240043096752443841e-01,-8.689388406070795989e-01
-7.936456534302388510e-01,-9.616251509793687369e-01,-9.150075511232693692e-01
-9.149381416659045918e-01,-9.633646289564028464e-01,-8.571686070184180162e-01
-9.719923749833752069e-01,-9.765136476616588235e-01,-9.174047073900948313e-01
-8.544912085203745233e-01,-9.461277329896988775e-01,-9.811439207425088904e-01
-7.155137479112773091e-01,-8.333136965120606643e-01,-9.733586198027723846e-01
-7.637207667101737485e-01,-9.923839198671939865e-01,-9.391337210084376164e-01
-8.906904731045489632e-01,-9.657287270375596311e-01,-9.342566721675598096e-01
-9.518279961877293971e-01,-9.204238688264120283e-01,-8.699582464613202504e-01
-9.936709062440409745e-01,-9.183340071293618623e-01,-8.161784853284141938e-01
-5.978250239253289910e-01,-9.906530903221952844e-01,-8.790755372740619578e-01
7.166973884472954692e-01,-9.733731139558726708e-01,-9.049571315911776326e-01
-5.968115823778762374e-01,-9.659365130329421456e-01,-9.633868662834910168e-01
-8.939868279657804395e-01,-9.850061543550047150e-01,-9.802999764109816550e-01
-8.478732540915968618e-01,-9.499853362657869615e-01,-9.000185843088418514e-01
-5.375665234387124736e-01,-9.474007922636492607e-01,-9.536601248809309928e-01
-7.500306885380206845e-01,-9.717073133314819700e-01,-8.705567802933807942e-01
-7.628535314392068667e-01,-9.392211557717460302e-01,-9.717797774616032669e-01
-8.259003002346126943e-01,-8.816768700649709745e-01,-9.033735295243070507e-01
-6.698366977959931967e-01,-9.400445722598579357e-01,-9.341682787532302745e-01
-5.647618196870909379e-01,-9.579510170914837808e-01,-9.481264048342269435e-01
-9.911626857287507697e-01,-9.124750682680577984e-01,-8.399081763712759052e-01
-7.559703491982289192e-01,-7.825858506507548107e-01,-8.304041837201996401e-01
-7.206125920843027277e-01,-9.983385239854252191e-01,-9.531990831586399926e-01
-6.555754558928301723e-01,-9.785552309341025712e-01,-9.124932028117318517e-01
-3.489323914386697201e-01,-9.042822881720186112e-01,-8.449794333485509679e-01
-5.684339541351972613e-01,-8.324469905286686622e-01,-9.031011271779085803e-01
-9.619165843365973245e-01,-8.085779061381379584e-01,-9.432764284880615913e-01
-6.125045694299257049e-01,-8.754439401202042115e-01,-8.448734273220841473e-01
-8.066354223802628676e-01,-9.906844253412597778e-01,-8.445338270210295262e-01
-6.340210570624071895e-01,-9.645786104598800259e-01,-8.766262086300856682e-01
-6.275950640333058939e-01,-9.751883722431843315e-01,-9.750445322324335917e-01
-8.556002331547454265e-01,-9.935596877691529327e-01,-9.736197784686623224e-01
-7.271676217651074081e-01,-9.488898409573358617e-01,-8.707362029181209273e-01
-7.307313453407415782e-01,-9.414109166567764531e-01,-8.606412928628682790e-01
-8.692552650876579357e-01,-9.933766576940967763e-01,-9.191590537134904926e-01
-9.997273780592753623e-01,-9.695142219564105712e-01,-9.436738331316604222e-01
-8.223828310223875171e-01,-9.183445359483242143e-01,-9.236348630442752228e-01
-9.350253411599938058e-01,-9.227338654677906815e-01,-9.394315415017053805e-01
-9.129474655170914943e-01,-9.627388574217073947e-01,-9.640918157420031998e-01
-8.321238159217528851e-01,-9.481616273360963243e-01,-8.991216543589671817e-01
-8.031126144298685876e-01,-9.252300494289945609e-01,-8.241595974729134522e-01
-8.182922458196614235e-01,-9.637553342075756424e-01,-8.625936725533500660e-01
-5.400549283313278437e-01,-9.377882122824245936e-01,-8.297413794341937932e-01
-4.271700064035461319e-01,-9.085193266594888684e-01,-7.947061022184854773e-01
-7.367383277819231635e-01,-9.111316038004090290e-01,-9.407589830207548909e-01
-7.747124832626333113e-01,-9.606059136970477308e-01,-9.513003736027457746e-01
-9.053178726791977216e-01,-9.478984939711809776e-01,-9.519291820490782818e-01
-8.106543054840164020e-01,-9.211765935644280479e-01,-9.846755111068959954e-01
-9.307275642627484968e-01,-8.396742027913303152e-01,-8.326273139253569378e-01
-6.740403955212574960e-01,-9.315808858931715619e-01,-7.876407102891012091e-01
-8.949449004801158791e-01,-9.413084117210871460e-01,-9.394804082929791855e-01
-8.064784004906302428e-01,-9.516782130972484266e-01,-9.058553128015300882e-01
-9.692178058097635773e-01,-9.642693825542624220e-01,-9.252941298776866663e-01
-9.397952935255639018e-01,-9.739513187676068773e-01,-8.254678386928230305e-01
-8.518378034365131635e-01,-9.564008992016050925e-01,-8.253786117625553365e-01
-8.091200330890626624e-01,-8.726677288604767213e-01,-9.827983563614182128e-01
-9.151455673288062531e-01,-9.847289021387554131e-01,-7.940125881388180318e-01
-8.919832442886098667e-01,-9.608061311033243568e-01,-9.690870732140612898e-01
-5.042955630992727034e-01,-9.696597303353435837e-01,-9.339919790911492825e-01
-8.849450564373519956e-01,-9.536327022259705188e-01,-9.712966249423637954e-01
-7.008445049035745278e-01,-9.948505802765026385e-01,-8.562668281168894779e-01
-8.282605083054012107e-01,-9.839432594928076981e-01,-9.765508702717782263e-01
-8.840173688438063282e-01,-9.322704937332687569e-01,-8.366750580216955058e-01
-8.231650086709889624e-01,-9.061221565838700753e-01,-9.573677230742906330e-01
-9.685258774268654669e-01,-9.377930316010620881e-01,-9.033440996766395337e-01
-8.195771649459749897e-01,-9.893184399479291180e-01,-9.412167451336269641e-01
-6.908293329570757146e-01,-9.610275627360271855e-01,-9.698797903762440553e-01
-8.809190813635591200e-01,-7.897513425296631695e-01,-8.015085112346058693e-01
-9.263015364919567896e-01,-9.943496572903471886e-01,-8.869040080728377573e-01
-8.055113799620061688e-01,-8.798504706922783969e-01,-9.152605101604505133e-01
-7.632508067730063850e-01,-9.432476956846155280e-01,-9.703814084575689280e-01
-9.554900318103727308e-01,-8.916881019365014982e-01,-9.429725012924471406e-01
-9.475615404611408277e-01,-9.596706837730810680e-01,-9.177040877400594043e-01
-8.786050654447369324e-01,-9.126283362549982847e-01,-9.081411359141332573e-01
-8.330431736033446777e-01,-9.277073351539663060e-01,-9.665845599981373049e-01
-9.479282334780635422e-01,-9.882279215339706546e-01,-8.382913666040372469e-01
-8.151711451465166736e-01,-9.967810408580316528e-01,-9.092325605380465747e-01
-9.000240633083406161e-01,-9.260323891196128310e-01,-9.125866188922077127e-01
-6.996999368872293124e-01,-9.517967569908744041e-01,-8.534222694801048004e-01
-4.368057138555310193e-01,-9.763873695499428740e-01,-9.096381419437805649e-01
-9.783280608012292490e-01,-9.233496522032689224e-01,-9.262195014288938655e-01
-7.491611717987424202e-01,-9.404002449466639657e-01,-9.657747624698327371e-01
-8.846636271166486987e-01,-9.367989812177285325e-01,-9.480031819832738238e-01
-9.821980780644917752e-01,-8.752958973975875079e-01,-9.391809963210244749e-01
-7.065561349041287187e-01,-9.267259184129982286e-01,-9.890786695196100986e-01
-7.942383266866377411e-01,-9.966963272314527389e-01,-9.387711385396813046e-01
-6.488426346324086547e-01,-8.302620153467560327e-01,-9.046681588816080088e-01
-9.281673540048784865e-01,-9.323446523975775779e-01,-8.779398325256703162e-01
-8.009688140822065483e-01,-9.912195716991921701e-01,-8.875783398335697072e-01
-5.153993716348587162e-01,-9.880564760114161071e-01,-8.256750307168242431e-01
-8.230678275884534267e-01,-9.360911500482176351e-01,-9.929303381008212082e-01
-8.904635834700668218e-01,-9.367326961544745201e-01,-9.435498495136789288e-01
-7.383859408106909772e-01,-9.886341540905935199e-01,-8.915065727100499604e-01
-8.622041016522995482e-01,-8.886506653711854220e-01,-7.837925006090705748e-01
-7.627644430125964936e-01,-9.425259718998912906e-01,-7.959889948636724721e-01
-8.746551867446521467e-01,-9.961226287518571976e-01,-9.539314649711500005e-01
-6.956729280658063841e-01,-9.582661696376353344e-01,-9.887634706646589722e-01
-7.135299381476661873e-01,-9.484937509081391438e-01,-8.701842383115054869e-01
-8.581650274102173848e-01,-9.892094138580883600e-01,-9.274026350218403936e-01
-6.237064056951794333e-01,-9.533506249124655829e-01,-7.823494858860920997e-01
-6.685429995316251039e-01,-9.671577612858972550e-01,-9.339697877757017208e-01
-8.756717907683397861e-01,-9.745784674862584263e-01,-9.524454589318900322e-01
-6.804203546683295079e-01,-9.278932629985632285e-01,-9.465189839398173710e-01
-9.302644298187270344e-01,-9.921977335994693892e-01,-9.682254657540616538e-01
-8.303549771662342982e-01,-9.685793702139845474e-01,-9.324020897588932710e-01
-9.223066463188818176e-01,-9.634077679655405069e-01,-9.948598796156696844e-01
-9.351612269198933403e-01,-9.555037343531701532e-01,-9.941636383983897263e-01
-8.133044417568778828e-01,-9.285227782100053950e-01,-9.696282985659283593e-01
-9.661194723844790389e-01,-9.991218481155444975e-01,-7.935256933640822963e-01
-8.578587779652023793e-01,-8.832166657190214654e-01,-9.510607923273304287e-01
-9.969698520039320666e-01,-9.010213215581263091e-01,-9.789716701210749994e-01
-8.872421019327908498e-01,-9.911871989665111959e-01,-9.234593157909775085e-01
-6.569718418880721167e-01,-9.166746325164437659e-01,-8.976151082691744554e-01
-9.399802509053537536e-01,-9.170861442330429103e-01,-8.069413101002971267e-01
-8.852039267726325988e-01,-9.134143577273059478e-01,-9.300001539398089490e-01
-9.099938479230921251e-01,-8.860554301580979564e-01,-9.132276228484620395e-01
-5.344959146089943713e-01,-9.100752147038040363e-01,-7.236985109303478714e-01
-9.363629070921872799e-01,-9.892035833580012927e-01,-9.165219710355536620e-01
-9.060198973406720091e-01,-9.774352200995730655e-01,-9.130953925927555170e-01
-5.184381796241572804e-01,-9.601547033850006407e-01,-9.336719003250995019e-01
-9.209577014633038017e-01,-8.669449468930938707e-01,-9.009338774906061609e-01
-7.750033046757969224e-01,-9.797769240013942671e-01,-9.069374985706649683e-01
-9.758395509931460099e-01,-9.921765844305010518e-01,-8.959364889760771389e-01
-8.402253703771989102e-01,-9.754607452447507931e-01,-8.733431227208489078e-01
-9.260887789524493430e-01,-8.952981015237586604e-01,-9.425584486105147430e-01
-7.158294827189527476e-01,-8.955129296688268958e-01,-9.196474936093613772e-01
-9.134380379317077470e-01,-8.589163012008500520e-01,-8.907235216891882246e-01
-8.997526186577619045e-01,-9.589507664350345184e-01,-8.889666275036255394e-01
-9.160411270947552698e-01,-9.587293383301489502e-01,-8.009469716127528560e-01
-9.360576990670513853e-01,-9.220365431101499309e-01,-8.718438233227336909e-01
-7.722618687875657528e-01,-9.609523660928714905e-01,-9.527144530419103807e-01
-9.179401350883134025e-01,-8.566252955143881520e-01,-8.651725727578619685e-01
-6.743355684163582220e-01,-8.317534978011303926e-01,-8.498417754423736037e-01
-8.398085033640187991e-01,-7.972715921169287734e-01,-9.899589568106139659e-01
-9.920011843993129519e-01,-8.421512965340638424e-01,-8.788315085125724124e-01
-8.969383635983499969e-01,-8.735164482880323211e-01,-9.783903936354352293e-01
-9.291257160031372031e-01,-8.284579117914359081e-01,-8.879397253888207109e-01
-8.087034330293351170e-01,-9.484115051163329868e-01,-8.911588783178420181e-01
-9.031225943598704120e-01,-9.062579149130997047e-01,-9.703353781211336848e-01
-6.616636953755076211e-01,-9.215335664037724861e-01,-8.931599557490235153e-01
-9.118550402452215708e-01,-9.805811249940987739e-01,-9.457580421583724473e-01
-8.229734121844632933e-01,-9.830177332944507462e-01,-8.569397494012400696e-01
-8.733221799629399262e-01,-9.561654760979121370e-01,-8.559083688042075089e-01
-8.855109398807748944e-01,-9.701656955624077261e-01,-9.586735577250453666e-01
-9.575636317090356897e-01,-9.470589928327277640e-01,-9.223401543115832268e-01
-5.787537316745140492e-01,-9.616933478824263304e-01,-9.167527469905945026e-01
-7.529886062856508966e-01,-8.800025791968345557e-01,-7.855220519645957911e-01
-8.668238548106824704e-01,-9.375447746520232384e-01,-9.795146647715503585e-01
-9.986108391178187826e-01,-8.657438981172025372e-01,-9.582593081911151556e-01
-8.379040668598057851e-01,-9.633843998163688083e-01,-9.122924705812134327e-01
-7.683488583759764401e-01,-9.323178729811358867e-01,-9.406884441768408323e-01
-8.135427433647040019e-01,-9.997613187758147557e-01,-9.769557299251385718e-01
-8.768659339711605272e-01,-9.958110565067201936e-01,-9.011345213668414678e-01
-7.763802130330385021e-01,-9.056882316779170106e-01,-9.425647629626434654e-01
-7.878632189216361326e-01,-9.728448025720278780e-01,-8.686555242822402434e-01
-9.908490217526395583e-01,-9.703814084575689280e-01,-8.870890383937392043e-01
-9.729535762080775418e-01,-9.188722387813389458e-01,-9.464542643566562496e-01
-9.669916287087080287e-01,-9.197126782427893499e-01,-9.432440084142363901e-01
-9.618049346344249573e-01,-9.952981882700282501e-01,-9.078769479293066214e-01
-8.658154726463958006e-01,-9.323480427467765175e-01,-8.942781750726422896e-01
-9.833922521580451548e-01,-9.038557754230182040e-01,-9.408446246719269768e-01
-8.578516261707986867e-01,-9.522283748071195264e-01,-9.042723507735903610e-01
-6.423268098409089522e-01,-9.709233496367110083e-01,-8.921588202714896276e-01
-6.978221748371936650e-01,-8.624359068807272433e-01,-9.181473995066415927e-01
-4.700096782610307389e-01,-9.564876118417005024e-01,-9.368754088595816487e-01
-9.104748460850696778e-01,-8.487974271158895689e-01,-8.482120152198494578e-01
-9.415288273834626631e-01,-9.066152065478343403e-01,-9.492092399924247914e-01
-6.482633134583589696e-01,-8.658421718954014690e-01,-8.445050722547208233e-01
-9.821830350533159448e-01,-9.330093488203233809e-01,-9.356530711509593035e-01
-9.088202965957610235e-01,-9.703363307751644573e-01,-8.089920386401845409e-01
-8.107653005062237517e-01,-8.784986980251643374e-01,-9.906113493293031702e-01
-9.797282844687547065e-01,-8.956008855943291547e-01,-9.212804275600945392e-01
-6.702949841919731977e-01,-9.457278246465341542e-01,-9.580604494733481191e-01
-8.173616928248074176e-01,-9.021496339893438909e-01,-9.143628150941897070e-01
-9.826056289197493410e-01,-9.365956779298041379e-01,-8.349010156931850890e-01
-8.653378320829312464e-01,-9.633444843517515732e-01,-9.064322899202562622e-01
-9.006770721492283194e-01,-9.700957648360144514e-01,-8.512395854980001619e-01
-7.907449146829680364e-01,-8.243743378501846575e-01,-7.810202529689441731e-01
-7.543430188996365082e-01,-9.087244175045786632e-01,-9.815572274391026752e-01
-5.467911230180555471e-01,-9.168495352933048181e-01,-9.534449095366840377e-01
-9.653512245120035029e-01,-9.637453484136447868e-01,-8.370043090563152877e-01
-9.162367742042309970e-01,-9.887893143132856499e-01,-9.045139468999905397e-01
-8.778542115393664913e-01,-8.681011777963281162e-01,-8.673909064505319622e-01
8.834196559956759565e-01,-9.862569983861939615e-01,-9.485865570398686053e-01
-9.985567580874422644e-01,-8.728849327272558689e-01,-7.508192158367831270e-01
-6.160374676978114250e-01,-8.384307308528338165e-01,-9.887631763253995620e-01
-7.459071133627535044e-01,-9.800584638628645484e-01,-8.697675111666175463e-01
-8.857915861936692670e-01,-9.253462754368324550e-01,-8.476394094785375533e-01
-6.193818600142614317e-01,-9.740991167987650412e-01,-9.275303119821420861e-01
-9.886648345322206488e-01,-9.946437001387080645e-01,-9.187106906075690471e-01
-6.593313534866271919e-01,-9.210924424996320692e-01,-9.984768620935292605e-01
-9.762858917443480999e-01,-9.953413903836632048e-01,-8.365151484182535846e-01
-6.861858394941889872e-01,-9.973835406979333351e-01,-7.899222446110546469e-01
-9.447061210215644822e-01,-9.838447042075039173e-01,-8.469034399195705110e-01
-7.741562318606938220e-01,-9.059410750341397867e-01,-8.794873875579608535e-01
-9.367898673722357961e-01,-8.743165277606330665e-01,-9.650951006507195729e-01
-8.631201065994110744e-01,-8.621968814061371500e-01,-9.097444669771674874e-01
-8.641005952302526216e-01,-9.470835006977046389e-01,-8.613518628619440953e-01
-8.149362715633045040e-01,-8.663207948477023024e-01,-8.338105640850181910e-01
-9.374465029396907845e-01,-9.416060815052478272e-01,-9.861157874069311768e-01
-7.106928605330251614e-01,-8.732173789101398409e-01,-8.767937215158694286e-01
-8.256851194802329319e-01,-9.068946736954415222e-01,-9.127470540086008999e-01
-7.618133746516889682e-01,-9.760298748056853713e-01,-8.837711865563528946e-01
-7.551285795900697373e-01,-9.018293110612222163e-01,-9.564035733819461482e-01
-7.266110675965420374e-01,-9.656973429862208969e-01,-9.685357794038491619e-01
-7.661339596874857660e-01,-9.814797128970074169e-01,-8.668252063990454781e-01
-9.524379516490575348e-01,-9.592407000976330700e-01,-8.580886153249684956e-01
-8.572405371475931846e-01,-9.964262672456918324e-01,-9.107561528932143213e-01
-9.919844273880754626e-01,-9.862792532252149247e-01,-8.574622731189540659e-01
-9.501985778348307488e-01,-9.059388364911988845e-01,-9.747364743394326680e-01
-5.874974346177244122e-01,-9.306517045124125254e-01,-9.331213257567130270e-01
-7.961157915666350338e-01,-9.172830389098272086e-01,-9.957499809461480833e-01
-8.649522084812488743e-01,-9.442987273082239508e-01,-8.209072232001632941e-01
-9.164559977229950194e-01,-9.561381044070518254e-01,-8.144074335557019984e-01
-9.581809712453734917e-01,-9.660376389074898373e-01,-9.945440106750195186e-01
-8.352215979504208354e-01,-9.826029936428199996e-01,-7.616790132432837979e-01
-8.202770970998400912e-01,-8.435711287084978194e-01,-9.315548332779480800e-01
-7.798013838252767504e-01,-9.738250077610781652e-01,-7.957560610211028562e-01
-9.107540485664812335e-01,-9.987230529571513582e-01,-8.988219620561270773e-01
-7.299621879730566754e-01,-9.066791018555512283e-01,-9.240647063363296443e-01
-8.514524261261399163e-01,-9.118311345162570802e-01,-9.006997198194827137e-01
-9.117368529968415958e-01,-9.938108165159665885e-01,-8.945418486213926323e-01
-9.075767297457055793e-01,-9.040758209508445997e-01,-9.523725840414590804e-01
-9.488178161651946718e-01,-9.415802895506049097e-01,-7.622341164182980799e-01
-6.388132442277354439e-01,-9.466813499910443630e-01,-9.571312936283428163e-01
-9.492802288808210864e-01,-9.787509099864386553e-01,-9.873933189729843241e-01
-9.805860612187869974e-01,-9.668616706159143259e-01,-8.637169669099995506e-01
-9.551806948188342750e-01,-9.396622379927921376e-01,-7.539504695375289778e-01
-7.086377998477226825e-01,-9.603090704140758715e-01,-9.144194893494302923e-01
-8.584775167882928715e-01,-9.778003593826988249e-01,-9.825378401793365413e-01
-8.563606427907526353e-01,-9.691094762300432874e-01,-7.165311597495658269e-01
-4.309386466496879509e-01,-8.896625768571435611e-01,-8.756629911338156269e-01
-5.685714445835435837e-01,-8.780388909304017719e-01,-9.419988584937762921e-01
-6.670870964970680994e-01,-8.455886731575972259e-01,-9.478159963594998683e-01
-9.115930300537260500e-01,-9.347150046418316593e-01,-9.952113823439531215e-01
-8.571703098359907402e-01,-9.527938624029639314e-01,-9.573353555658262737e-01
-9.815205190097600063e-01,-9.525885005890666335e-01,-8.139148199393848593e-01
-6.189923405000667955e-01,-8.778836242279163260e-01,-8.149855132271158764e-01
-8.492375521404963434e-01,-9.085468584138843839e-01,-8.284319115195217798e-01
-9.055352981380805355e-01,-8.860576228997329995e-01,-9.295186457573145766e-01
-4.790371443000129847e-01,-9.052406737121225788e-01,-9.088821496488418417e-01
-7.256068452556161397e-01,-9.597891503125212109e-01,-9.928269252465591332e-01
-9.504609976621571921e-01,-9.814880568385339066e-01,-9.266077884915108198e-01
-8.255475399967785455e-01,-9.589661500698644092e-01,-9.887141509922139360e-01
-4.776396505943334425e-01,-9.526716622759436870e-01,-8.782993531431458889e-01
-9.856306468812614519e-01,-9.598929459219887050e-01,-8.538972412220457997e-01
-7.510520974692826979e-01,-9.644468442449762868e-01,-8.622536847433344143e-01
8.740281041578824572e-01,-8.416692429922638663e-01,-8.570460651661636620e-01
-9.360858756520077373e-01,-9.009670815691861456e-01,-8.634983105677555004e-01
-8.821409225144922761e-01,-9.906554130122050550e-01,-9.504869746763989768e-01
-7.625902741158511189e-01,-9.462995903773376849e-01,-9.589335929399361858e-01
-5.982537868588281293e-01,-8.906734133837177492e-01,-8.346723913873443923e-01
-9.025936405451905342e-01,-9.184766845056909768e-01,-9.443287548996603942e-01
9.732982707511000919e-01,-8.473914610225545818e-01,-8.711892572586807937e-01
-8.303463359228426821e-01,-9.610790349880417027e-01,-9.148649101799719574e-01
-9.397307681121669365e-01,-9.549255871994372091e-01,-8.454612377408650126e-01
-6.571385833661993470e-01,-9.459620679376209429e-01,-8.089190832920282181e-01
-8.351538792285971846e-01,-9.573840404454458941e-01,-9.107031652765762431e-01
-9.223580205798278531e-01,-8.826642482942669288e-01,-8.700325239391089038e-01
-9.615970204496415707e-01,-9.264526678454826358e-01,-7.974213234328744182e-01
-9.661651275728732058e-01,-9.878981981344124863e-01,-8.421889576317782566e-01
-9.078679938887341816e-01,-9.854301301814932801e-01,-8.288072596927946734e-01
-5.267449297321813440e-01,-9.709448949863282996e-01,-7.767872094280079409e-01
-9.788756634918039934e-01,-8.739338024261666948e-01,-9.661704781803809317e-01
-8.452467801077466758e-01,-9.767791407105058665e-01,-8.659742391534259731e-01
-8.785586937221880888e-01,-8.964080624551811205e-01,-7.821557147886336603e-01
-9.893632159092250467e-01,-9.360539605629139004e-01,-8.542965251227052637e-01
-9.811646846208099682e-01,-9.248567253515795894e-01,-8.779264597826774708e-01
-6.991723155613269736e-01,-9.198368455767583773e-01,-8.683892035739009252e-01
-4.743264364964677737e-01,-9.023519089169362850e-01,-8.337517877060719451e-01
-9.383312677748226749e-01,-9.448671932948404795e-01,-8.266538684978539386e-01
-9.479131561872108369e-01,-9.014444386655507957e-01,-9.758159031521342897e-01
-8.823679846409866467e-01,-8.963621929294496304e-01,-9.125379827830827351e-01
-7.473428549607711302e-01,-8.975226884896815305e-01,-8.717392941782097227e-01
-9.358193297684436196e-01,-7.947654349085592207e-01,-9.498175264975435850e-01
-8.606544930956588901e-01,-9.523781288823278679e-01,-9.712210245090799887e-01
-7.205879203269607292e-01,-9.242893632112806346e-01,-8.376034570341968077e-01
-9.758478161387210692e-01,-9.095845975300094199e-01,-8.645269264087691585e-01
-9.542382571345767728e-01,-8.894743435110569196e-01,-8.356311944824215132e-01
-8.725861759099843296e-01,-9.477062861616341038e-01,-9.821066329641569004e-01
-7.015857245297187905e-01,-9.610653175341660193e-01,-8.619299084914529008e-01
-8.384978211630327305e-01,-8.576327664665285289e-01,-9.184131855234685116e-01
-9.154262870582212663e-01,-9.122596787039590760e-01,-8.097329985897576687e-01
-5.124504258586075611e-01,-9.653241320109076096e-01,-8.577662662067571109e-01
-9.830379362393255605e-01,-9.708972361661374340e-01,-9.656505884173910426e-01
-6.801760288555814826e-01,-9.338442176565776576e-01,-9.215102604900987648e-01
-9.865498967675021547e-01,-9.570271258304733353e-01,-9.278233234536006346e-01
-5.799797934031664104e-01,-9.293293847042860545e-01,-8.404797934936519832e-01
-7.794517177411152131e-01,-9.933367233108726380e-01,-9.121758842191866057e-01
-6.852988164913392799e-01,-9.855965835904618721e-01,-8.794499096896080115e-01
-9.458423428262759947e-01,-8.739200875809480795e-01,-8.299597904975700713e-01
-8.799257277251377740e-01,-9.196328046113868560e-01,-9.953514460335579628e-01
-8.256333466501056817e-01,-9.269439916798262180e-01,-8.701111183438821062e-01
-9.395579206088922053e-01,-8.573633829420754804e-01,-9.338148501845761063e-01
-9.082975220066673572e-01,-9.698457015402164316e-01,-8.980872276681545197e-01
-9.433692674217492025e-01,-9.676937565063896685e-01,-9.316635759168594433e-01
-7.792967697374102443e-01,-9.283601235784033623e-01,-9.344119686809808645e-01
-8.793786331038364601e-01,-9.183120255552443822e-01,-9.300272554418181903e-01
-8.977719332616329595e-01,-9.980275618714733454e-01,-9.891321073739540726e-01
-8.953326368871385998e-01,-9.671291505419085111e-01,-9.659186943152365812e-01
7.205931585107937520e-01,-9.117810349915975721e-01,-9.390375700116027069e-01
-8.811632740752808335e-01,-8.341021598848543661e-01,-8.888089771849050358e-01
-5.892388409021324103e-01,-9.493965146950245071e-01,-7.890322462274029780e-01
-9.669969914623910423e-01,-9.330559192970352411e-01,-8.684403314809665542e-01
-9.445844062223233140e-01,-9.224235772935753808e-01,-8.557414397890175106e-01
-9.058415547031514192e-01,-9.348402340903199104e-01,-9.324012279899897004e-01
-8.242284652540392553e-01,-9.868464345366493307e-01,-8.211971076696654714e-01
-7.581270494134710880e-01,-9.724818364385713343e-01,-9.916242865525294325e-01
-7.928508768969626530e-01,-9.027810734403755033e-01,-9.276564238129592077e-01
-9.462364298191345835e-01,-9.951111898506328490e-01,-8.960223557524875648e-01
-5.852326463626734698e-01,-9.426520957908526288e-01,-9.531686351428675374e-01
-6.437961950954248502e-01,-9.197532824771116333e-01,-8.552484647075363489e-01
-8.220953088226438110e-01,-9.069710561648104408e-01,-9.368864495972707429e-01
-7.115160217375313678e-01,-9.885646439771805793e-01,-9.144427572172578733e-01
-9.169265987503416593e-01,-9.502087922252940855e-01,-9.260305875081251692e-01
-9.362289687473818178e-01,-8.914247032877578025e-01,-8.669049900070068260e-01
-6.844424550192635959e-01,-9.575042615453349670e-01,-8.500325416434938441e-01
-8.256898011551266903e-01,-9.226721363198707726e-01,-9.177893701065200638e-01
-8.074421637272405361e-01,-9.976629503745505501e-01,-9.495487776734140573e-01
-9.421007134011561979e-01,-8.342707854780423427e-01,-9.386429844663529698e-01
-9.127062767063544024e-01,-9.085219550836745039e-01,-8.177427324569328526e-01
-8.669405598969592841e-01,-8.956718743887616130e-01,-8.275774689741226542e-01
-8.401047291553038754e-01,-9.603969756229908672e-01,-9.306828367750549225e-01
-5.336465369141595305e-01,-9.644655451770776100e-01,-9.169975296414256682e-01
-8.687055034325960046e-01,-9.506472837010626620e-01,-9.749639060124188905e-01
-8.591452636140960442e-01,-9.180681528497420807e-01,-9.275260096917026242e-01
-8.121143789891835940e-01,-8.860518715838052728e-01,-9.113551203810055235e-01
-7.024329708695082886e-01,-9.887540706560671300e-01,-9.815259037369459261e-01
-6.306579733299840784e-01,-8.800885518553380749e-01,-9.424112532506225826e-01
-8.663342346938101013e-01,-9.944598839021828729e-01,-9.290861200431164146e-01
-8.527450744503496383e-01,-9.984982141583566007e-01,-9.516880637671237819e-01
-9.750459726367286528e-01,-9.762405076816593752e-01,-9.728302032702312863e-01
-9.900103378398004139e-01,-9.903615533275387239e-01,-9.450601208711589818e-01
-9.905780130081551782e-01,-9.498163619477173469e-01,-9.460922961880895432e-01
-8.393963548237377559e-01,-9.803568311068827645e-01,-9.206992085871192888e-01
-8.145688136604650742e-01,-9.391817133757098812e-01,-8.549704014172170297e-01
-7.070140668525982663e-01,-9.174951336002643565e-01,-8.796135667373251588e-01
-7.514348680598659236e-01,-8.169483237062735714e-01,-9.217133427424168968e-01
-9.992388533967586639e-01,-9.358493796092109962e-01,-9.681384626429156981e-01
-9.862620181028221023e-01,-9.671669375143396863e-01,-9.506597776220135909e-01
-8.188347144565999436e-01,-9.080687203765649418e-01,-9.142802673976159200e-01
-8.737331220326584047e-01,-9.213814246545777298e-01,-9.406305386811545377e-01
8.201300256658030641e-01,-8.884493941993655275e-01,-8.792064180131514695e-01
-7.544910112088025755e-01,-8.575597853715576369e-01,-8.724173928742737782e-01
-7.682322143377094958e-01,-9.742013302168247568e-01,-8.614829011663382996e-01
-6.926838741077355754e-01,-9.793834393189869703e-01,-9.493105150704065354e-01
-7.426046758300484107e-01,-9.303942765005932536e-01,-8.274267908340486866e-01
-7.823800650283153635e-01,-9.725819692091945967e-01,-8.721284069291657115e-01
-9.489896786706591980e-01,-9.682017820554303933e-01,-8.814289405153462598e-01
-7.075322178586995747e-01,-9.445008901590636885e-01,-9.876891270783549892e-01
-7.816809376344582283e-01,-9.893477517431412682e-01,-9.722284473588403975e-01
-7.671282696738688234e-01,-9.274714107529825613e-01,-8.697313076185094749e-01
-7.023015222982346151e-01,-9.931569748333728409e-01,-9.366393113407798232e-01
-7.570219146703998092e-01,-8.608078310905126207e-01,-9.416510953551100460e-01
-5.166969892757578009e-01,-9.091688738061298736e-01,-8.264000903331004677e-01
-9.159159208788772988e-01,-8.929039657482128467e-01,-9.270562564637279124e-01
-9.116586199876859364e-01,-9.935738145083919948e-01,-7.691595984717879420e-01
-9.114872840568494228e-01,-9.954702832706399107e-01,-7.865611673888714961e-01
-7.773932241511464225e-01,-9.133355068662034615e-01,-8.415379036681900349e-01
-7.932552553537114415e-01,-8.364660898906728370e-01,-9.978258424145931560e-01
-7.309304635688368412e-01,-9.590288619722964203e-01,-9.356904819719009669e-01
-7.977879169439640039e-01,-9.289501528336769898e-01,-7.984030235395260799e-01
-6.974018458121185038e-01,-9.603059010490826441e-01,-7.928561623729901697e-01
-9.433685916615478506e-01,-9.280961792972459712e-01,-9.608008307415395466e-01
-7.838701253035877947e-01,-9.387195681964501937e-01,-9.253863645282822681e-01
-9.725120711437728049e-01,-9.657780917751500604e-01,-8.940742009507969268e-01
-5.357956811913555661e-01,-9.956314437231214010e-01,-9.979953894816515625e-01
-8.476055753178369789e-01,-9.439468374285866492e-01,-9.251212855633090815e-01
-9.255963921821943607e-01,-9.728714938880855811e-01,-8.771835047067672031e-01
-7.203783662440575997e-01,-8.896266027562625966e-01,-9.881424592098204673e-01
-9.584192485036171494e-01,-9.948837654985962509e-01,-9.276833155630653804e-01
-6.466359803059901212e-01,-9.512920003945718461e-01,-9.572641700435465806e-01
-5.574103407007402478e-01,-9.714784260140977290e-01,-8.556269786829795443e-01
-6.043734732468990511e-01,-9.783596149835481759e-01,-8.872891177735593438e-01
-3.719307674576191602e-01,-8.731582478959978300e-01,-9.657560607307237310e-01
-8.702997530487509570e-01,-9.165283327668024560e-01,-9.080770894256801062e-01
-7.455744361171691148e-01,-8.655024113807943120e-01,-7.953042066502247209e-01
-5.129011014926545542e-01,-9.495867240281676835e-01,-8.156267008201529833e-01
-7.826419566094309221e-01,-9.394644664513676080e-01,-9.601547033850006407e-01
-7.321350132271768896e-01,-9.482215888090560485e-01,-8.382751420955745214e-01
-6.933589055721661731e-01,-9.131191001153452502e-01,-8.409716486366427546e-01
-7.583554858800699572e-01,-9.219705634552814999e-01,-8.804125018301240946e-01
-7.009982670266224902e-01,-9.083934945694681629e-01,-9.776760830194023422e-01
-7.649652689498680491e-01,-9.106297248205817985e-01,-8.890200472777722851e-01
-8.780501186031751670e-01,-9.513053566635857328e-01,-9.228590425736646896e-01
-6.449893838588183215e-01,-8.402409747149924835e-01,-8.404439171160816846e-01
-9.812384850830260241e-01,-9.644811747724026940e-01,-7.969908392294110522e-01
-8.270533474646091232e-01,-9.500511396211855919e-01,-8.385360305533210434e-01
-8.854888238428978431e-01,-8.945503385084536685e-01,-9.742382343770001896e-01
-8.123651105798757044e-01,-9.224372103045306304e-01,-8.939549072384324058e-01
-7.548071292373124130e-01,-9.403064083247267835e-01,-8.682424848800476269e-01
-9.676664519599716963e-01,-9.127113335444758668e-01,-9.634091164272211572e-01
-8.282951049409779110e-01,-9.317014756593644531e-01,-7.988766088451274561e-01
-7.227754124025949078e-01,-9.927970965087855593e-01,-7.294341209306651752e-01
-7.109443532165555801e-01,-9.458260063914796234e-01,-7.903117837896684872e-01
-5.496365529617307510e-01,-9.150513880821955492e-01,-8.859295145087655587e-01
-9.821142859391392976e-01,-9.395960861707249867e-01,-8.220504297380315517e-01
-7.134096287986715357e-01,-9.500360941765797484e-01,-9.323261130179463230e-01
-9.414928266642789145e-01,-9.102521942119741194e-01,-9.905094585712489463e-01
-3.573276710394908129e-01,-9.301110554876407255e-01,-9.026372675078448982e-01
-8.629075522851510360e-01,-9.041419338243269488e-01,-9.164186223313370849e-01
-8.012718639759632833e-01,-9.420964481714954042e-01,-9.372878777123843097e-01
-8.575879589947565940e-01,-9.087489218177172701e-01,-8.367536397395721748e-01
-7.155750316307849523e-01,-9.331511848198287273e-01,-9.543047805060851374e-01
-9.535550695801727761e-01,-9.887893143132856499e-01,-9.318038705893749718e-01
-4.454649031194889974e-01,-9.730396721758680645e-01,-9.600379764853627096e-01
-7.917119176234057587e-01,-9.216218639718830596e-01,-9.533899210760943266e-01
-9.695155326893353243e-01,-9.593437201874908116e-01,-9.694480797939771799e-01
-9.531276272054167720e-01,-9.818321418211813922e-01,-9.502844414981552745e-01
-9.028215478107068925e-01,-9.546945315522072928e-01,-8.366453670043130231e-01
-6.434396153182114775e-01,-9.342229234789084513e-01,-9.095330139574214767e-01
-7.082958842172446534e-01,-8.810740678117480185e-01,-8.689834438321428767e-01
-8.721447286676724531e-01,-9.560017338782474949e-01,-9.375220100512663413e-01
-7.264029531777510540e-01,-9.829322663325749110e-01,-8.830312545381967526e-01
-9.536850519630369893e-01,-9.331665791279343258e-01,-8.774895346725858358e-01
-4.565880621819082830e-01,-9.223489902613511981e-01,-9.958780254091554873e-01
-9.207613836737166269e-01,-9.386100548099253205e-01,-9.718494710155083371e-01
-9.087034580282180585e-01,-9.251988818550697102e-01,-9.962952008457125475e-01
-3.426381506889943362e-01,-9.983237625289315131e-01,-8.921401423661319274e-01
-7.995373770719662598e-01,-9.453637404249146670e-01,-9.962855296416668338e-01
-6.041412395386523970e-01,-9.805485526135362395e-01,-9.124225621021290200e-01
-7.790559904696725546e-01,-9.177313860147155999e-01,-8.840566751567253689e-01
-7.909963297849968988e-01,-9.862119068013113221e-01,-8.980872276681545197e-01
-8.779631052875563890e-01,-8.868882041247658776e-01,-8.353434509570303312e-01
-6.158537657621679928e-01,-9.379983137665917070e-01,-8.923806370085022310e-01
-8.093450529808066118e-01,-9.675332341791933466e-01,-9.344119686809808645e-01
-8.664555411081739100e-01,-9.920650663758520116e-01,-9.449120956037234675e-01
-4.366862394796135471e-01,-9.982685428714777043e-01,-8.967559521819520318e-01
-5.032392482766403496e-01,-9.725351432747405545e-01,-8.972361500871270934e-01
-9.345170374846131223e-01,-9.976446450769453911e-01,-9.083681937192058520e-01
-9.185315689306656761e-01,-9.527756112686506240e-01,-8.614468382771909294e-01
-9.033742269933492386e-01,-9.058435877653095991e-01,-8.719731748328074517e-01
-7.244472562550445804e-01,-9.527309832572664616e-01,-9.316432638960134849e-01
-9.243631745086808849e-01,-9.438752689183443900e-01,-9.200401585448787500e-01
-8.095700781305350535e-01,-9.564567176675761173e-01,-9.817291374252032909e-01
-5.734468533696247539e-01,-9.348871813720533996e-01,-8.974168157016230163e-01
-9.130758491907807750e-01,-9.879190324989434169e-01,-9.546678234830955345e-01
-6.083626665185963844e-01,-9.759630479096510491e-01,-9.124978784452647540e-01
-8.283428922295720254e-01,-9.403318281187199590e-01,-9.756600584004603283e-01
-7.507987386437039445e-01,-9.572062003399699481e-01,-9.825721603415971117e-01
-9.740606483135356708e-01,-9.858286782930132386e-01,-9.917780204838525515e-01
-9.149588781639809154e-01,-9.503093013831943603e-01,-9.433894416327172072e-01
-8.105389183387936569e-01,-8.736134120193870256e-01,-9.478762566142107104e-01
-8.882396977335972332e-01,-9.147323891901353310e-01,-9.269653864429655554e-01
-7.775134094136638696e-01,-9.676043059384051848e-01,-8.685309276242408894e-01
-7.584390069275843693e-01,-9.605904160884622955e-01,-8.950253040485312006e-01
-8.757104226552289150e-01,-8.404391020724886197e-01,-9.176992474778321585e-01
-8.754864854114333683e-01,-9.481380166432615830e-01,-9.428386825871668542e-01
-8.280346102256171958e-01,-8.582663794701516080e-01,-8.750943861486195630e-01
-6.778317112037718362e-01,-9.424208420606655645e-01,-9.875961374462181031e-01
-9.634862315730030602e-01,-9.066492325279380537e-01,-9.939738664464813356e-01
-9.202579924032281422e-01,-9.996320678453380904e-01,-9.283164251310308535e-01
-8.077957725221822649e-01,-9.626937916078344148e-01,-8.849395801959485386e-01
-9.546344590639056493e-01,-9.330712772569911273e-01,-8.957889652883472831e-01
-8.462054105433499673e-01,-9.556058527680182380e-01,-9.198384118154985245e-01
-9.294517470527828840e-01,-9.943109189527915559e-01,-9.535520076384472743e-01
9.930096293586171408e-01,-9.669413135551238048e-01,-9.182065640116768845e-01
-6.059323382138647185e-01,-9.722678221000286003e-01,-9.193253477425223918e-01
-7.721901982590400060e-01,-9.668084959978040516e-01,-8.081068114270720804e-01
-8.971889366720968706e-01,-9.919634693471880427e-01,-9.491630095578366122e-01
-7.126796879364246662e-01,-9.447353828988008795e-01,-9.014442429992906014e-01
-9.950456371279572387e-01,-8.833529392329960706e-01,-7.589635397515893667e-01
-8.658689059976512059e-01,-9.960175450122866758e-01,-7.554875059231110912e-01
-4.358562663185462371e-01,-8.819493574418334481e-01,-7.538095626018210815e-01
-7.646352070716474492e-01,-8.825693824124710707e-01,-9.097749793817364594e-01
-6.867556893920256922e-01,-8.261436309747512974e-01,-9.017763491811697785e-01
-7.307982451218358877e-01,-9.106587246826398641e-01,-9.893461953537854292e-01
-8.498159679172614389e-01,-9.661887527044641377e-01,-9.846832851873202896e-01
-8.801263781322028468e-01,-9.335113979879136048e-01,-9.001831389638089709e-01
-9.338823225392264282e-01,-8.880830615657167026e-01,-8.937563264511764194e-01
-8.164426280297617522e-01,-9.242960327599855086e-01,-9.127706681603170447e-01
-7.242072792968407002e-01,-9.987565714320107979e-01,-8.906170952227630000e-01
-8.998836477796571254e-01,-9.334485399157699259e-01,-8.791501818857744288e-01
-8.420254214174763829e-01,-9.333199575158729333e-01,-9.303184012830223448e-01
-9.778709196698027739e-01,-9.506562525200585867e-01,-9.714548995069944848e-01
-9.744941634693073951e-01,-9.575789510678540672e-01,-9.536208168345731151e-01
-9.420982439982364953e-01,-8.477075711758031984e-01,-8.292456585691340143e-01
-6.990320851859901374e-01,-9.857924857527208262e-01,-8.222823247508435074e-01
-7.404921255390878310e-01,-8.880778208874032797e-01,-8.643394626444578233e-01
-7.605616133833805748e-01,-9.546954120740720473e-01,-8.569718014891016811e-01
-9.841149928645073208e-01,-9.163831594361862010e-01,-8.295495185701259322e-01
-7.274718707523299965e-01,-9.409090816872913710e-01,-9.282535167141880983e-01
-5.265434966830362384e-01,-8.204245349937753229e-01,-8.293158521640724423e-01
-8.119587730016306626e-01,-9.885778322194743728e-01,-8.710534985449966960e-01
-9.092026940554344128e-01,-8.799623564445705481e-01,-8.005832140239812489e-01
-8.317241987840517936e-01,-9.618778864698661613e-01,-8.880720279521152616e-01
-7.585036963891060857e-01,-9.816117890250181111e-01,-8.608872199244181900e-01
-9.885884188030424902e-01,-9.735258238966787436e-01,-8.357310513022363496e-01
-7.161084388620706509e-01,-9.966449087696187537e-01,-7.624558833747694386e-01
-9.479104659462451732e-01,-9.850584255104346543e-01,-9.686165104649565594e-01
-7.563321037251763412e-01,-9.816547301525773150e-01,-8.286188335846457198e-01
-6.322738141626804698e-01,-9.750375383398260931e-01,-9.375854384691499899e-01
-9.335222312723903126e-01,-8.781960580420055118e-01,-9.444125287730701368e-01
-7.552422878694998731e-01,-9.171562638208385909e-01,-8.577223238173871112e-01
-9.809215527207918450e-01,-9.553011863527898218e-01,-9.364162257927035604e-01
-8.626545779111367551e-01,-9.352746502959301544e-01,-7.962604813477994758e-01
-9.936523306679949652e-01,-9.156292138480970344e-01,-9.484971368947462400e-01
-6.834927286250535028e-01,-9.815621307930407768e-01,-8.347498449992230007e-01
-7.228518334850748683e-01,-9.467425693416150478e-01,-9.172443428163650214e-01
-6.638792391929696501e-01,-8.794119739899362020e-01,-9.605353335947415250e-01
-8.180514023428369086e-01,-9.815115133488551136e-01,-7.980900338815294370e-01
-5.196730848597574948e-01,-8.002788644760644443e-01,-8.521872977352445977e-01
-5.764120307962801171e-01,-9.519574540990330958e-01,-8.945094897728150807e-01
-6.757277828831198541e-01,-9.478762394187381091e-01,-9.407279235086909441e-01
-6.614252752904022925e-01,-9.344940612515652001e-01,-9.080793102193298605e-01
-8.746390882297028213e-01,-9.891795323688591379e-01,-8.921401423661319274e-01
-9.174366346812532491e-01,-9.153859549714086219e-01,-7.972469770783936482e-01
-4.596091463047697334e-01,-9.020628594031754321e-01,-8.840950294627751838e-01
-9.911130427316927616e-01,-9.871460789325455787e-01,-8.893826006114264882e-01
-8.488417731168731439e-01,-9.354565244742195640e-01,-9.119054805994758484e-01
-7.511144525632741376e-01,-9.793834393189869703e-01,-9.517839109811191411e-01
-6.805077551587386253e-01,-9.934738637880476952e-01,-7.996598181812065720e-01
-8.467716277391398316e-01,-9.216080074000879696e-01,-9.460674253337806316e-01
-8.410368470237586935e-01,-9.554067784631139482e-01,-9.351407323640105185e-01
-9.607589003791887627e-01,-9.001941036791486495e-01,-8.950248845025411404e-01
-8.424662407983678492e-01,-8.945749396860985803e-01,-9.867658200900233378e-01
-8.153170947101487931e-01,-9.473842232360896176e-01,-9.249097514034987366e-01
-9.677964656211089922e-01,-8.856701573507295144e-01,-8.694355550896292195e-01
-7.337948498284850851e-01,-9.830653842227612405e-01,-8.359708657829416634e-01
-8.724903948299660428e-01,-9.971603115225808889e-01,-7.676565902792149565e-01
-8.181916797139492381e-01,-8.719523256667018885e-01,-8.400866030190090594e-01
-6.300750794799693244e-01,-9.054183421991435221e-01,-8.748646888273514666e-01
-9.490105863120293916e-01,-9.449654145520862691e-01,-7.855083471814467977e-01
-6.913426842865593169e-01,-9.888161652776117361e-01,-9.098493004598726674e-01
-9.334997328070344658e-01,-9.542229164317819201e-01,-8.375058877053572770e-01
-8.128283760306025396e-01,-9.919758761673218572e-01,-8.919812558951996095e-01
9.472091387739213220e-01,-9.624429024449168146e-01,-9.327685956872879824e-01
-9.702766142928287429e-01,-9.564115454497057467e-01,-8.889317268360494850e-01
-9.738213239153025169e-01,-9.410947573077114159e-01,-9.331213257567130270e-01
-8.763469084232204942e-01,-8.681323258915587537e-01,-8.878175349799730665e-01
-9.133901121414236268e-01,-9.303131135112058248e-01,-9.090867060497170860e-01
-9.484945980722825354e-01,-9.895044853699296317e-01,-9.627970397472527253e-01
-9.967229364958646309e-01,-9.847422638155175489e-01,-8.642278992855763065e-01
-4.630733473107112586e-01,-9.943010071489822854e-01,-9.826402049582392273e-01
-6.910780253635900872e-01,-9.486168994483298311e-01,-8.815432461380900975e-01
-9.093146862345652393e-01,-8.657674615655990280e-01,-8.174300260426037301e-01
-7.790668493590262589e-01,-9.567065321528057664e-01,-8.142189567707083242e-01
-7.716558404719142672e-01,-9.209105915444648627e-01,-7.788970597183861866e-01
-6.970504139452434744e-01,-8.813450893480477832e-01,-9.375634426070604821e-01
-9.458660893813444215e-01,-9.744277998248174200e-01,-9.434225322466112118e-01
-8.257391158697572342e-01,-8.974550591694937518e-01,-8.223492798477721744e-01
-6.739620793576280855e-01,-9.723355092916717846e-01,-7.712765799896500463e-01
-9.070178940828081959e-01,-9.539907750284613019e-01,-8.822309588555583559e-01
-7.090285679560685006e-01,-9.101636463283083733e-01,-9.805777685415876244e-01
-7.842156290822228648e-01,-9.439001924514952568e-01,-9.355382483554384176e-01
-8.084103914738240970e-01,-8.775896578849242680e-01,-9.803654196348817740e-01
-9.885275173893449674e-01,-9.015849746842312662e-01,-7.959138269169461211e-01
-5.094633027449522178e-01,-9.294053688768777466e-01,-9.278696637646621781e-01
-9.629523565726951784e-01,-9.431123169177623167e-01,-8.128936682195959662e-01
-8.337123709732633392e-01,-9.819775736453429937e-01,-9.288568311903393493e-01
-8.800715041486213419e-01,-8.825668866580337335e-01,-9.226885181467350261e-01
-9.690516271582800822e-01,-9.518497070577361940e-01,-9.069374985706649683e-01
-8.684870512805755727e-01,-9.908933030496106520e-01,-9.400141600998206393e-01
-8.365197865433851021e-01,-9.988832907294643570e-01,-8.840649112081948591e-01
-7.483218478476275637e-01,-9.239688075736550710e-01,-8.885287061813735843e-01
-7.553397209073497987e-01,-9.087244175045786632e-01,-7.509195554734150457e-01
-7.776514972190429198e-01,-9.766196003468754494e-01,-8.686349144365077546e-01
-5.897051400323695125e-01,-9.734033912785483578e-01,-8.482914511969306126e-01
-7.785446172256293984e-01,-9.033428943409353984e-01,-8.996540536711028491e-01
-7.501058636382578193e-01,-9.386177051539712490e-01,-9.262009797756568519e-01
-9.143165171578030437e-01,-9.596513508127141323e-01,-9.367989812177285325e-01
-8.413223608888158456e-01,-9.728090895795481474e-01,-9.833140882144343342e-01
-9.103838343850290116e-01,-8.982480568040407398e-01,-9.875756716566980176e-01
-8.571268372345157704e-01,-9.020206902604288590e-01,-8.793947094170195822e-01
-4.250751749068167884e-01,-9.935998817553178819e-01,-9.921426229713028455e-01
-9.812493200787549830e-01,-9.298878892188150447e-01,-9.335255290602096911e-01
-7.995740030236904161e-01,-9.979021652041834001e-01,-9.126455206792645214e-01
-6.649580548629796528e-01,-8.969614715693706719e-01,-8.190926784566222585e-01
-7.917814105151159687e-01,-9.278330645728394277e-01,-9.565399203269204786e-01
-8.915082243860492639e-01,-8.425743865075784322e-01,-9.495505616538321148e-01
-7.989314527155016998e-01,-9.876223202657768985e-01,-9.102521942119741194e-01
-7.732595053293208620e-01,-8.139045829792127540e-01,-8.826374406989579979e-01
-8.347537609910439249e-01,-9.724309660404600875e-01,-8.592654938074441029e-01
-9.587448509110709782e-01,-9.606261177595617484e-01,-8.097485496600456134e-01
-7.550759109224318699e-01,-9.776784193482004337e-01,-9.398712946332241636e-01
-8.267586728901319404e-01,-8.912376984179699591e-01,-9.879407081746829355e-01
-9.406671844744962652e-01,-9.834622476054759588e-01,-8.918054849332812672e-01
-6.098302752148654360e-01,-9.756901771196107021e-01,-7.833716603395537437e-01
-7.385723591588289061e-01,-9.677545998051695353e-01,-9.226885181467350261e-01
-8.931103856322265555e-01,-9.870380840770728303e-01,-8.700704934743389574e-01
-7.884608409877388313e-01,-9.901696032119796653e-01,-8.973441637442072238e-01
-9.659706691896619013e-01,-9.534052942970826505e-01,-8.460077219118073977e-01
-9.437863099363893449e-01,-9.880833281491340214e-01,-9.976295411795456092e-01
-8.727805164365334267e-01,-9.754027965963835145e-01,-9.875386248529746114e-01
-9.442695185370360011e-01,-8.696726629367615979e-01,-9.462352325556473431e-01
-8.571120127642589681e-01,-9.638632791395297383e-01,-8.163228864759294323e-01
-5.632890414477723651e-01,-9.905198770041712120e-01,-9.411719346926740171e-01
-2.592450659998837836e-01,-8.752475870121353418e-01,-9.242021424572549604e-01
-9.901500531783290482e-01,-9.714784260140977290e-01,-8.742906333351508907e-01
-9.071850789993785025e-01,-9.622600648187979999e-01,-9.129333770906579160e-01
8.084836861104905958e-01,-9.644446228350938011e-01,-9.083972788014200717e-01
-6.924745247232071410e-01,-9.705745510843439838e-01,-9.299012223047854464e-01
-8.511632506612047955e-01,-9.888105214241621477e-01,-8.878904761836572401e-01
-9.160810217882373596e-01,-9.949160001709080881e-01,-9.782201262707830303e-01
-8.760042125765310495e-01,-9.924285167610034097e-01,-9.450562760153622399e-01
-8.669015841458117544e-01,-9.705208339525187577e-01,-9.115147921146504739e-01
-9.984422267894094150e-01,-9.897759712942583166e-01,-8.375406794733279980e-01
-8.122255349289636550e-01,-9.663758063491102446e-01,-8.256451716392204654e-01
-8.871490519755630411e-01,-9.834968401585619802e-01,-8.929295423533152309e-01
-5.390120670594673591e-01,-9.373241246686584427e-01,-9.670213416352447799e-01
-8.234118099554667003e-01,-9.535771635591279161e-01,-8.815964285570655479e-01
-9.054397356580162759e-01,-9.713329121533976762e-01,-8.938762044280320618e-01
-9.936311089611415959e-01,-9.664184810611825549e-01,-8.665217307047532458e-01
-8.332959492587371786e-01,-9.977551809399830551e-01,-9.113027456122293479e-01
-8.203918830925704953e-01,-9.659622841605927102e-01,-9.050950745345356374e-01
-7.646897527922501547e-01,-9.556902729073712965e-01,-9.379504222517279777e-01
-7.803284393954367237e-01,-9.545562455137093227e-01,-9.773667849093526927e-01
-6.027495297602322166e-01,-9.016563717391024024e-01,-9.728714938880855811e-01
-9.150905750176169251e-01,-9.162609118838520583e-01,-9.288639412338266510e-01
-6.321938588839258744e-01,-9.977688325096812916e-01,-9.560221218107897156e-01
-9.066120259543430926e-01,-9.957704423607649513e-01,-8.096008945254981048e-01
-5.926319961638361056e-01,-9.583920902384434060e-01,-9.703542003005817262e-01
-8.375594296899832036e-01,-9.193412434693282176e-01,-8.909077581325710593e-01
-7.784328231997054148e-01,-9.385626623090598253e-01,-8.236024763114605518e-01
-5.288159057496520932e-01,-9.533905838235827712e-01,-8.551389165982793417e-01
-9.466000632589071095e-01,-9.178203278808669818e-01,-9.852353285963936225e-01
-9.121408060136582119e-01,-9.656695846028454655e-01,-9.747422897959785448e-01
-8.266351470633573895e-01,-9.986737009734262260e-01,-9.977939455388049605e-01
-9.294195567967966642e-01,-9.205791490484884765e-01,-8.515081062361720132e-01
-5.572394665078933551e-01,-9.626553691012201819e-01,-7.437165867157371490e-01
-8.657422979477717995e-01,-9.682751200502162092e-01,-8.048767825581145674e-01
-7.995912544681235135e-01,-9.186964830702357698e-01,-8.706096359050536915e-01
-6.302748983534760541e-01,-9.628115352883467315e-01,-9.853218252898038321e-01
-6.568942166813731554e-01,-9.895231598030395093e-01,-9.202947759858913779e-01
-9.711315566430005486e-01,-9.392195857996521458e-01,-9.313351825708653386e-01
-9.202415847357521272e-01,-9.321379361366802785e-01,-9.808914694773595011e-01
-9.548609908274718894e-01,-9.270084119755805929e-01,-8.448442895410833708e-01
-8.354641428940852155e-01,-9.593189116902181013e-01,-9.530072392022779226e-01
-8.378726157401761299e-01,-9.274715579988849212e-01,-9.502827390967810706e-01
-3.525194129351086891e-01,-9.300372110335198839e-01,-9.302845435867084234e-01
-9.374501197423372734e-01,-9.808244320884570433e-01,-8.196150322841112557e-01
-7.676567230324526925e-01,-9.924917210501880138e-01,-9.652885771783845659e-01
-8.579098958252983076e-01,-9.658291029621118851e-01,-9.009964836855828274e-01
-7.317860547519648984e-01,-9.764882194637801716e-01,-9.253329607725766515e-01
-9.598730576330275488e-01,-9.068010028075113027e-01,-8.376731958799360500e-01
-7.694149624872659299e-01,-9.705205883467150629e-01,-9.183506362847270177e-01
-5.195517623204609636e-01,-9.231981568439300290e-01,-8.459160667086271790e-01
-9.752338046353291601e-01,-9.332977642633450976e-01,-9.236363866144859935e-01
-9.094750837597062043e-01,-9.205520315575332901e-01,-8.120678802545184816e-01
-4.274099178943380206e-01,-9.963998578579840171e-01,-8.572373511000408453e-01
-9.437203124754931505e-01,-9.883689547660283736e-01,-8.792730584760226620e-01
-9.977739110838613756e-01,-8.988406912842350494e-01,-8.860432175450867476e-01
-8.962315750540511550e-01,-9.065831203199232746e-01,-9.588550083714282302e-01
-8.148254925992044484e-01,-9.276499080258423513e-01,-9.083782397038462353e-01
-7.398581285423899701e-01,-8.834688116082736187e-01,-9.272051817571695942e-01
-8.206013378429460881e-01,-9.507040267052572213e-01,-9.284950696264947512e-01
-5.691853944408703514e-01,-8.923428306068239557e-01,-8.880646787442478818e-01
-8.736002028317341184e-01,-9.934181448266181658e-01,-9.523043087841573939e-01
-8.255268463652841726e-01,-8.612062668593438719e-01,-8.949320750350217013e-01
-9.310431787707741380e-01,-9.790813778250596622e-01,-8.879264641113456813e-01
-9.509428514952426026e-01,-9.399538468466095420e-01,-9.424790931443643993e-01
-6.367999849415948432e-01,-9.154416582644101519e-01,-8.139372481682431992e-01
-7.747447660980195661e-01,-9.873537410010733151e-01,-8.823353605422306067e-01
-8.637374283211279868e-01,-9.072178516036538687e-01,-9.891778443312997382e-01
-9.356578702572102557e-01,-8.426805926109559586e-01,-9.394315415017053805e-01
-8.219442010676544230e-01,-9.742508974355574836e-01,-9.094786705798864057e-01
-9.823669802103313087e-01,-9.477294892415938365e-01,-8.249351798528625768e-01
-5.574552171512425769e-01,-9.205333001301769791e-01,-8.935582435606789220e-01
-9.327761738955162585e-01,-9.234581349874908529e-01,-9.508870983393884480e-01
-9.220740444570766359e-01,-8.924878707026308033e-01,-8.918450364493797355e-01
-7.628895334153219521e-01,-9.475326790624593043e-01,-8.517062931936570935e-01
-9.092537318741906738e-01,-9.334293680523646497e-01,-8.838321032942628719e-01
-7.100068315310188449e-01,-9.700781530110100803e-01,-9.630650181449943448e-01
-8.059848949098600279e-01,-9.931114140831635018e-01,-8.611532500473195739e-01
-5.882521338104409470e-01,-9.067014603326533084e-01,-9.218609995871507312e-01
-9.999723203399711879e-01,-9.690720763457563169e-01,-8.400706923778080704e-01
-8.445425287745755849e-01,-9.314028017490887379e-01,-8.121999651066130754e-01
-9.493008458009396522e-01,-9.223620604881869189e-01,-9.585088693196303078e-01
-5.810587252490897470e-01,-9.782059563211946696e-01,-8.877817580165685563e-01
-8.564388502802344760e-01,-9.746954006955719230e-01,-9.271793392988003646e-01
-8.220820833834837638e-01,-9.685130903238479139e-01,-9.211013472021960524e-01
-9.231039129676181787e-01,-9.495299146349728270e-01,-7.884447965059075969e-01
-6.411053438200090548e-01,-8.881965361881388743e-01,-8.527628962862314754e-01
-9.576622437986027636e-01,-9.614600888535651535e-01,-8.979866536337481886e-01
-9.835134396044494798e-01,-9.783328889391571526e-01,-8.731266294060067157e-01
-8.064239073080252673e-01,-8.986233638570398918e-01,-8.418653245228371329e-01
-6.525157390749961595e-01,-9.883266220851345540e-01,-8.749881203466129964e-01
-7.106829977723418956e-01,-9.457409212715028879e-01,-8.469216063732031285e-01
-6.507160815680722576e-01,-9.686502023464554911e-01,-9.314891215373142241e-01
-8.775106654182507349e-01,-9.347669197737406011e-01,-9.157540700575256265e-01
-7.763538230524660300e-01,-9.064149072522977857e-01,-9.166838823997442987e-01
-8.190245082670828403e-01,-9.334744479366708925e-01,-8.159223328987652568e-01
-6.971941655859138498e-01,-9.592601958764588321e-01,-9.926112763913723658e-01
7.220590327926597052e-01,-8.963083597808467751e-01,-9.941671249680521516e-01
-7.771312936668834936e-01,-9.395774058066173051e-01,-9.869231572199737013e-01
-8.296944814374763721e-01,-9.128956080883265933e-01,-9.574217191488815226e-01
-7.274159940571038874e-01,-8.686555242822402434e-01,-8.819912785088974694e-01
-9.133818834656594055e-01,-9.209596303733662559e-01,-9.608120593527310627e-01
-7.515727176522590813e-01,-9.996188686989900818e-01,-9.064607352019394826e-01
-8.857823378481055610e-01,-9.464925540311492913e-01,-8.503015955765786948e-01
-6.167693655362694871e-01,-8.865815114443040823e-01,-9.240027882520209790e-01
-7.781544539609550615e-01,-9.466921224742194108e-01,-9.019202312557139667e-01
-8.819813046883221430e-01,-9.227480202995523850e-01,-9.802332051825316528e-01
-7.859278369978711654e-01,-9.589547206018633752e-01,-7.799579143866726127e-01
-6.686774129472153883e-01,-9.589547206018633752e-01,-8.830861883832524795e-01
-8.869805080338484249e-01,-9.782641752514315003e-01,-8.817396306080053092e-01
-9.821722345215980754e-01,-9.148097072347715075e-01,-9.423841069852663122e-01
-6.752668713687096647e-01,-9.751763979581167252e-01,-9.419207562893047170e-01
-5.538513314209669858e-01,-9.073376813174880429e-01,-9.414449176496070271e-01
-6.638153127451874580e-01,-9.837834652447635664e-01,-9.806495291878151166e-01
7.972487629946025667e-01,-9.170410037155583005e-01,-9.692263223536464745e-01
-5.202134928835111527e-01,-9.403379684478476719e-01,-9.204522661772619463e-01
-6.799072581240298563e-01,-9.691438746384877234e-01,-8.462734203788977450e-01
-8.303550933196611750e-01,-8.702288665797304201e-01,-9.801740077539544682e-01
-7.558977312316540464e-01,-8.008252908219362087e-01,-8.244112444922491179e-01
-5.730874877062740458e-01,-9.472075552109929797e-01,-9.458676045012835987e-01
-7.721042111133178398e-01,-9.170383767990961665e-01,-9.727125864098812302e-01
-9.223136350672624939e-01,-9.987838374094790694e-01,-9.176750371502744308e-01
-5.665467226677506352e-01,-9.665725784909785512e-01,-7.857178522678256449e-01
-9.600266244899662293e-01,-9.685462729224066925e-01,-8.552323233038013894e-01
-6.682072779247811845e-01,-8.461068759989638366e-01,-9.244288809888712155e-01
-9.359534676431231492e-01,-9.065816106917828909e-01,-9.632920154145669933e-01
-8.980778700346214727e-01,-9.574384734189842483e-01,-8.864993436741115396e-01
-8.018195628546317399e-01,-9.932965282385850525e-01,-9.084164945370550859e-01
-8.928719894425988235e-01,-9.074865182903806282e-01,-8.799391656401002182e-01
-7.438491793343804392e-01,-9.350486384082101754e-01,-9.387192729774286315e-01
-8.462459212652573282e-01,-9.932638099906938578e-01,-9.113123977308519308e-01
-8.904719096330769856e-01,-9.536071957434602009e-01,-8.278524144871834967e-01
-3.383426137646844967e-01,-8.761283023170651774e-01,-9.885275889335530808e-01
-9.389529762849507799e-01,-9.270714925939862461e-01,-9.045506515430280503e-01
-7.743447798660147985e-01,-9.800856629264523834e-01,-9.649704340408431502e-01
-9.405947173829904973e-01,-9.567567457637528028e-01,-8.243839755634244648e-01
-8.797779170566285556e-01,-9.920979256903001975e-01,-8.740413211635434942e-01
-5.925313978345766452e-01,-9.437148541705708826e-01,-8.935974897372997994e-01
-7.613322734374516898e-01,-8.746271235769402796e-01,-9.151679316011021026e-01
-9.734086064994674770e-01,-8.617608594414721823e-01,-9.671748306348957325e-01
-8.730683815364864708e-01,-9.817255469026521242e-01,-9.158734004911096571e-01
-6.461841798673687576e-01,-9.923516501061145911e-01,-9.143563762597356481e-01
-5.515911935898627494e-01,-8.818958041125090075e-01,-7.937793418754395258e-01
-6.511310706134112447e-01,-9.926951329599995599e-01,-9.056667838111570612e-01
-7.301421544810888786e-01,-9.349716429578739385e-01,-9.298584689592523933e-01
-9.129387410713184492e-01,-9.030010176496223728e-01,-8.213747282094512325e-01
-6.429685641511854177e-01,-9.038723675104005650e-01,-8.910780519372389907e-01
-9.494286974287460268e-01,-9.349471069948336321e-01,-9.073081294928060370e-01
-9.186774238011482518e-01,-8.860522046843755106e-01,-8.534711201670703851e-01
-7.722175198510895511e-01,-9.343372126986759785e-01,-9.621044568450718426e-01
-8.463754103662122219e-01,-9.132294265884368656e-01,-9.926076628881164154e-01
-7.076528087913318554e-01,-9.817536085094571430e-01,-9.008640761292404653e-01
-9.239857466244043582e-01,-8.716216855214855563e-01,-7.711962499846378716e-01
-6.957584398021344763e-01,-9.389885833949634941e-01,-8.461516268910680427e-01
-8.330915768375229957e-01,-9.582990558112103319e-01,-8.603829450522522126e-01
-9.313428525020229776e-01,-8.575550957586983714e-01,-8.134391893230180637e-01
-9.714435987522488380e-01,-9.567567457637528028e-01,-9.625184298097151370e-01
-5.054666067939785901e-01,-9.063347978736848720e-01,-9.562280815935667588e-01
-4.448454673733395204e-01,-9.580156321641856154e-01,-9.136255671853775739e-01
-9.865339849596117539e-01,-9.912919076673712970e-01,-9.875831090463120798e-01
-7.464974357424203344e-01,-9.527031935948782060e-01,-8.474390711918220465e-01
-9.185579811558475249e-01,-9.890619571684159395e-01,-9.307197478521334055e-01
-7.180195610049091570e-01,-9.868796168778118938e-01,-8.760413635474099125e-01
-8.616713631322960865e-01,-9.687931110197701701e-01,-9.807743377648212579e-01
-6.340677338901432591e-01,-9.185027449670200017e-01,-8.552484647075363489e-01
-8.615984686496687139e-01,-9.355266305531779736e-01,-8.064107774583684218e-01
-7.836886525152488847e-01,-8.448642093162684885e-01,-8.101255279057912873e-01
-8.467958037131403382e-01,-9.199180071042399875e-01,-8.841973009408551354e-01
-5.907979813167373306e-01,-9.607828898278171215e-01,-8.431024078209798933e-01
-9.218710897191121356e-01,-9.472452019340867890e-01,-9.062292676701871885e-01
-8.378853435817246176e-01,-9.901317423017884645e-01,-8.541847190771856280e-01
-9.470440678605793750e-01,-9.736895485648697779e-01,-9.709448949863282996e-01
-8.032822726370637545e-01,-9.241631601974583665e-01,-8.026260438866531510e-01
-8.762036586224957180e-01,-9.736526796123450289e-01,-9.319469638063181405e-01
-4.384894643985871032e-01,-9.586326275931422725e-01,-8.284262747519312020e-01
-9.031419451435219736e-01,-9.791951848051652085e-01,-9.284051340323028478e-01
-7.782327538194616645e-01,-9.272818287206984200e-01,-9.254619293507436728e-01
-9.550029132589480385e-01,-9.971670556136762453e-01,-8.493949549856987247e-01
-8.726002898893698845e-01,-9.953892823257372013e-01,-8.411282094133762932e-01
-9.525880904938244242e-01,-9.235775815192801552e-01,-8.835063207583130351e-01
-9.864318998488523782e-01,-9.958451522012158330e-01,-9.101906488807605111e-01
-6.513116569291310665e-01,-9.941464762236310593e-01,-8.055858712960299872e-01
-8.166367959422711209e-01,-8.653220479853599434e-01,-9.068443422165284318e-01
-8.513201693145052706e-01,-9.580328684384130655e-01,-9.527322690755670731e-01
-9.216922373784880440e-01,-9.615122764425231283e-01,-9.622584018132731565e-01
-9.664137756200290585e-01,-9.971203635955998568e-01,-8.269468983480758872e-01
-7.466804473401804643e-01,-9.852145709745202540e-01,-9.422065784018771595e-01
-9.648234167813882767e-01,-9.751297375333149997e-01,-8.847650036465134482e-01
-6.346587542066722820e-01,-9.790723663762848084e-01,-8.740406105097903167e-01
-7.745189602847279975e-01,-9.502931746051448414e-01,-7.862034536687003694e-01
-8.821727735129266668e-01,-8.847776846635848624e-01,-8.461401552945938542e-01
-9.337829193275872797e-01,-9.489389327340017610e-01,-8.944388930913078628e-01
-8.175550053123988858e-01,-9.651233257687754641e-01,-8.697342366907307998e-01
-8.218013526264069668e-01,-9.630467966270371827e-01,-8.863396093756823468e-01
-9.715988622415163700e-01,-9.410144315363769829e-01,-8.649961212726169357e-01
-8.004492878617264218e-01,-9.368754088595816487e-01,-7.998885463404936669e-01
-7.588978144868836484e-01,-9.522743738767441846e-01,-8.720654253024415770e-01
-4.552033912438538943e-01,-9.472406875860469588e-01,-8.923662750599028470e-01
-9.147138409731953024e-01,-9.889320741996303621e-01,-8.991348247225270374e-01
-8.850341252223078437e-01,-9.770968399821716721e-01,-8.949110503677114581e-01
-7.537835029841276624e-01,-9.981311095997313920e-01,-9.792833929237136914e-01
-9.165666664277068998e-01,-9.979927602486627913e-01,-8.863621693872807406e-01
-8.516927462430501361e-01,-9.028461636333626750e-01,-9.358485576170483267e-01
-8.063918673949919125e-01,-9.541529186281525465e-01,-8.386492966467736787e-01
-7.331275817205101797e-01,-9.808309328847256703e-01,-8.628122073511572676e-01
-8.735264987749332688e-01,-9.565668342019558734e-01,-8.011007103480359826e-01
-9.746583303088222072e-01,-9.419316450880541591e-01,-9.310742231009864200e-01
-9.163004379441341829e-01,-9.741355567714857777e-01,-9.742130582268693217e-01
-7.485253069074783161e-01,-9.983347681484855407e-01,-9.393873373528127679e-01
8.087351787520433710e-01,-9.117810349915975721e-01,-9.064359167915526649e-01
-7.045697785824709403e-01,-9.242689743178231776e-01,-8.352797583194569997e-01
-8.841111485732605635e-01,-8.882733122230669354e-01,-8.895938102244428380e-01
-9.827553979701221243e-01,-9.203613196745216163e-01,-8.654742687886867181e-01
-9.754526139106655114e-01,-9.824757748377135336e-01,-8.724921618781920074e-01
-7.392871679785513184e-01,-9.227537861230798999e-01,-9.895875968512846121e-01
-7.953482681078017924e-01,-9.300166113662738931e-01,-9.438082429628522618e-01
-7.693222970765696278e-01,-9.459016604535447348e-01,-9.305054417406932732e-01
-9.649654894714611020e-01,-9.294835903834264279e-01,-7.813227515172621596e-01
-8.404022618388067301e-01,-8.968069849102636715e-01,-8.980444928376629665e-01
-9.771644072794049007e-01,-8.644200213394269694e-01,-8.510841805619437928e-01
-7.462754030398979221e-01,-9.405488532824172188e-01,-8.262006505029252379e-01
-9.487896781962055215e-01,-9.523697574982444847e-01,-9.407646264069686737e-01
-6.675878158220116543e-01,-9.507549180199119654e-01,-9.273187404952469848e-01
-9.220263324394967208e-01,-9.773667849093526927e-01,-8.755812202274240175e-01
-9.177014666078551208e-01,-9.215090063926141273e-01,-8.174573646088498791e-01
-9.190241249295811876e-01,-9.686437418528428545e-01,-8.699208140982958026e-01
-8.246639738558572130e-01,-8.912172854843091185e-01,-9.340761435157837189e-01
-6.935434722261450968e-01,-9.405898209893301942e-01,-9.108552467141047826e-01
-8.151122038914770940e-01,-9.285192701331933529e-01,-9.509100030664993097e-01
-4.635516677587963041e-01,-9.157456101386972636e-01,-9.259556042565014744e-01
-7.999116889385304852e-01,-9.606984743000086535e-01,-9.326161904643536227e-01
-8.825204400756451184e-01,-9.903161003650534644e-01,-9.082622280901577749e-01
-8.214378900056675814e-01,-9.092914948888131121e-01,-8.802158758165172792e-01
-6.152013894537042837e-01,-9.431320836511375427e-01,-8.638807561363913701e-01
-4.097169773452806196e-01,-9.410052805797515241e-01,-8.425578784681090339e-01
-8.348879516650667965e-01,-9.232672804992363425e-01,-7.869623049271493587e-01
-9.135595570076612271e-01,-9.643393713175120174e-01,-8.936856884247496025e-01
-7.616007351746350018e-01,-8.403613561232931017e-01,-9.104412416595095703e-01
-9.000931974325380169e-01,-9.124936986623561896e-01,-9.382950204414941542e-01
-8.966215986122498816e-01,-9.400430511231792075e-01,-9.109229179157811718e-01
-9.450429781054400236e-01,-9.053389151310277105e-01,-9.404064572203764127e-01
-8.346078121326614419e-01,-9.833116944898843137e-01,-8.679668423749183903e-01
-9.519153217860016891e-01,-8.985719443405153495e-01,-7.160798938679975301e-01
-7.568548527551349769e-01,-9.872783821633263068e-01,-9.613525603428594302e-01
-9.909270399482159597e-01,-9.392505518320107827e-01,-8.759412659448732041e-01
-9.219706556933870978e-01,-9.455643676836592570e-01,-8.656818906724013107e-01
-8.140733748169779460e-01,-9.841552612747255235e-01,-9.420968163679458440e-01
-9.648955567987977933e-01,-9.560390565677168162e-01,-9.883398507808286437e-01
-8.106099912723361278e-01,-9.892831193007760593e-01,-7.917699120962148340e-01
-7.442728351945447907e-01,-9.498163619477173469e-01,-9.679962119264203801e-01
-7.901184920355879271e-01,-8.747660991868283498e-01,-8.173246595348144794e-01
-9.110603040762408344e-01,-9.938364825274408343e-01,-8.205156820474930335e-01
-9.547113426565654315e-01,-9.762435772462912942e-01,-9.482149425569720291e-01
7.912765003632502570e-01,-9.937318593315053183e-01,-9.189845146702557699e-01
-8.614807941818550807e-01,-9.605836880333588068e-01,-8.807116069490377175e-01
-9.748775728023357789e-01,-9.739298097498008122e-01,-8.326999672672948938e-01
-8.013375937965387941e-01,-8.638729037797246990e-01,-8.622164333918108658e-01
-6.041028453114536401e-01,-9.632883892736848752e-01,-8.999116611427595558e-01
-8.941820805758657897e-01,-8.869298283522588644e-01,-8.486790024284038836e-01
-9.354853474158574267e-01,-9.664853879424969429e-01,-8.044048346778336356e-01
-9.472640531046514489e-01,-9.746789928192701735e-01,-7.970954274154197217e-01
-9.194897101316454879e-01,-9.260635176411169400e-01,-9.483919165217069569e-01
-6.535641499673831012e-01,-9.245677795210158756e-01,-9.365151390032693257e-01
-6.071683871647678421e-01,-9.976616002402429739e-01,-8.731780751217077530e-01
-9.555936987322949383e-01,-9.865807885307883440e-01,-9.093904635464201691e-01
-7.168076063206807458e-01,-9.265701709117286633e-01,-7.684134294740270210e-01
-7.818775341275623347e-01,-8.771106818650198367e-01,-8.648106588654882465e-01
-4.632378856889916019e-01,-9.585039987590073807e-01,-8.340515254328886297e-01
-7.108954806015782557e-01,-9.108883556781152135e-01,-8.261436309747512974e-01
-8.379492950673513851e-01,-9.267388717809270648e-01,-8.809980216816195586e-01
-9.301744075428275416e-01,-9.763048488270905656e-01,-9.996065456331558741e-01
-9.130594844898570761e-01,-8.278524144871834967e-01,-8.308256009827331701e-01
-9.127934636599432938e-01,-9.188992636660396895e-01,-9.487375602307763778e-01
-8.426018910983716914e-01,-9.369138030724215582e-01,-9.794365602540751059e-01
-6.743500899638067425e-01,-9.884225318780958114e-01,-9.934867266864421120e-01
-7.402697829175235444e-01,-8.852931087338349325e-01,-9.417793102401507133e-01
-7.294283572521077508e-01,-9.058404567537506891e-01,-8.620388755556892546e-01
-6.117805854255981002e-01,-9.142998487660098927e-01,-8.899687188654361591e-01
-8.637581724377856318e-01,-9.642134136333074812e-01,-9.188550173504588248e-01
-7.862656125479744462e-01,-9.401564721364752408e-01,-9.669714936838069708e-01
-7.063227524162996041e-01,-9.456516356374093935e-01,-8.636171221202625370e-01
-7.109701287481773324e-01,-9.999510695296706109e-01,-9.452141546713981324e-01
-8.782360475115447151e-01,-9.611848688540680641e-01,-8.857344413479878442e-01
-7.018275746635938006e-01,-9.713118020643568551e-01,-9.080476873784302239e-01
-8.688543752271736809e-01,-9.424059816229636288e-01,-9.629878791388276627e-01
-9.280840312671376768e-01,-9.879453562276375722e-01,-9.220500877461774714e-01
-6.676683334851661877e-01,-8.459978312349945018e-01,-8.179728763520432988e-01
-7.481567344440558376e-01,-9.397664743682567767e-01,-9.650666238780287731e-01
-9.520972417867517024e-01,-9.620599016643843759e-01,-8.997513650830697429e-01
-8.784393007135378184e-01,-9.577458965545927461e-01,-9.109698859411827776e-01
-5.099423826265547799e-01,-9.922793289460466459e-01,-8.819619251355675926e-01
-9.767895190261389748e-01,-8.600352742226126113e-01,-8.899449035289599408e-01
-7.620483907350436015e-01,-8.137383247258948016e-01,-8.645499541168815139e-01
-7.066944213794452700e-01,-9.984619335551482289e-01,-9.131935581671146718e-01
-8.728092645173946007e-01,-9.388220668271799463e-01,-9.279086768429465337e-01
-9.918678691833026084e-01,-9.257169706063117509e-01,-8.855663422618517133e-01
-8.830535022378146470e-01,-9.086596978746562803e-01,-9.006372797787395301e-01
-9.397418342645335043e-01,-9.724404874455262471e-01,-9.094529345723318947e-01
-8.906567439171397815e-01,-8.844958720105633443e-01,-8.984715370968590076e-01
-7.896872415185033356e-01,-9.166185193058098424e-01,-9.241917159931096748e-01
-8.470580760044111868e-01,-8.968681242881655358e-01,-8.995237336319186205e-01
-8.353827936142723676e-01,-8.565646738825659634e-01,-9.831103947002024501e-01
-7.965147027143365532e-01,-9.425584486105147430e-01,-8.517991576898844563e-01
-7.806055303138935697e-01,-9.968918586961814654e-01,-9.365635290633913534e-01
-7.003839173352257585e-01,-9.091937036126201965e-01,-8.222392391765629416e-01
-3.468069991001341834e-01,-9.495288965829429273e-01,-8.249860771381436475e-01
-4.873708878177229753e-01,-9.548447077725371601e-01,-9.196325768236145448e-01
-9.281828967261002150e-01,-9.774469007612370808e-01,-8.733519449141423641e-01
-8.196235787230926606e-01,-9.369766707794414673e-01,-8.530513893713835838e-01
-8.821242304235555887e-01,-8.464094041190272089e-01,-8.856772527187667388e-01
-9.262434833758451669e-01,-9.653653676913664938e-01,-8.818599425061857122e-01
-9.975766925520370698e-01,-9.456934535168716183e-01,-8.391737382917088262e-01
-7.071771964212263395e-01,-9.922685060028515469e-01,-8.453770900900420271e-01
7.120783645793893335e-01,-9.619163158298509320e-01,-9.259822581446157663e-01
-5.920338867953544026e-01,-9.345693073582057586e-01,-9.326820398631232578e-01
-8.326115627988566192e-01,-9.526058468762158560e-01,-8.535654417598691479e-01
-8.161982914531530353e-01,-9.931493677520211172e-01,-9.879890623431826224e-01
-8.718076581246163581e-01,-9.222643310177718323e-01,-8.754031704606020092e-01
-9.091391242386768212e-01,-9.480050880359998100e-01,-8.985390074827257489e-01
-7.974866048922948369e-01,-9.593963371128392259e-01,-9.184942531391339093e-01
-9.340183786244190545e-01,-9.385781184400530108e-01,-8.365654848868067095e-01
-9.585685625129267695e-01,-9.355692539476190284e-01,-8.438906813123996375e-01
-7.232422322092982858e-01,-9.482486469891552305e-01,-7.274987293102823660e-01
-4.524096483366203403e-01,-9.999721349056632791e-01,-9.320107949403750869e-01
-9.514706517137362374e-01,-9.141043061790933288e-01,-8.580537202932279062e-01
-9.673492393221917451e-01,-9.656342042436291129e-01,-9.225150674708528786e-01
-9.112529794735174660e-01,-9.630742898724025114e-01,-8.527775927903239461e-01
-7.032379110833724134e-01,-9.588625258884124758e-01,-7.832177812938880823e-01
-9.120370422412169553e-01,-9.554980850012364524e-01,-9.658031755147109543e-01
-9.473912595428780614e-01,-9.508815713592011498e-01,-9.204309177899820948e-01
-7.756337146612133360e-01,-9.066400956547888690e-01,-9.539952333142951435e-01
-8.856678214216117118e-01,-8.380575664045929463e-01,-8.890864487804774896e-01
-6.172287021303726195e-01,-9.841322374881967816e-01,-8.072740755331362372e-01
-8.538779223001210505e-01,-9.958087389377530130e-01,-8.495410016852840140e-01
-8.962255129252824082e-01,-9.949661118573140950e-01,-8.589803480726416751e-01
-9.571514182862400633e-01,-9.264837423609658673e-01,-9.482390455210151226e-01
-4.537146724619093852e-01,-9.839758303372222459e-01,-8.662582239106236814e-01
-8.082993962578775005e-01,-9.722421269811419853e-01,-8.366634885892215712e-01
-9.737920739912152568e-01,-9.348396902878899350e-01,-8.780388909304017719e-01
-7.690226572446959841e-01,-9.517470497457819478e-01,-9.301184257293695357e-01
-6.606521037932273632e-01,-9.386940702845555373e-01,-8.872231343698747663e-01
-8.468026605242436888e-01,-8.918450364493797355e-01,-9.285893885260352310e-01
-8.211343455463225860e-01,-9.030010176496223728e-01,-8.956696208403298609e-01
-5.052494258141105865e-01,-9.601020544338868534e-01,-9.511063593042239361e-01
-7.520932888706227670e-01,-9.677546474466118820e-01,-9.313973261600226872e-01
-8.166471702839510627e-01,-9.001295095023588155e-01,-8.862677334233134419e-01
-6.169048965539547513e-01,-9.884092422317648508e-01,-8.325311151722469827e-01
-9.325946764780658205e-01,-9.120303472488051622e-01,-9.537260013465608255e-01
-8.079908979725992646e-01,-9.027259949171410058e-01,-9.400847869448366589e-01
-6.378597494427445946e-01,-9.215890465036750134e-01,-8.921096416738687473e-01
-8.823887190501096267e-01,-8.953941224451464898e-01,-8.645671044479468215e-01
-9.490070525802507539e-01,-9.749107365393349101e-01,-8.278513840674230906e-01
-9.027083056612410505e-01,-9.601577158688215929e-01,-8.678496738460972360e-01
-9.092034646124187436e-01,-9.946678847408600976e-01,-9.757568861997476528e-01
-7.290158982068540849e-01,-9.329765709899524584e-01,-8.898983616843069155e-01
-9.442000715530254329e-01,-8.283022925484716525e-01,-9.072649010613871301e-01
-7.866890895348377377e-01,-8.739200875809480795e-01,-8.988263316504808698e-01
-9.507515416812211129e-01,-9.887165325131548332e-01,-8.951748316508627568e-01
-6.400982512541523173e-01,-9.528044417704951696e-01,-8.969212874983325534e-01
-9.430059760841090766e-01,-9.702866436633538205e-01,-9.947394373150756364e-01
-8.819830009358694545e-01,-8.542068825525860332e-01,-8.546225579779047621e-01
-8.889505843303980859e-01,-9.307188074947213563e-01,-9.390676229905946526e-01
-8.463742887438697737e-01,-9.001941036791486495e-01,-9.662947751682314790e-01
-8.862654074020249739e-01,-9.211549123286969509e-01,-8.802014617974220911e-01
-8.769816043643977599e-01,-9.163903855125035136e-01,-8.098361499402798591e-01
-7.503153974528905534e-01,-9.827103875758693707e-01,-7.658832688237807718e-01
-8.221108930447035279e-01,-9.416489885754349975e-01,-9.892345278792881169e-01
-7.346663473867245386e-01,-9.386940702845555373e-01,-8.778175112184748441e-01
-7.499279486855963128e-01,-9.862989438812159726e-01,-9.363566728851788756e-01
-8.079237607964816492e-01,-9.292331107910050125e-01,-9.317040675067873590e-01
-7.399984346226931020e-01,-9.087584088345149747e-01,-9.087820048443229215e-01
-9.359730662193480599e-01,-9.767613510463407644e-01,-8.441755997205693252e-01
-5.872383895624923023e-01,-9.894473426914023317e-01,-7.948849102094938113e-01
-7.965747988789856349e-01,-9.176117576401555676e-01,-9.236727489605696118e-01
-9.648183206561060654e-01,-9.488216704074434737e-01,-8.134446598471543055e-01
-9.700767339184623861e-01,-8.565327524246993951e-01,-8.990316072840037753e-01
-7.542024232160760011e-01,-9.391467838407590030e-01,-9.573219913075863285e-01
-4.841875586591017355e-01,-8.931599557490235153e-01,-8.994397193964719373e-01
-7.686249864219668604e-01,-9.135752952067713872e-01,-9.593269869650539183e-01
-4.485670558073411862e-01,-9.424150235775715645e-01,-9.815115133488551136e-01
-8.370426494679678031e-01,-9.144003043812609643e-01,-9.539797258082632903e-01
-9.974040111832626065e-01,-9.428713008351385927e-01,-8.785755207340716355e-01
-8.865409739622535090e-01,-9.900728675409814494e-01,-9.027637801555835617e-01
-7.036603593772648990e-01,-9.016078820779328540e-01,-9.908888585892023926e-01
-7.303701276912439866e-01,-9.006841383609709428e-01,-9.255231998062015686e-01
-7.948945837085661381e-01,-9.989001645855295486e-01,-9.623142523277524729e-01
-7.621923451553823670e-01,-9.746074860939307749e-01,-7.815967970114681140e-01
-8.602988253124439488e-01,-9.906128959303217574e-01,-8.618490746638370892e-01
-4.687041586944366567e-01,-9.717746825162372204e-01,-8.017375752371660447e-01
-9.064870495538338568e-01,-9.173984541518885871e-01,-9.613389093178666966e-01
-8.147723590532643945e-01,-9.728804646202164896e-01,-8.829422954453708394e-01
-8.395124669581394139e-01,-8.742176442605786857e-01,-8.859784850483715113e-01
-4.386657700491005119e-01,-9.120562383121206818e-01,-9.227316541938797023e-01
-8.619688086157588636e-01,-8.724286374874343775e-01,-7.978439731427134918e-01
-8.614894542024660318e-01,-9.814242489083702115e-01,-9.007573083346064324e-01
-9.832662448471598537e-01,-9.703517247425155201e-01,-7.942144431878201960e-01
-8.844516206351245025e-01,-8.717392941782097227e-01,-8.044367756414143589e-01
-8.401624139207041209e-01,-9.326089833665651696e-01,-8.331086931680871110e-01
-6.351518019721067443e-01,-8.998680383254475945e-01,-7.994872969007993380e-01
-3.377636691403287372e-01,-9.656592359141646931e-01,-9.484890604866085262e-01
-8.053472639904539765e-01,-9.436724886846338256e-01,-8.233003748303110436e-01
-9.173695711529674668e-01,-9.932229312669517141e-01,-8.881869249873927119e-01
-9.905280272651346696e-01,-8.875783398335697072e-01,-8.561117006581495659e-01
-9.377181561956766664e-01,-8.567436934073202615e-01,-8.825948227837565607e-01
-9.128480013993373055e-01,-8.816263053882660294e-01,-9.225838041034837289e-01
-8.303846517813580075e-01,-9.996480423563828266e-01,-8.296748966249076762e-01
-7.516898584325040211e-01,-9.962799633397880772e-01,-8.600828918919245503e-01
-8.860996390418797164e-01,-9.970682231145135965e-01,-9.141255162888538566e-01
-8.783931629665238106e-01,-9.680909211929111802e-01,-9.275233008104790677e-01
-9.713314467746120284e-01,-9.518940588859629015e-01,-9.576901807506975617e-01
-8.686291656469962152e-01,-9.622126857405725042e-01,-8.797804333662614384e-01
-9.323757006419109983e-01,-8.308033799733194336e-01,-9.537564630772615848e-01
-6.324447891828418600e-01,-9.738392314583144138e-01,-8.651910908833303493e-01
-8.499856125082536629e-01,-9.437052089712707481e-01,-8.855976950509734102e-01
-8.976974391647104534e-01,-8.666969929059810118e-01,-8.606148502479925577e-01
-8.397089550006470171e-01,-9.703814084575689280e-01,-8.663431838171407051e-01
-8.985863607056463476e-01,-9.827876477152167611e-01,-9.658800255543928959e-01
-9.388311378126478202e-01,-8.857034936917124179e-01,-8.771106818650198367e-01
-2.869938093599280760e-01,-9.851927838197793719e-01,-8.389882287638008584e-01
-7.682713441489509298e-01,-9.515813432723422283e-01,-8.681636742425248299e-01
-9.061707980398301387e-01,-9.763647503346493117e-01,-8.454228957477705197e-01
-8.288140314631086136e-01,-9.594967753513008457e-01,-9.203405770220712823e-01
-8.440165310902368878e-01,-9.840096723512580246e-01,-9.172443428163650214e-01
-9.245073670984617076e-01,-8.254297857438702701e-01,-9.269897229435287711e-01
-9.092754328771126549e-01,-8.845448496258087046e-01,-9.588967191393862333e-01
-8.129585023366717733e-01,-9.340599414299338710e-01,-8.346809485863849742e-01
-8.041389546489986495e-01,-9.559767985293395887e-01,-7.945358582109635082e-01
-7.904250295815085092e-01,-8.762564956870508848e-01,-8.434576966491155181e-01
-6.987855025199429804e-01,-8.111671473970174517e-01,-9.094889714019543936e-01
-9.516933224888189935e-01,-9.126545324721616614e-01,-9.110429958520736005e-01
-8.460180897983595738e-01,-8.640952892801270213e-01,-9.570000367940184605e-01
-5.465006783778865174e-01,-9.506872224307555408e-01,-9.593555409999595662e-01
-7.742968654058968170e-01,-9.010266432615985366e-01,-8.694355550896292195e-01
-9.232830908462650310e-01,-8.879972869360802656e-01,-8.371194478993015942e-01
-5.105261779770243757e-01,-9.207978014387550036e-01,-8.760540659244738793e-01
-4.969400160414849110e-01,-9.713051983057338079e-01,-8.650278542697191764e-01
-7.550439018339915043e-01,-9.461774745937496789e-01,-8.893519843151496129e-01
-8.492071184088838542e-01,-9.671332045850559167e-01,-8.657438981172025372e-01
-6.677919205610995945e-01,-9.865788759559955823e-01,-8.992465322022841212e-01
-8.714210656198106975e-01,-8.988835341695362580e-01,-9.372270307383795407e-01
-3.303441941548100891e-01,-8.767793998579334058e-01,-9.610652425023794576e-01
-8.265507351069866226e-01,-9.064257008633894719e-01,-8.149478822642562958e-01
-7.229694329476732406e-01,-9.050183562226236100e-01,-8.512253226297095132e-01
-8.867125582200633405e-01,-9.326705893236340028e-01,-9.769063516690673632e-01
-9.400531765853628041e-01,-9.550910217331461949e-01,-8.780388909304017719e-01
-7.219447728953038990e-01,-9.859802943957742816e-01,-9.517191664107789162e-01
-6.270452642897043072e-01,-8.977485276507422007e-01,-9.635905369287295352e-01
-9.909818600879630734e-01,-9.085219550836745039e-01,-8.840728562189525963e-01
-6.190277089602977956e-01,-9.760525663206540692e-01,-8.639815053875889994e-01
-7.216642799729134916e-01,-9.386651745523835189e-01,-8.178318908961328404e-01
-9.995008869144087482e-01,-9.322389394223906667e-01,-8.207638048540808473e-01
-9.513659206259728052e-01,-9.735245279226258930e-01,-8.642632049692252627e-01
-6.034062331927495526e-01,-9.460397986082250688e-01,-9.070627052948906366e-01
-4.338538591529943478e-01,-9.358756294313793633e-01,-9.887023339595858440e-01
-4.970495825977113147e-01,-9.691623001578387742e-01,-9.355605146222711888e-01
-9.934419801725277166e-01,-9.311127902176885573e-01,-9.096167433347177589e-01
-9.704061441061405668e-01,-9.400005290248724110e-01,-9.634045530104891064e-01
-9.817253658031293018e-01,-9.274122140776053236e-01,-9.710878923276931030e-01
-9.906147676002341473e-01,-9.036531244524232953e-01,-8.584792261559848203e-01
-9.591717461794352362e-01,-9.200429745050859864e-01,-9.902868595250441386e-01
-8.471755363720451237e-01,-9.738973888609068208e-01,-9.754630198247522532e-01
-8.264551772299978394e-01,-9.776122345270963354e-01,-9.103969628096744149e-01
-9.083370381937670990e-01,-8.667245710226886279e-01,-8.958870741086563116e-01
-8.830131577655765396e-01,-8.847650036465134482e-01,-8.623620360495669601e-01
-7.580400829866319468e-01,-9.572432889705707604e-01,-9.706197664165995276e-01
-6.609906940023151378e-01,-8.534222694801048004e-01,-8.317958068256269266e-01
-5.748116172683013225e-01,-9.488726714440305354e-01,-8.412235870628891332e-01
-8.499001467770656015e-01,-9.321964031142384588e-01,-7.766629421822008883e-01
-7.088915757705683829e-01,-9.992603121527998677e-01,-8.284579117914359081e-01
-6.300642191062182373e-01,-9.789831604608556503e-01,-9.589269318234452388e-01
-8.402964199755744712e-01,-9.455715302172931214e-01,-9.450562760153622399e-01
-6.705842737468101777e-01,-8.658010599244166938e-01,-9.333836967089811365e-01
-8.574543732597207368e-01,-9.279606057098731542e-01,-8.016805942274031205e-01
-5.460454627570014985e-01,-8.800420576928116301e-01,-8.405738356902119346e-01
-7.520475465311322605e-01,-9.833113998269430445e-01,-8.402365225241198443e-01
-8.180996700241733866e-01,-9.118112041669450551e-01,-9.105255914865258982e-01
-9.591803454131855311e-01,-9.211001792157907930e-01,-7.878873047613802472e-01
-9.909209185336768089e-01,-9.968918586961814654e-01,-8.693867505791070815e-01
-8.575736004845806448e-01,-9.671610575965040590e-01,-9.236727489605696118e-01
-5.927491841345281509e-01,-9.478127681522954262e-01,-9.577395435483357922e-01
-9.746377779975802236e-01,-9.931019509113939714e-01,-9.262896024910052262e-01
-9.501876276741962890e-01,-9.594570477394821495e-01,-9.083782397038462353e-01
-9.099723020145243924e-01,-8.849617503978006727e-01,-9.268837859437322191e-01
-9.125696778735402637e-01,-9.631414783775500421e-01,-9.603121919429187248e-01
9.769919111554939972e-01,-8.969272078327676923e-01,-9.323505785505494803e-01
-9.274921055549040227e-01,-9.991598766548737132e-01,-8.659370061224678228e-01
-7.990361856286618547e-01,-9.618015124541481331e-01,-9.047396339632334250e-01
-3.174414536898090833e-01,-9.316770844268981167e-01,-8.576027677770942104e-01
-9.794453756227065044e-01,-9.681690258390102111e-01,-8.774151189694436859e-01
-4.920106895973695438e-01,-8.800376393639475214e-01,-8.604992819299810414e-01
-8.391354780243143185e-01,-9.232479684243535267e-01,-8.657403721089843573e-01
-7.744464026595303530e-01,-9.945867211862328139e-01,-9.371661619047687575e-01
-8.363595953570546193e-01,-9.881364853360611322e-01,-8.944404645197101544e-01
-9.264697750014346811e-01,-9.413143554392967571e-01,-9.685151094851985887e-01
-7.944530057243300858e-01,-9.126670720158183148e-01,-8.643233756563584169e-01
-4.494273103193242025e-01,-9.114925972193057557e-01,-9.222335156917847998e-01
-9.114449848848358293e-01,-9.429279791188557303e-01,-9.281365399842644859e-01
-8.166097556277790437e-01,-9.204711068714059863e-01,-9.146660117814553459e-01
-5.623383438562584713e-01,-9.211566119951715148e-01,-8.868154731259999535e-01
-6.986223267999072117e-01,-8.427144359769271897e-01,-8.582763926164886925e-01
-7.033015877516159975e-01,-9.804756650115841188e-01,-8.991378909608283010e-01
-7.304678962920950758e-01,-9.876171150851920100e-01,-7.938575420482903988e-01
-7.306545368945558394e-01,-9.978464732045337904e-01,-9.381418957399093594e-01
-9.483384201734864627e-01,-9.472645191007152965e-01,-9.365869850564415566e-01
-9.363858694940933036e-01,-9.458503003535281284e-01,-9.761317562862815711e-01
-8.384941402220210671e-01,-9.632720027878958202e-01,-9.820852821179464343e-01
-7.670634150331373524e-01,-9.630104003140979030e-01,-8.722104058242083902e-01
-8.164073736404302561e-01,-9.534743136093649651e-01,-8.944039196750063203e-01
-4.587086146621671690e-01,-9.494185857626262770e-01,-8.754562673918203641e-01
-8.136020378065497161e-01,-9.673756713746048952e-01,-8.356617488371055336e-01
-6.347484873394447780e-01,-8.980896098126759375e-01,-9.319121937531982258e-01
-9.920379567718838887e-01,-8.611182456579826727e-01,-9.161080146606946917e-01
-8.463929662828131306e-01,-9.977214507446966474e-01,-8.999662633936069689e-01
-6.916385324604762408e-01,-9.979786275765526460e-01,-8.054976838065852629e-01
-7.579472945763034986e-01,-9.700956237491674683e-01,-8.710704422136653635e-01
-4.657962548442737827e-01,-9.504863856440476377e-01,-8.736839476120441539e-01
-9.064388223702873892e-01,-9.400141600998206393e-01,-8.457369972571378014e-01
-7.169812054533681867e-01,-9.274714107529825613e-01,-8.758732761528992272e-01
-7.723011848945134927e-01,-9.544395220424987114e-01,-9.369634039205910758e-01
-8.803161696049824902e-01,-9.481539647265234683e-01,-9.421212315740363774e-01
-7.541926226287879453e-01,-9.969833844536297729e-01,-7.886293165083037016e-01
-9.680026678868051127e-01,-9.427535374227578036e-01,-8.428092299161830114e-01
-7.306941342774579962e-01,-9.732469356532837956e-01,-9.463798367633148301e-01
-8.585306594650979894e-01,-9.958029434555523141e-01,-9.514468938213341831e-01
-9.266531521247443060e-01,-8.852931087338349325e-01,-8.438139411863150308e-01
-7.970263479210574209e-01,-9.451811143492457878e-01,-8.818176028413287071e-01
-6.451068273119926477e-01,-8.739362702175198505e-01,-9.746355974030903591e-01
-7.703632170330492190e-01,-9.351650011758523284e-01,-8.687608131514075183e-01
-8.392788290992218014e-01,-9.526910967074139203e-01,-9.185144755688103846e-01
-8.136235787849525058e-01,-9.253010155330235742e-01,-9.276097979672679461e-01
-9.532621536933402195e-01,-9.612776782079355264e-01,-9.829443069641954356e-01
-8.555734547594274764e-01,-9.994929087508125365e-01,-9.588550083714282302e-01
-8.706873019276167858e-01,-9.952113823439531215e-01,-8.767855067626687537e-01
-8.805663469724516190e-01,-9.286457668976294544e-01,-9.539414876090051010e-01
-5.530061212405480431e-01,-9.681869185925254806e-01,-8.767404311297504194e-01
-9.345241632054865910e-01,-9.562988206554592363e-01,-8.759239109848269145e-01
-9.301752592086092175e-01,-9.621915365136735065e-01,-9.020098331838586336e-01
-9.175505827273366943e-01,-9.465725002816482991e-01,-9.770121867515054737e-01
-7.136815026280600716e-01,-9.594378243669218209e-01,-9.709275138871183986e-01
-7.871419115794996424e-01,-9.097005018761086248e-01,-9.209008928883444245e-01
-6.903566035426157432e-01,-9.467592314637482964e-01,-9.031249997382821970e-01
-8.473236857352343110e-01,-9.425104482885499069e-01,-9.084712497111041563e-01
-5.320756321941031430e-01,-9.888933221850138011e-01,-9.050218664389823031e-01
-8.419303266738702440e-01,-9.942509620574275786e-01,-8.628219574010064230e-01
9.966635862629341647e-01,-9.164147453598131543e-01,-7.822917914701872366e-01
-8.735033887463024005e-01,-9.125718946231948792e-01,-8.570538167227705895e-01
-7.547533809208458733e-01,-8.637361101127521978e-01,-7.150977949979855364e-01
-9.908773712626478547e-01,-9.994796585999129457e-01,-9.679488307504433564e-01
-7.903994781112692047e-01,-9.883061726644221112e-01,-9.437381482122352283e-01
-9.275344905077819169e-01,-9.742009892578148422e-01,-9.694767081649408036e-01
-9.895746100479679841e-01,-9.614702990162377061e-01,-9.833044820916079232e-01
-7.775471607506737604e-01,-9.733310919092452718e-01,-9.820852821179464343e-01
-8.126159770164882445e-01,-9.920674327836119799e-01,-9.980022190782744662e-01
-7.720362971491643300e-01,-9.798564077011102658e-01,-9.519499390399248639e-01
-9.072251099663845020e-01,-9.881521145954679231e-01,-9.806338447017098892e-01
-9.426556069578841957e-01,-9.523477283621643030e-01,-8.828451286492833283e-01
-7.619806019031053479e-01,-9.632297776338474282e-01,-9.878860640081154054e-01
-6.665634388397254639e-01,-9.722265739128388429e-01,-9.330793707761216860e-01
-8.460801140711029511e-01,-9.574213176410005799e-01,-9.006997198194827137e-01
-8.488827123513741357e-01,-9.718448452804639981e-01,-9.286876432838204742e-01
-9.738164212963266175e-01,-9.602382707818215568e-01,-8.145098096083925876e-01
-8.462727782210013316e-01,-9.828646774240721307e-01,-8.751655504453847989e-01
-9.304760402543491571e-01,-9.842648959597987135e-01,-8.772468971362357149e-01
-8.300419056731345169e-01,-9.272755000420155325e-01,-8.855096404524261944e-01
-4.626875274830749563e-01,-9.446100144529628873e-01,-9.589143167546139157e-01
-8.071590695069297272e-01,-8.290246877893422406e-01,-9.151167664579634708e-01
-7.006544732365780348e-01,-9.971203635955998568e-01,-9.533105912024585349e-01
-7.546872784464192518e-01,-9.391531539807644879e-01,-8.925517585196692805e-01
-7.879012175004992402e-01,-9.414743516258141653e-01,-8.479737270790961290e-01
-7.929431249727193487e-01,-9.950814569916922592e-01,-9.861663544747459875e-01
-7.636259637017812629e-01,-9.248838908976892981e-01,-9.352110605827625989e-01
-8.326403994603326364e-01,-9.564789211209562270e-01,-8.187298649224510338e-01
-8.946280064952597533e-01,-9.605371722399621559e-01,-8.879449968181757358e-01
-8.402362505987719388e-01,-9.201924343851793919e-01,-8.567451096524666410e-01
-7.912220831349947581e-01,-9.394644477799931614e-01,-8.800414900006683361e-01
-7.315676098933657778e-01,-9.605032654146905546e-01,-7.615133792100554633e-01
-9.097855325093759937e-01,-9.351614363656544082e-01,-9.648664809597645720e-01
-7.905541982012493918e-01,-8.892862669904780804e-01,-9.102843416667545373e-01
-9.348692011246693134e-01,-9.477473115968892969e-01,-8.939289671237944379e-01
-8.712391304625667354e-01,-9.521046346411541350e-01,-9.270254001021832613e-01
-9.473265908934960233e-01,-9.608620756366296201e-01,-9.124182760590027197e-01
-8.748150446233142752e-01,-9.599656607614726056e-01,-8.915324145575728165e-01
-8.204469823244187054e-01,-9.866871380874000508e-01,-7.788344559111343157e-01
-9.880515866054542240e-01,-9.392161412234796281e-01,-9.473775444093089915e-01
-6.733093607541816850e-01,-9.785424038839175553e-01,-9.577879737747895250e-01
-6.828020482774707078e-01,-9.819463626966035141e-01,-9.615797983152402084e-01
-7.296712269500132964e-01,-9.098493004598726674e-01,-8.942744907773074736e-01
-9.571378018127039145e-01,-9.746552376270133378e-01,-9.355327242384506858e-01
-8.083209998210439950e-01,-8.990982910846492260e-01,-9.485750017037066772e-01
-9.190736460870493341e-01,-9.906710681838136745e-01,-9.700198267900338456e-01
-8.812968783439684151e-01,-8.974168157016230163e-01,-7.988862952742824541e-01
9.632874849670566286e-01,-9.918991877166285498e-01,-7.570063989847092278e-01
-7.576745867529535161e-01,-9.503236693168335414e-01,-8.500453339336994096e-01
-9.553729767325366273e-01,-8.469688320014763239e-01,-9.216724050526196033e-01
-8.382024111628479934e-01,-9.152210632806780932e-01,-8.863889516979597261e-01
-7.571461998342103872e-01,-9.464925540311492913e-01,-8.960981870692120710e-01
-6.231618987205291837e-01,-9.805952147381788997e-01,-8.923755172250247281e-01
-7.656383855617000522e-01,-9.801715686110682446e-01,-8.994327115889876323e-01
-8.804965835378540939e-01,-9.798729126782822485e-01,-9.481539376087829707e-01
-7.244778522958060796e-01,-9.409475701480126686e-01,-9.290215560446335452e-01
-5.290235813303624246e-01,-9.777743333280276561e-01,-8.249351798528625768e-01
-7.878607756183605426e-01,-9.119241573630613162e-01,-9.281281385348719715e-01
-9.009722511933243583e-01,-9.592216811699708634e-01,-8.134446598471543055e-01
-9.555294966503456999e-01,-8.639816168369700566e-01,-9.370762784048721761e-01
-8.498757251745407970e-01,-9.650930596520471694e-01,-9.670218624222033377e-01
-8.808584084978634543e-01,-9.820758124337000128e-01,-9.119459557233473568e-01
-5.451237803223560885e-01,-9.598278516325047249e-01,-9.863972835569596587e-01
-7.186065201861239204e-01,-8.665332319570299147e-01,-8.169517980422049686e-01
-8.152557977703410730e-01,-9.549629343048952057e-01,-8.341478310507917104e-01
-8.708532246330261684e-01,-8.957590234592103240e-01,-9.243792758245402696e-01
-9.617289761203731135e-01,-9.610652425023794576e-01,-8.267804892286920726e-01
-9.234492551014055195e-01,-9.837651052964596632e-01,-8.246095119223423309e-01
-8.100435265967025344e-01,-8.335892515716014639e-01,-9.263705656773123520e-01
-7.462046960408791341e-01,-9.560529869071361375e-01,-8.376654866061546967e-01
-6.062077023568064327e-01,-9.656882072495334146e-01,-8.756454430900731944e-01
-6.599895351994927717e-01,-8.672987832542496944e-01,-9.751332633195727295e-01
-9.777045373712184295e-01,-9.024761273165097242e-01,-8.901228360143986773e-01
-9.267046438592928537e-01,-9.440952116751595291e-01,-9.151062806593043275e-01
-9.260807393724693748e-01,-9.915190306632597483e-01,-9.568250410179490739e-01
-6.285395851574208104e-01,-9.514273685767672406e-01,-7.430930034741027868e-01
-7.518040709807930488e-01,-9.940494313642312951e-01,-8.418071638746031926e-01
-9.860817056567404704e-01,-8.828933598444895781e-01,-8.766512663542240791e-01
-7.236078125077752832e-01,-9.079209014102929132e-01,-8.393339266576793634e-01
-8.046880532582986190e-01,-8.770943790786502881e-01,-9.578234926886752820e-01
-8.430139784498761335e-01,-9.917504654227922156e-01,-9.725105254182548897e-01
-7.457577140261391069e-01,-9.518748161016401532e-01,-8.018974671550462840e-01
-6.588579234048412836e-01,-9.473365808681840639e-01,-8.416692429922638663e-01
-3.782542616407854608e-01,-9.157953633221119771e-01,-8.975184138981461279e-01
-8.228811501786879035e-01,-9.950169182312774696e-01,-9.416160140719267435e-01
-6.931518579453852524e-01,-9.874701308747719786e-01,-9.339697877757017208e-01
-7.708315289110798663e-01,-8.848259379118735835e-01,-8.757705368735725360e-01
-4.913168943176645653e-01,-8.556287723356013064e-01,-9.493457460196847997e-01
-8.614263986471288881e-01,-9.626500113388489765e-01,-8.639395441508609386e-01
-7.442357937000196877e-01,-8.579867485407220995e-01,-9.600823475708410992e-01
-8.807717235505528874e-01,-9.501607674759887656e-01,-9.218129069001275155e-01
-9.003761199816400218e-01,-9.527144530419103807e-01,-9.374414363672540773e-01
-8.591443749360543336e-01,-9.915094550043854760e-01,-9.436987381737604874e-01
-8.505450889652822477e-01,-8.971659617857775659e-01,-9.011225257151939116e-01
-8.753051052220384154e-01,-9.890290102290332230e-01,-9.635325223835766728e-01
-7.954981418658829684e-01,-9.718494710155083371e-01,-9.745526207413134356e-01
-7.235483372540747471e-01,-8.949320750350217013e-01,-9.543370266152129133e-01
-9.208300779876256170e-01,-9.797194685826655647e-01,-9.579983378718114340e-01
-9.763307470337030392e-01,-9.138839182830095220e-01,-9.369555326824705599e-01
-7.150021219623061697e-01,-9.848379607987139961e-01,-9.672927230646916064e-01
-3.500522658713978719e-01,-9.167350796780294742e-01,-8.563396306792603330e-01
-6.707925075188372332e-01,-9.403551822715032760e-01,-9.077128962340825780e-01
-9.883046457158247700e-01,-9.626251089228468061e-01,-8.932205296776292158e-01
-8.400201853048403500e-01,-9.658055535065886987e-01,-8.338228556394589042e-01
-7.645012711437827457e-01,-9.346737632548124397e-01,-9.144104909059973529e-01
-9.232736637482973352e-01,-8.892787943732335387e-01,-9.159677080600064913e-01
-8.532515203936463788e-01,-9.997742063927919087e-01,-9.205908894261775055e-01
-9.948514940628064851e-01,-9.725710956027704412e-01,-9.073376813174880429e-01
-9.122361070847825326e-01,-9.832032962831460665e-01,-7.674911549613371298e-01
-8.011679956094168720e-01,-9.529243249164109919e-01,-9.730823326864690426e-01
-7.849610393813901688e-01,-9.887022383863155461e-01,-8.998662059426154602e-01
-4.889170495626259383e-01,-9.620774984416212705e-01,-8.841339231076242866e-01
-8.306069622854553858e-01,-8.676598951503242674e-01,-9.309007217365048437e-01
-8.556113049943699922e-01,-9.763122574615766824e-01,-9.526919083005862543e-01
-6.222251772412416004e-01,-9.578456883971298019e-01,-9.303105356610003041e-01
-9.766405775707932557e-01,-9.403910829818147299e-01,-9.141698105026258014e-01
-9.189601368023742056e-01,-9.249547998969653850e-01,-8.595468609741059307e-01
-9.411016378939442983e-01,-8.444089469729443298e-01,-7.379473894034423997e-01
-8.878271980033890509e-01,-9.259337517345659352e-01,-9.666294092045407682e-01
-7.029500239791117711e-01,-9.654280376218619120e-01,-8.710058413339039074e-01
-8.919463299337860862e-01,-9.968825156328164905e-01,-8.726507240191901937e-01
-6.073281526259177721e-01,-9.251439711406747035e-01,-9.766323173285004211e-01
-8.685188816270963397e-01,-9.146700560954312831e-01,-9.178124501261615276e-01
-9.208675880111643064e-01,-9.776854985333951475e-01,-8.955082144859379811e-01
-9.502609359519613719e-01,-9.514052277838497274e-01,-8.917666564863755418e-01
-7.696504417137601806e-01,-8.168403409740319088e-01,-8.758842875891857949e-01
-7.512935938954797832e-01,-9.447141337532659611e-01,-8.776594504194338286e-01
-8.247339676538130160e-01,-9.622949244831546789e-01,-8.995022707854719579e-01
-8.605146861979294792e-01,-9.605904160884622955e-01,-7.360347190192406686e-01
-9.256591401389243634e-01,-7.929990659374505091e-01,-9.943341957800433395e-01
-8.782735486980794981e-01,-9.757162827686193252e-01,-9.825963634070377095e-01
-9.013570168092899237e-01,-8.795075154170837184e-01,-9.147495196985490074e-01
-8.406531554712871612e-01,-9.397787160897227432e-01,-9.480757769561096726e-01
-8.498976418226057428e-01,-9.886429298093486473e-01,-8.775543728430116319e-01
-9.775072561370040658e-01,-9.509804244571117282e-01,-9.783884350812890318e-01
-8.038076706118496562e-01,-9.074100920873500176e-01,-9.287250139650894409e-01
-7.092023902040239802e-01,-9.594552216145514345e-01,-9.075571726506449499e-01
-8.092034688315812296e-01,-9.969494245564587409e-01,-8.304457651830626785e-01
-7.957607013127947493e-01,-9.545534164990580051e-01,-9.690522941651509292e-01
-7.765363718811539862e-01,-9.072505786412835560e-01,-9.809913566866084178e-01
-6.683552925422638902e-01,-9.633599183094481155e-01,-9.871416342151070333e-01
-6.135501857973461037e-01,-9.374488311181589095e-01,-9.177040877400594043e-01
-8.355604281887788476e-01,-9.780509487453173945e-01,-8.218369931693525476e-01
-6.982169474613602045e-01,-8.992517985703230021e-01,-8.337719398133780491e-01
-9.695368396476228279e-01,-9.465589144348978135e-01,-8.360830957587397361e-01
-7.644651943347408052e-01,-9.170476222102372788e-01,-8.952845454164521932e-01
-8.778086746373697791e-01,-9.499436575467068433e-01,-8.746369053088850487e-01
-9.145405291890010835e-01,-9.839076934377175565e-01,-8.936739125430315234e-01
-7.115533554624385859e-01,-9.676448773325129205e-01,-9.321601766666360867e-01
-7.096816775924235099e-01,-9.561245689151464111e-01,-9.380091061374670192e-01
-9.832602295228454192e-01,-9.901248384131170477e-01,-9.613270780673377480e-01
9.713076489389368406e-01,-9.271808220872616024e-01,-8.800025791968345557e-01
-4.122438642722326962e-01,-9.087244175045786632e-01,-8.495410016852840140e-01
-5.478650759256427083e-01,-9.232672804992363425e-01,-7.895600067269175071e-01
-9.835078050518041293e-01,-9.782893583197912468e-01,-8.294525990535256410e-01
-7.202255654211470182e-01,-9.438763459054072547e-01,-8.236024763114605518e-01
-9.446032937793369388e-01,-9.209130402064245047e-01,-8.670030488753293074e-01
-6.840774282114303606e-01,-9.739301173362246988e-01,-9.985683968499766694e-01
-8.884487289302258617e-01,-9.455507252875142710e-01,-9.128586022676620226e-01
-8.922229299486470477e-01,-9.839603053239516228e-01,-8.233615174346780030e-01
-4.267729989464151275e-01,-9.935863081103167849e-01,-8.434827771779711547e-01
-9.645953851343281871e-01,-8.788485635962935971e-01,-9.207570349072181637e-01
-7.080279498125647830e-01,-9.019723690374994440e-01,-9.154653132497836410e-01
-7.836755940591881853e-01,-9.946025233737877391e-01,-8.854844459231465681e-01
-7.438020142526982070e-01,-8.965090909098182292e-01,-8.922075206780538670e-01
-6.316680063080535312e-01,-9.413354756446784544e-01,-8.351173985830778745e-01
-6.711525050398512438e-01,-9.722755197822217088e-01,-9.616461053313489771e-01
-7.576263896729836800e-01,-9.722500268040219495e-01,-9.800136285820137960e-01
-8.304353126927903617e-01,-9.199679167217977849e-01,-9.071241419943103512e-01
-8.643584600512134175e-01,-9.638298659297640514e-01,-9.130109083842620210e-01
-9.303969658109418894e-01,-9.892627033693718319e-01,-8.591771393141820479e-01
-9.530717064966092167e-01,-8.750928518623570795e-01,-8.460077219118073977e-01
-7.800420640818684914e-01,-9.335653261009441151e-01,-8.324755494990453419e-01
-7.608490023629842502e-01,-8.916258050845452532e-01,-8.810740678117480185e-01
-9.308901409530906390e-01,-9.843866627637422040e-01,-8.582226453651933262e-01
-9.869467368287728748e-01,-8.856836389475348792e-01,-9.716981611098742810e-01
-7.956360779917880377e-01,-9.893457554308862090e-01,-9.858587077882957628e-01
-9.346881385761134364e-01,-8.893681365869066102e-01,-8.091646857761594092e-01
-8.531886873102380031e-01,-9.243138457125116281e-01,-8.019960638613269355e-01
-9.369343873345262752e-01,-9.389450411547908271e-01,-9.238111310878426297e-01
-7.281112113721776025e-01,-8.799042330744565321e-01,-8.210789315866363625e-01
-5.237929207402961529e-01,-9.807202341378659094e-01,-9.902631308454558079e-01
-7.817319231996626705e-01,-8.845111549558459796e-01,-7.379940461051144318e-01
-9.604951010978218795e-01,-8.760755657377006234e-01,-8.921659353327762165e-01
-6.605262791284834956e-01,-9.323031029052761820e-01,-9.036637933307991588e-01
-8.405520863149192889e-01,-9.733748799533384899e-01,-9.053881798293764716e-01
-8.963715179132104582e-01,-8.875599071122002304e-01,-8.241595974729134522e-01
-6.851194204171794366e-01,-9.207131615655634871e-01,-8.899518618855452035e-01
-9.134199626440245856e-01,-9.401115596191194079e-01,-9.749417956767668647e-01
-7.558028172882216289e-01,-9.785300731483030923e-01,-8.716149085132015584e-01
-8.471842304224744824e-01,-9.955012739027805369e-01,-9.721135479400635493e-01
-6.409842099072118327e-01,-9.982194325471765994e-01,-9.411438759139818533e-01
-9.665922222240390660e-01,-9.830778067384469132e-01,-8.897250290019138586e-01
-8.154063475178231490e-01,-9.991716162741117735e-01,-8.390385668663733476e-01
-8.974243594041980687e-01,-9.550362919233772452e-01,-9.075797350985935763e-01
-8.201227407296884930e-01,-9.119799243254282928e-01,-9.339497602577198077e-01
-9.653758750763995478e-01,-9.757438248030625427e-01,-9.378319350471165938e-01
-9.785126142846178876e-01,-9.035699594222454945e-01,-8.531260570177507940e-01
-8.922887247939290667e-01,-8.960505295911236345e-01,-9.826186406739145784e-01
-7.808623775498785280e-01,-8.873442227236024715e-01,-9.916889449100017018e-01
-8.746411373429214819e-01,-9.870709783925298852e-01,-8.433887209950168273e-01
-9.987142758474407689e-01,-9.062579149130997047e-01,-8.958811307340058816e-01
-9.150434325462711849e-01,-9.738973888609068208e-01,-9.105252554635502316e-01
-5.267584775833675792e-01,-9.457249867370927099e-01,-9.050980320538650759e-01
-7.566918757009719609e-01,-9.570668454003878889e-01,-9.493394246440997053e-01
-6.968593313910691478e-01,-9.819718421351381066e-01,-9.482729747975672252e-01
-7.276775570405125126e-01,-8.819695324731448016e-01,-8.071941312695662951e-01
-9.467949339435773881e-01,-9.832812217346270645e-01,-8.420300299051723947e-01
-6.609515758647557249e-01,-8.947413410809821332e-01,-9.509376619787204277e-01
-7.374935144123712094e-01,-8.732228217043439544e-01,-8.940279872771441649e-01
-8.461493776229157548e-01,-9.904633838132225199e-01,-8.940941457652991087e-01
-6.067362352490474064e-01,-9.311127902176885573e-01,-7.508240958019937183e-01
-9.439384858331051342e-01,-9.438087133524893924e-01,-9.563254958367201075e-01
-8.994273262168057670e-01,-9.603522451587402919e-01,-9.145124453706576784e-01
-7.067081694204218056e-01,-9.211602637721252318e-01,-8.008493376318850387e-01
-8.766795115993537557e-01,-9.783010409493551052e-01,-7.629568076073973693e-01
-4.778136767230625193e-01,-7.791569027939588832e-01,-9.659661693660501758e-01
-6.912863017795515264e-01,-9.522628222452046431e-01,-8.417953257342820628e-01
-7.089322695407652697e-01,-9.923839198671939865e-01,-9.477002282013561318e-01
-9.108009853248196785e-01,-9.766693289020317303e-01,-8.703185656339075260e-01
-7.746133046898999730e-01,-9.115919802728273957e-01,-9.560378539185031554e-01
-8.255899062673962563e-01,-9.145162144202461096e-01,-8.045287051139243806e-01
-8.204178694177460818e-01,-9.841519626493915318e-01,-8.717880574419779593e-01
-7.402617570636389477e-01,-9.424790931443643993e-01,-9.075091744747737499e-01
-8.488955321777292840e-01,-9.464636013705891582e-01,-9.286457668976294544e-01
-4.140765193023442370e-01,-9.031653374059548378e-01,-8.380392992828324950e-01
-8.273544521353776160e-01,-9.631398910548681913e-01,-7.348566857350484760e-01
-8.932601275301276234e-01,-9.486846132855448754e-01,-7.964762568818377630e-01
-4.214968329808323477e-01,-7.903072449278143452e-01,-9.272521189104557804e-01
-7.263259558988420794e-01,-8.814289405153462598e-01,-8.912536922517546589e-01
-9.960279664410318645e-01,-9.908201253578509116e-01,-8.550599067731928793e-01
-8.328116456622479680e-01,-9.793157535326816321e-01,-9.117062610521906585e-01
-4.249483829569241644e-01,-9.749154779840472074e-01,-8.151418632940782283e-01
-7.974493039084243895e-01,-9.474890589895187398e-01,-8.490010452796239449e-01
-9.450962903949335914e-01,-9.444453563728157919e-01,-8.900044467210235233e-01
-9.494872790582041810e-01,-9.726104000043684916e-01,-9.073174673642625532e-01
-7.395489074381610406e-01,-9.475924568782635449e-01,-8.828972162903394594e-01
-9.310659699987240412e-01,-9.220019217145520862e-01,-8.064773994827306725e-01
-9.525838666684938172e-01,-9.622896635559629042e-01,-7.497378240611545230e-01
-9.701650708421941660e-01,-8.923698071410205435e-01,-8.453778697466998171e-01
-7.602932896134531049e-01,-9.297808295793037470e-01,-8.877053973979694979e-01
-9.851096481763381707e-01,-9.827531042763220093e-01,-9.084735694129401073e-01
-7.529069087321763609e-01,-8.945749396860985803e-01,-8.844746299696907288e-01
-6.577748785242786278e-01,-8.942202089226770623e-01,-8.488782335681552826e-01
-8.437374655961270564e-01,-8.584392089585303198e-01,-9.471726979739047980e-01
-8.492134838045296563e-01,-9.404795274111810155e-01,-9.355605146222711888e-01
-9.310094143217360063e-01,-9.819718421351381066e-01,-8.593840160799546268e-01
-9.876497408305590087e-01,-8.870582270792676249e-01,-8.262968827689797235e-01
-8.326466233345423129e-01,-9.166617526318217024e-01,-8.811847676854797085e-01
-8.967064928941556046e-01,-9.934667233437243228e-01,-8.737334122434585737e-01
-8.540267699957506675e-01,-9.416338745096950458e-01,-9.216527074437126377e-01
-8.521201887344019843e-01,-8.592893030757009498e-01,-9.139035439602232191e-01
-9.593261743925511897e-01,-9.567478187272404622e-01,-8.244923642882655557e-01
-5.370379575635491065e-01,-9.717275354999668213e-01,-8.044367756414143589e-01
-9.871479949251906749e-01,-9.520397550948607179e-01,-9.605836880333588068e-01
-9.118477997501901466e-01,-9.881340024789081466e-01,-9.013373187156799027e-01
-7.084436624283930728e-01,-9.421774970707611496e-01,-8.503405211492645055e-01
-9.910132611544910652e-01,-9.021398183117227410e-01,-9.339697877757017208e-01
-7.920603975437279232e-01,-9.042078968512609061e-01,-9.669254674532112848e-01
-9.188766710267330939e-01,-9.563630838822592128e-01,-9.427466167155188481e-01
-6.967865337577689999e-01,-9.803950281681387269e-01,-8.987383576964277365e-01
-5.841623828673839780e-01,-9.036531244524232953e-01,-8.917359995033438125e-01
-8.244253317110742385e-01,-9.715631875192722866e-01,-8.250314551743846980e-01
-8.938734953052076548e-01,-9.640449723923638636e-01,-8.358454561412469452e-01
-9.563063070182685754e-01,-9.885865587016600120e-01,-7.903048753233015145e-01
-5.225984577957597521e-01,-8.325891610663616049e-01,-9.737913916593116115e-01
-7.782418654880357556e-01,-9.904437615694796637e-01,-9.509983751599592194e-01
-8.228310069874242849e-01,-8.840566751567253689e-01,-9.108719043494158951e-01
-6.047991324400519009e-01,-9.922530043557374890e-01,-8.260122171348943665e-01
-8.296001922956016683e-01,-9.811806142975528777e-01,-9.472311213745094882e-01
-8.288687374058248958e-01,-9.983347681484855407e-01,-9.789342865184359477e-01
-6.660711732275933494e-01,-9.283601235784033623e-01,-9.136255671853775739e-01
-9.174796177940127695e-01,-9.815526937240502958e-01,-9.481335780958390913e-01
-8.243108040891676813e-01,-9.221464146723472588e-01,-7.964762568818377630e-01
-8.546552428955931369e-01,-9.827743188562646504e-01,-7.632560748687816643e-01
-8.495648779037864307e-01,-9.327587918015510793e-01,-9.268792461723375231e-01
-9.057020996959880277e-01,-9.662745275160037339e-01,-9.585424551878409805e-01
-4.091604077706721410e-01,-9.139300072721835422e-01,-8.030414635423236414e-01
-9.577867080361994745e-01,-8.828362026793501460e-01,-8.906886827702551468e-01
-9.027940009869070970e-01,-9.854157663557697733e-01,-9.294855686920759918e-01
-7.125774808937015425e-01,-9.440901850584655364e-01,-8.709027775330598908e-01
-7.530920556274534050e-01,-9.043738153030772553e-01,-9.280869449986527409e-01
-6.801690093573478091e-01,-9.260261052525604608e-01,-8.959270443895241964e-01
-8.844065286827403893e-01,-9.838249890389434427e-01,-8.263637463266370053e-01
-7.850002656341050766e-01,-9.009175966098430521e-01,-8.227763404620919152e-01
-7.517260036302363391e-01,-9.808715543179540308e-01,-9.128415954989074210e-01
-9.483437376424915799e-01,-9.589688843778639837e-01,-8.805213138527028249e-01
-7.383945178022183198e-01,-9.668901227036191814e-01,-9.453813454437495212e-01
-8.492150751499857320e-01,-9.157825351215095333e-01,-9.712472628272447173e-01
-9.082540553810135586e-01,-9.921073919530731811e-01,-9.970664855145705552e-01
-7.842999292688799251e-01,-9.627564931001715287e-01,-9.864891924770858855e-01
-9.068079807574318529e-01,-9.863267338144484642e-01,-8.307780658178969269e-01
-9.099284043144264533e-01,-9.045327696786877869e-01,-9.797651265640643370e-01
-6.377732699643990921e-01,-8.433325233856208136e-01,-9.661409260474410621e-01
-5.227502152687166781e-01,-9.717073133314819700e-01,-8.409736280020069232e-01
-9.426245399085951826e-01,-9.837292882237420599e-01,-8.813995716464674279e-01
-8.155260945219700019e-01,-9.345433459355152461e-01,-9.163692643108781732e-01
-9.223727261261069899e-01,-9.740258987767230758e-01,-8.721886355580850125e-01
-5.599782060643264670e-01,-8.969614715693706719e-01,-8.466648649709850316e-01
-7.592360307232381977e-01,-9.402977499682758644e-01,-9.752401895929838638e-01
-7.840898676615078999e-01,-9.693711014763777278e-01,-9.601400107717079635e-01
-8.075070327181936847e-01,-9.609521382032628622e-01,-8.361435234499521307e-01
-8.795613146834426743e-01,-9.979786275765526460e-01,-9.560950283756559642e-01
-7.145847568479015699e-01,-9.939903827330508479e-01,-8.954546253185859950e-01
-8.574703576045661357e-01,-9.667623380277565737e-01,-9.068406176442268540e-01
-8.330309047667852074e-01,-9.725123531081587558e-01,-8.657672222671550788e-01
-6.724802849878249722e-01,-9.002654807092751454e-01,-8.531171186023061015e-01
-8.389973606157687946e-01,-9.581340016799679837e-01,-8.464578573365707514e-01
-8.820191440277337369e-01,-9.404346736848490096e-01,-9.399893824615253024e-01
-8.974022193954218629e-01,-9.782397055327787250e-01,-9.437728336438547805e-01
-6.848430207674491843e-01,-8.940168533495400638e-01,-8.176105306366729941e-01
-6.979255012158724902e-01,-9.098595895152237212e-01,-9.065067064149793241e-01
-9.089402406624046415e-01,-9.422661183534989382e-01,-8.751371139624543050e-01
-6.987089231327955341e-01,-9.715752628036458116e-01,-9.377882122824245936e-01
-8.455188216980591420e-01,-9.863640797375982094e-01,-9.248838908976892981e-01
-8.652764620462887191e-01,-9.937311636141923366e-01,-9.272717115842095126e-01
-5.415301209742544586e-01,-8.833153125105134285e-01,-8.766363583125017511e-01
-5.452469872616328983e-01,-9.986737009734262260e-01,-9.260297512445880841e-01
-7.002632102947188297e-01,-9.055864591145212916e-01,-9.707739546136538999e-01
-7.616212223283465033e-01,-8.962611091106823524e-01,-8.421200701159827773e-01
-8.390413040461508487e-01,-9.374061309385791629e-01,-8.649490420383914024e-01
-7.739466129946132034e-01,-9.933967051454888342e-01,-8.830377517579076629e-01
-6.484230655650092823e-01,-9.057491948014156913e-01,-9.310041084168558800e-01
-6.697364437671226023e-01,-9.215282616369780966e-01,-9.705882105155145823e-01
-9.235480154164268374e-01,-9.918573464476665436e-01,-7.255598919119694568e-01
-9.386135993671821387e-01,-9.851896614789339424e-01,-8.726177188458702494e-01
-9.853052922901736066e-01,-9.801740077539544682e-01,-8.762304037790177302e-01
-9.384083628972451629e-01,-9.355299804912327044e-01,-8.449779009004406705e-01
-9.452854113507037637e-01,-9.478475337180718441e-01,-8.713245070564279438e-01
-7.265508434750983513e-01,-9.041852494370502535e-01,-8.844139947700681015e-01
-4.285780186952994342e-01,-8.986641431078251641e-01,-9.297763311575819589e-01
-9.416533836035732019e-01,-8.794988221452008093e-01,-9.450431477203659059e-01
-6.208626521504636564e-01,-8.835722366187429566e-01,-9.574384734189842483e-01
-7.496481565832598948e-01,-8.846130322771437182e-01,-8.873298057077764200e-01
-7.526933849171684177e-01,-8.830163253918038579e-01,-9.274522267544613729e-01
-9.229611828019289588e-01,-7.839604881144522919e-01,-9.471395579447963176e-01
-9.157181557615853285e-01,-9.857924857527208262e-01,-9.772078293477232114e-01
-6.587183458484831000e-01,-9.959849451575488732e-01,-9.132425299874209479e-01
-7.298567926619607960e-01,-9.498350990904089741e-01,-8.744235573822748409e-01
-9.857032049791606410e-01,-9.920513344133069511e-01,-8.988783040338216290e-01
-9.278538220434390249e-01,-9.878679842332174221e-01,-9.413084117210871460e-01
-5.247391043161045987e-01,-9.627044194280534040e-01,-9.813750446350658629e-01
-9.244419702928422522e-01,-9.675230552855368371e-01,-7.693173864039773990e-01
-9.629107626385956520e-01,-9.663908554425784114e-01,-8.356491459069613770e-01
-9.250733590285143970e-01,-9.615564523334664271e-01,-8.881998466013539817e-01
-7.915686496257083871e-01,-9.779571346759291517e-01,-8.393570918079198417e-01
-9.046310263415997532e-01,-9.055194730307589701e-01,-8.350913600664583436e-01
-9.484592274775108800e-01,-8.964367216016636553e-01,-8.661333070933764366e-01
-8.329070339858416494e-01,-8.541129407214769209e-01,-8.300748111228640758e-01
-9.717564375361688045e-01,-8.481699106923249465e-01,-9.680415360705696415e-01
-9.405511794115369861e-01,-8.541899628469207251e-01,-8.026990896910990436e-01
-7.690160373965354568e-01,-9.922089223494781063e-01,-9.075303820020285128e-01
-6.369114812817964211e-01,-9.606412630419401966e-01,-9.504214011145040164e-01
-9.692613595933896598e-01,-9.882965253857414201e-01,-9.954076869628418756e-01
-7.493388362367888744e-01,-9.525535387507172436e-01,-9.595333302563999744e-01
-5.209154613307825921e-01,-9.323309437213763706e-01,-8.347110482444909385e-01
-7.970617255495728859e-01,-9.823831918000521801e-01,-8.661577598448790827e-01
-6.941143250860805081e-01,-8.811025098707914172e-01,-7.409968155976212056e-01
-5.382555118358004487e-01,-9.707398725899814007e-01,-8.596303636853448449e-01
-7.404401425716075069e-01,-9.847793892447774811e-01,-8.401901514480717426e-01
-9.345781008023743563e-01,-9.584574267318423102e-01,-9.140772939826228294e-01
-6.649166789335365646e-01,-9.009806958534485322e-01,-9.969714524643371600e-01
-8.611067883900926923e-01,-9.896950008096074836e-01,-8.631004203227585769e-01
-9.452806861446000353e-01,-8.982640475196650431e-01,-8.701561331758259632e-01
-9.086653661416443928e-01,-9.424837951726063867e-01,-8.173419039423364119e-01
-9.574905112494490611e-01,-9.579746107524416132e-01,-8.623134393233502504e-01
-6.987492206350721657e-01,-9.254910527510650242e-01,-8.751628315177520934e-01
-8.235456963468706926e-01,-9.239115380336903049e-01,-9.150786964682706692e-01
-7.291615011792703660e-01,-9.750869957857519754e-01,-8.454612377408650126e-01
-8.586547655309503257e-01,-9.070513097692916027e-01,-8.988882542844238710e-01
-9.298060456179173539e-01,-8.468121474471801413e-01,-9.809992444867792205e-01
-9.722527452172249340e-01,-9.868892924350760598e-01,-9.743116366414318330e-01
-9.011795874189538758e-01,-9.896895228886949392e-01,-9.249408926097750783e-01
-7.254851240243038735e-01,-9.464912176503066377e-01,-7.871311838591392718e-01
-9.798744798325907945e-01,-9.605268635574973901e-01,-8.404439171160816846e-01
-5.348782826303456472e-01,-9.231731201389393737e-01,-9.416182008024470695e-01
-8.184065735439222111e-01,-9.711240619948361408e-01,-7.943193351364359334e-01
-7.543445189520265881e-01,-9.762405260727804457e-01,-8.537150764481213905e-01
-6.201568592300397142e-01,-9.795273536460421537e-01,-9.418878666779763043e-01
-7.862323142499069162e-01,-9.502474143356763880e-01,-8.555035220544058294e-01
-8.622843042690742088e-01,-9.122546165992193590e-01,-9.382950204414941542e-01
-9.478926926479092074e-01,-8.270553855948836741e-01,-9.299928614956021189e-01
-8.173920055012654506e-01,-9.736586429737392745e-01,-9.759104232052779881e-01
-9.197326853285118231e-01,-8.593146733507988078e-01,-9.592601958764588321e-01
-7.552902249739811280e-01,-9.905305482478682366e-01,-9.771732730764989272e-01
-5.598252440695146159e-01,-9.112304823508738938e-01,-8.487862747972640953e-01
-5.667570657592552186e-01,-9.544043034014423332e-01,-7.756758212907568506e-01
-5.936975304812911469e-01,-9.830823788571655397e-01,-8.375468496255970008e-01
-7.682354759496785590e-01,-9.386469964466875870e-01,-9.430847029476647769e-01
-6.926524903504732711e-01,-9.843898240485592366e-01,-8.638807561363913701e-01
-9.778572438770994912e-01,-8.116611694549095146e-01,-8.428084856789452850e-01
-9.312781461761784341e-01,-8.324642995688754654e-01,-9.145208928634582790e-01
-7.350318214203581668e-01,-9.059901786788137068e-01,-9.579725486608605678e-01
-6.073846634182734627e-01,-8.204524350594102344e-01,-8.661579866943667216e-01
-8.639451393667900714e-01,-9.639209068412893933e-01,-9.285738843125995734e-01
-9.009351655383954771e-01,-9.750335764989132015e-01,-9.107815207638823018e-01
-8.250908455860803681e-01,-9.284926782847929827e-01,-9.554998216924401877e-01
-7.468229399030352766e-01,-9.398674579867821732e-01,-9.712171642119004078e-01
-8.263071617168212812e-01,-7.707457605788704535e-01,-9.813340165894154365e-01
-9.116647877146587531e-01,-8.859784850483715113e-01,-9.596246625377722328e-01
-7.698651277896075840e-01,-9.246123502589330689e-01,-9.737242309207689850e-01
-5.280468858547350264e-01,-7.719898921386983970e-01,-8.475983476285287033e-01
-7.682620578554183455e-01,-9.041413570969873970e-01,-9.552287701164251521e-01
-8.864742640381392258e-01,-9.669714936838069708e-01,-9.971908580722663729e-01
-8.241102358805670880e-01,-8.930110867762510729e-01,-9.693723314271508462e-01
-9.804886969624916349e-01,-8.690772804126528639e-01,-8.260259489978293290e-01
-4.698686239641093887e-01,-9.086584430534800916e-01,-8.286150884266896277e-01
-7.735955836951372566e-01,-9.877827398152104754e-01,-8.354036890112449543e-01
-8.710737590559040067e-01,-9.611819242012585862e-01,-8.647918559726427423e-01
-5.254043428311865327e-01,-9.172123437557208048e-01,-8.629935548049628702e-01
-7.319927552113848490e-01,-8.760515008138910487e-01,-7.870956365396363230e-01
-7.025310235633205336e-01,-8.918988784889083643e-01,-9.719930671674478218e-01
-8.664997632128614846e-01,-9.504392114082212961e-01,-9.648370544436373208e-01
-6.227890976427986613e-01,-8.911239044546609422e-01,-9.810898112588385400e-01
-7.681933678846637470e-01,-9.583657611817711919e-01,-9.888105214241621477e-01
-7.077219129124516783e-01,-8.410621753890927810e-01,-7.972844459265903128e-01
-6.031478874371187793e-01,-8.854008763358816037e-01,-8.353502277487327987e-01
-7.762864234019818399e-01,-8.633096996987165150e-01,-8.681219213346567098e-01
-7.280764822149210502e-01,-9.662914235824999754e-01,-9.253338823381338507e-01
-3.815006792728196650e-01,-8.630483612036323748e-01,-9.051250035239543079e-01
-7.808481939295583985e-01,-8.771082820190945206e-01,-8.865744614519567302e-01
-6.850150080755993409e-01,-9.709828261147926964e-01,-9.537260013465608255e-01
-4.778957325766051145e-01,-9.095916392499964198e-01,-8.240954863677384390e-01
-8.108612307951474918e-01,-9.601400107717079635e-01,-9.342237601280739545e-01
-9.239556498375539606e-01,-9.647090837869616298e-01,-8.750570978789744547e-01
-9.145534916408202264e-01,-9.277991895105665021e-01,-8.652828837364313630e-01
-9.134931667188870286e-01,-9.830368379674851997e-01,-9.846736201649750608e-01
-6.821008976123258405e-01,-8.319060104838993386e-01,-9.605471754612273649e-01
-8.724196681863217728e-01,-8.990935048672950014e-01,-8.766426567518679214e-01
-9.653728242563978101e-01,-9.529325401374093563e-01,-8.478859705152078652e-01
-7.743500120618697080e-01,-9.126283362549982847e-01,-9.225420490409008689e-01
-5.475019058427437191e-01,-9.953075211516192455e-01,-9.560725017082061239e-01
-8.313236619349237966e-01,-9.483310963368257740e-01,-9.663145014406882005e-01
-6.854519017204064868e-01,-9.520006634628105369e-01,-9.136370452063019565e-01
-7.652455130967441566e-01,-9.340054563922277620e-01,-8.162019895832242078e-01
-8.079628919723487179e-01,-9.104412416595095703e-01,-8.370122797357080202e-01
-7.795264706202974514e-01,-8.844139947700681015e-01,-9.988032024400060882e-01
-7.692408415230949092e-01,-9.889320741996303621e-01,-8.199400279427493388e-01
-7.013760020228896330e-01,-9.334860994256684030e-01,-9.098595895152237212e-01
-8.433502639628818187e-01,-9.830530613622160407e-01,-8.852654768337760993e-01
-6.191371506382927770e-01,-8.822594016409813777e-01,-9.964886324139207163e-01
-8.384874622333319261e-01,-9.426103929649164437e-01,-9.313659699195468988e-01
-7.786241278209931060e-01,-9.150512393923304622e-01,-9.224478769744136608e-01
-8.960924267547180078e-01,-9.775576739786325797e-01,-8.474370947295306600e-01
-9.524695759516036420e-01,-9.180086663119247925e-01,-9.626124257843179377e-01
-6.829141829083267279e-01,-8.545353687243526508e-01,-7.777284847721955829e-01
-9.720255610962924564e-01,-9.855752861095451456e-01,-9.665621308265572864e-01
-8.278394430150270988e-01,-9.681702931702930170e-01,-8.800394230401451523e-01
-8.396501418712656317e-01,-9.609978114673274341e-01,-9.538427007056208273e-01
-7.138915043557557683e-01,-8.774300666990703101e-01,-9.540128867941611857e-01
-8.987948215482725045e-01,-9.855081970803427627e-01,-8.820298074628680762e-01
-9.124221259259241990e-01,-9.809311922699615049e-01,-9.905983652499810166e-01
-7.508154286008514866e-01,-8.776010744094335791e-01,-9.183502318722308599e-01
-8.342875771969029408e-01,-9.323946139355586693e-01,-8.285364512366563128e-01
-9.815606723261849353e-01,-8.963621929294496304e-01,-8.488313193218990360e-01
-8.656037442238888602e-01,-9.631592255376901779e-01,-8.606250697307724629e-01
-7.266754697052012490e-01,-9.873604790818822918e-01,-8.322237232428950637e-01
-6.800979218407796623e-01,-8.785719920220140811e-01,-9.567538166222568918e-01
-5.084032963553398732e-01,-9.422661183534989382e-01,-8.781566938577995973e-01
-9.288009103830786595e-01,-9.524200197830772208e-01,-7.990535817325643553e-01
-8.047849634013097830e-01,-9.833376924036812960e-01,-8.668280275828501580e-01
-9.658429971221423882e-01,-9.473479861938106650e-01,-7.575514202872151159e-01
-5.427384850018086571e-01,-9.019103139968080995e-01,-9.626122500261888870e-01
-7.517742281994460596e-01,-9.474221155283760742e-01,-8.711163869853939534e-01
-6.445647984724156565e-01,-9.242049098474210966e-01,-8.627120913202153130e-01
-7.679888232621322475e-01,-9.575915378531111299e-01,-9.963801526831768118e-01
-7.287988486524472620e-01,-9.454266621779872093e-01,-9.433159634279053574e-01
-9.404720208396879499e-01,-9.873023849999503776e-01,-9.038303428415486174e-01
-8.198680791958823377e-01,-9.923046362181332514e-01,-8.924204476473742709e-01
-9.422441019194588430e-01,-9.962211059791133971e-01,-8.763098885088559387e-01
-5.226446401243423079e-01,-9.371838715671294562e-01,-9.865807885307883440e-01
-7.409822636297475063e-01,-9.534052942970826505e-01,-7.666889199441171421e-01
-7.118024541253659132e-01,-8.680732630508495307e-01,-7.381896666556043707e-01
-5.945097050691557916e-01,-9.950551835406339363e-01,-8.569397494012400696e-01
-8.153265063783164956e-01,-9.477294892415938365e-01,-8.390924343838626065e-01
-9.052304228525857033e-01,-9.813584041910229372e-01,-8.735005455496498428e-01
-9.789919497782281210e-01,-9.016137820220978538e-01,-9.183270994483526684e-01
-5.619063543331905830e-01,-7.951994932232305802e-01,-8.705976231575363045e-01
-9.843317010435990166e-01,-8.682039724905572520e-01,-8.731565864339883021e-01
-8.101637034521009806e-01,-9.506321050254001870e-01,-8.766552318550948630e-01
-8.979423827213137699e-01,-8.293944418721275191e-01,-8.449569611955821680e-01
-8.147698481824549033e-01,-9.403506084959170064e-01,-9.296859185462109654e-01
-6.667187283068124470e-01,-9.617204782523395279e-01,-9.339968267960516712e-01
-3.526511107375139287e-01,-9.120502086901010053e-01,-9.970541191876159948e-01
-9.866412469613576874e-01,-9.304568803813030309e-01,-9.138065180403751597e-01
9.863358113271136762e-01,-9.242898826506878995e-01,-8.046666996079572254e-01
-8.611308150464072053e-01,-9.328544120183615007e-01,-9.763873695499428740e-01
-7.930423947481105573e-01,-9.489234682788172393e-01,-8.373958095802521706e-01
-6.931470518408859860e-01,-9.327583564417167850e-01,-8.236430567932406799e-01
-9.131617363886228578e-01,-9.209596303733662559e-01,-9.782367686356162606e-01
-3.220917028439063134e-01,-9.724818364385713343e-01,-9.830063803964990132e-01
-9.712238411194566989e-01,-9.008854350642562236e-01,-9.452620260205385483e-01
-8.892888613165924605e-01,-9.621487145198507340e-01,-8.789821720277855022e-01
-8.765432837508831954e-01,-9.644363703173096658e-01,-7.003554967430811740e-01
-7.367685242717405547e-01,-8.782751397446657560e-01,-9.535907225968639489e-01
-9.714233511257732712e-01,-9.872287975871123500e-01,-9.121590109131677560e-01
-8.729298152105858799e-01,-9.955556841091042219e-01,-9.693266799928168531e-01
-7.981706878602171651e-01,-9.804215286313503475e-01,-8.201882566588988288e-01
-7.877846901778837729e-01,-9.980482288215616338e-01,-8.301356876916461403e-01
-7.125715695418843865e-01,-9.772589915924811965e-01,-8.716034679518610551e-01
-6.684164563330320386e-01,-9.398213995015139988e-01,-9.488175118154675847e-01
-9.710092913647340174e-01,-9.655779190229312192e-01,-9.786504438961340924e-01
-6.749818964330118742e-01,-9.396417817164119946e-01,-8.946091787958753150e-01
-9.636406424370917989e-01,-9.628878305344271693e-01,-8.146495375562470276e-01
-9.199716570267536531e-01,-9.791739254336537801e-01,-9.105882526125167464e-01
-6.711568216224584882e-01,-8.752895081766693952e-01,-9.218672644993987086e-01
-9.798738250617202716e-01,-8.291511541867933044e-01,-9.793375327594882052e-01
-8.546103721845866863e-01,-9.933159168733177724e-01,-9.805875615665986533e-01
-9.333221263273964174e-01,-9.219534185667273007e-01,-7.478563337847010661e-01
-8.473225061097898747e-01,-9.677713061806345607e-01,-9.147495196985490074e-01
-5.293840488632564067e-01,-9.160174772264838561e-01,-9.375138011472117228e-01
-4.669027812195196137e-01,-9.765620735168365485e-01,-8.413497019128133303e-01
-7.320669625037329320e-01,-9.478237859916121000e-01,-8.723822982357773981e-01
-8.747676245774218540e-01,-9.964782216476022469e-01,-8.587616296100264446e-01
-9.691539209525018572e-01,-9.163167951541503209e-01,-9.877899654433434096e-01
-9.384913713841235294e-01,-9.228446514236756659e-01,-9.600464834105291168e-01
-9.920322110653414516e-01,-9.743808371830897652e-01,-9.104088798404741389e-01
-7.650263117805021773e-01,-9.063347978736848720e-01,-8.423245907231454721e-01
-8.678662042618535688e-01,-9.478083131589596366e-01,-9.799332311861141953e-01
-6.646808965912334166e-01,-9.167254873457506559e-01,-9.574315965216279034e-01
-9.641795920616786919e-01,-9.195040123669313559e-01,-8.974307211444823018e-01
-9.128820690270471605e-01,-9.601400107717079635e-01,-8.115691242418484608e-01
-8.243980998883377875e-01,-9.274952983199487022e-01,-7.831322309233428314e-01
-4.716580064985307907e-01,-8.509572777809468747e-01,-8.434431649009919152e-01
-9.753395734718045551e-01,-8.334269861228875698e-01,-8.868416292971104120e-01
-9.830122255446684942e-01,-9.697829708488937550e-01,-8.603320301251941027e-01
-6.844636871718833282e-01,-7.792611271184883837e-01,-9.058440925439877889e-01
-7.349536930467036600e-01,-9.487902702877921701e-01,-9.135479084619390067e-01
-9.648799273619564909e-01,-9.863281341067066110e-01,-8.749477419968174630e-01
-9.019703029892069956e-01,-8.363653863457813920e-01,-8.162148270029857544e-01
-5.066813895108811527e-01,-8.375058877053572770e-01,-8.988263316504808698e-01
-6.844237295937758425e-01,-9.373055532439498183e-01,-8.918988784889083643e-01
-6.601447077231747951e-01,-8.216444382480744268e-01,-9.449367765719574042e-01
-9.716321830566675422e-01,-9.595669901853700612e-01,-9.809992444867792205e-01
-9.657024247995696919e-01,-9.941292862566043498e-01,-8.131920590494408074e-01
-6.186369857415724427e-01,-9.889157843064947384e-01,-9.270383553605769933e-01
-8.955606227135223252e-01,-9.376127770525514160e-01,-9.424112532506225826e-01
-5.247243265752004060e-01,-9.869318806934025412e-01,-8.672987832542496944e-01
-9.293180952158585084e-01,-9.108051364865514810e-01,-9.583449338393784656e-01
-7.182748094319850729e-01,-9.073717507093204127e-01,-9.043230447686267937e-01
-7.036316697830328204e-01,-9.644213115770511324e-01,-9.459278740692756982e-01
-8.338942377817236684e-01,-8.845986070671009172e-01,-8.407783605617287215e-01
-8.456176388525133980e-01,-9.500312794631347035e-01,-9.112035014969677160e-01
-7.268113002567809788e-01,-9.361486490024085727e-01,-8.043518951029232644e-01
-9.288503451778205022e-01,-9.434861888281509401e-01,-9.156377905660065819e-01
-7.252132702487400495e-01,-9.694082886635090324e-01,-9.183305297648965970e-01
-6.334735605951503645e-01,-9.806347867196432144e-01,-7.701523479402427874e-01
-3.736303237614626571e-01,-9.582291937893029354e-01,-9.330678813242555547e-01
-9.371468798339511741e-01,-9.745700221299962163e-01,-7.399091805271896805e-01
-9.487331236424539904e-01,-8.269189418991230722e-01,-8.407523077465812733e-01
-5.810143816542668871e-01,-9.543845711558603950e-01,-8.478592540653567822e-01
-7.989671315029002185e-01,-8.446215885637327059e-01,-8.991710377831789724e-01
-5.739437656507825336e-01,-8.905845059006139985e-01,-8.716149085132015584e-01
-7.665810403626326375e-01,-9.249408926097750783e-01,-9.258119930787946927e-01
-5.952374922188716777e-01,-9.869568711433608366e-01,-9.225481210263506426e-01
-5.633389979079501675e-01,-8.670516049316832063e-01,-9.412462834239875287e-01
-9.908505924865008696e-01,-9.360537798575822022e-01,-8.824609924009603201e-01
-7.955546884132405072e-01,-9.918747359710587963e-01,-8.357596898967457610e-01
-5.038076401408311256e-01,-9.047311351973976734e-01,-8.157618033577387351e-01
-4.519183091531710494e-01,-7.880911473388118038e-01,-9.946911596349685691e-01
-7.798549303446238312e-01,-9.647864507205112794e-01,-9.766042720725299775e-01
-5.775754070772658455e-01,-9.911378801106022207e-01,-9.954596198998685308e-01
-8.078987985150809514e-01,-9.090945609467075972e-01,-8.325672916112909494e-01
-8.434771400060103730e-01,-9.131987526901566010e-01,-8.386492966467736787e-01
-9.204641876670170975e-01,-9.268450941076384897e-01,-9.291017682631554919e-01
-9.284887875962100079e-01,-9.401272821513235733e-01,-8.573633829420754804e-01
-9.812283658279625786e-01,-9.417796960987364630e-01,-9.596910364552866390e-01
-7.931403987659204624e-01,-8.934246712740275820e-01,-9.026780226214968783e-01
-6.611143707896813826e-01,-9.601960664682539504e-01,-8.780655544929281131e-01
-7.754900835696254546e-01,-9.932799562692278261e-01,-9.273434436264915703e-01
-7.851709873275865004e-01,-9.677294578662342106e-01,-8.352744820495033862e-01
-9.599585166343467257e-01,-9.750871425452237728e-01,-9.142810668407163055e-01
-8.074645168532716966e-01,-9.158615582580809100e-01,-9.971603115225808889e-01
-7.562108602121551115e-01,-9.889005664361995018e-01,-9.972158567265921869e-01
-9.932376229196563377e-01,-8.404772179206938532e-01,-9.021602357150942941e-01
-8.117682230969340829e-01,-9.808166029991300938e-01,-8.711785799902261873e-01
-7.287161639667000257e-01,-9.833962321548999075e-01,-9.197049838731841120e-01
-8.452721390692518044e-01,-9.945256883743700538e-01,-7.647820092738951692e-01
-8.703890650717773791e-01,-9.253096728808979377e-01,-9.134095639011158285e-01
-7.265356238830661395e-01,-9.616854025094812020e-01,-8.578664550895795937e-01
-9.361609174908854802e-01,-9.381342805999450807e-01,-7.860519205471392379e-01
-6.214190850211310790e-01,-8.948359353970583019e-01,-9.017992958602000231e-01
-9.548793909031693117e-01,-9.211549123286969509e-01,-8.890121477121154525e-01
-6.020817292435703960e-01,-8.664124297599743452e-01,-9.236678681023728910e-01
-9.316190914683432078e-01,-9.698418645730121357e-01,-8.506039926568138565e-01
-9.761036223067075523e-01,-9.871320429761560877e-01,-9.082543478272799842e-01
-7.105051801201525130e-01,-8.529476236247484078e-01,-9.213588793974742952e-01
-9.835242522148448518e-01,-9.929611910561570998e-01,-8.852557323525330757e-01
-9.470677722805073140e-01,-9.202591005678014691e-01,-8.898624402731746263e-01
-9.172287554779118279e-01,-9.311189633551052447e-01,-9.352929983174337325e-01
-9.669353902255659605e-01,-9.640130494479529633e-01,-9.233605711355985513e-01
-9.458175517915347053e-01,-8.807327255553142331e-01,-9.534987515280691772e-01
-9.238651012500099791e-01,-9.641399045445823157e-01,-8.834463535741461371e-01
-8.914142420521535826e-01,-9.374061309385791629e-01,-9.825410713394345796e-01
-8.011345352803678210e-01,-9.597281731685027850e-01,-8.946755885458373969e-01
-8.570382383117088887e-01,-9.186964830702357698e-01,-9.178624501647272282e-01
-7.758136539507247686e-01,-9.234096577033137354e-01,-7.934698390272028057e-01
-9.692095823513116049e-01,-9.159418002070826015e-01,-8.658373508697103649e-01
-6.522783121171433773e-01,-9.800407030825976085e-01,-7.686940471805132624e-01
-8.207205206756852389e-01,-9.427714393547962368e-01,-7.473492724201900028e-01
-6.822415574642312075e-01,-9.600460197275224594e-01,-9.122126671785824037e-01
-8.766298831129826219e-01,-8.553352625526672304e-01,-9.132711131431813234e-01
-8.566513320365086726e-01,-9.907470826254359819e-01,-9.602592141005505955e-01
-8.610656394092010002e-01,-9.740991167987650412e-01,-9.459482874940228214e-01
-7.833895144984277525e-01,-9.413152546639336204e-01,-9.398983881600243562e-01
-9.367993603332339658e-01,-9.775445774180613334e-01,-8.884492336149593106e-01
-7.212343977718839172e-01,-9.091001509693554805e-01,-7.950429139646378873e-01
-8.643803176147468736e-01,-9.682061711866892795e-01,-8.479734257732332026e-01
-8.985795527052006237e-01,-9.223049379119077074e-01,-8.603683498599099533e-01
-6.800964362153414378e-01,-9.494305914613428987e-01,-9.432627575369363360e-01
-9.404814537949077735e-01,-9.518957198082381721e-01,-9.857659915317754651e-01
-8.965025355095639359e-01,-9.487513385773883590e-01,-8.211062192067993815e-01
-9.606351981652029304e-01,-9.803118642532425708e-01,-9.695011623862366257e-01
-4.833866300196115184e-01,-9.519201845453734157e-01,-9.114068876831845634e-01
-8.141275087374360009e-01,-9.901027909293680374e-01,-9.339919790911492825e-01
-7.098964754985598313e-01,-9.726586640724357302e-01,-9.323134396075111185e-01
-6.200688943850705126e-01,-9.501012255991571065e-01,-8.538449193054549191e-01
-9.711156527110696990e-01,-9.349477610334844258e-01,-8.626109283619887158e-01
-9.333881160434651658e-01,-9.120829361128452994e-01,-8.802924411049651843e-01
-9.530903982701603994e-01,-9.986165273078253524e-01,-8.373973642778766990e-01
-8.816906196169017607e-01,-9.859100163697256392e-01,-8.225293032345600830e-01
-6.533058037303157706e-01,-9.831103947002024501e-01,-7.747770461517072826e-01
-6.381588766844588090e-01,-9.566526195639744046e-01,-9.583920902384434060e-01
-7.053071596717014335e-01,-8.763627398102844523e-01,-9.115014731398912717e-01
-9.512479509326573490e-01,-9.510606700283695814e-01,-8.538981933527118873e-01
-8.568953918911563772e-01,-9.034489945593946469e-01,-7.523344588696375679e-01
-8.819664656381616119e-01,-9.677545998051695353e-01,-8.584722520686727254e-01
-5.634336518074052336e-01,-9.672909709991927008e-01,-8.788485635962935971e-01
-6.869388559582244591e-01,-9.413826927910721176e-01,-9.615938819331277809e-01
-8.974709361847350575e-01,-7.861051956095697069e-01,-9.325247647431922360e-01
-8.237313781565739346e-01,-9.034378465822403559e-01,-9.072759182444128934e-01
-8.578972406721764310e-01,-9.635827967205820022e-01,-9.805304804579834110e-01
-7.096954537338833191e-01,-8.908715524331251023e-01,-9.355769137494711618e-01
-7.987325400323919133e-01,-9.228096768933752303e-01,-8.719401531068931011e-01
-8.913798922984067508e-01,-9.265974432650015968e-01,-9.848454863421265415e-01
-5.276788744719300706e-01,-9.577377191316593930e-01,-9.610371167554826455e-01
-9.720543188135951640e-01,-9.776098809730229267e-01,-9.789231690239318384e-01
-9.783512733025095942e-01,-9.534053300236107198e-01,-9.453095624805130104e-01
-4.896482445083638613e-01,-9.513642575707639271e-01,-9.878860640081154054e-01
-8.004796746300254506e-01,-9.397489593573083999e-01,-9.951046214685917990e-01
-9.639613246122057388e-01,-9.411638196614147134e-01,-9.409202805758287713e-01
-8.006326106443946156e-01,-9.776098809730229267e-01,-9.023076586117579900e-01
-7.228359563050353875e-01,-8.421127072369227751e-01,-9.002762367216615713e-01
-7.907661527416234293e-01,-8.593644806393055946e-01,-9.793110414972605593e-01
-6.012049347735169968e-01,-9.038505356503753196e-01,-9.519670558383132031e-01
-9.581395071452465384e-01,-9.327123913970742919e-01,-8.631921414976684304e-01
-9.723315855075911340e-01,-8.432768997926473054e-01,-8.606288530598611430e-01
-9.967469256348466811e-01,-9.364236285985487740e-01,-9.486770901672862966e-01
-7.501409086704194928e-01,-9.382900140086311014e-01,-8.935283333323246202e-01
-4.988584627371158708e-01,-9.964318176050809273e-01,-8.978613350434472284e-01
-8.321285023896035637e-01,-9.021496339893438909e-01,-9.675632113868272155e-01
-8.577918836507191225e-01,-9.698797903762440553e-01,-9.825405355252108119e-01
-9.885754452697625982e-01,-9.316131781202510176e-01,-9.064536637325042445e-01
-8.850345732026518863e-01,-9.122854597916565389e-01,-7.747664342387791114e-01
-9.331135474913346828e-01,-9.015960159169307264e-01,-8.746067050916728203e-01
-8.866766890840198645e-01,-9.463387874704368707e-01,-7.927811109327607131e-01
-8.009547124650934213e-01,-9.262682938710391500e-01,-9.605399625222790227e-01
-6.833033905650806039e-01,-9.141043061790933288e-01,-8.460743939238581923e-01
-9.883899609534063657e-01,-9.304758187899263566e-01,-9.481616273360963243e-01
-9.341242712342283649e-01,-9.463643694504079162e-01,-8.871783765551378709e-01
-8.578043918453216454e-01,-9.289511332950906031e-01,-8.067612806205820553e-01
-7.818615455944070147e-01,-9.091174559556481904e-01,-8.342009811096541272e-01
-8.749765491481595880e-01,-9.181582319467580522e-01,-8.818000941003032445e-01
-9.312258295406835584e-01,-8.858293133659430607e-01,-8.347085742264388486e-01
-8.066407028387480027e-01,-9.554067784631139482e-01,-8.410362189321760606e-01
-8.387310300189756429e-01,-8.567023971894274226e-01,-7.011184228544166119e-01
-8.220638564454924024e-01,-9.919416460659741253e-01,-7.764935125461592813e-01
8.133276860981126788e-01,-9.403940682429096087e-01,-8.098715049369243912e-01
-9.754221768238708901e-01,-9.471726979739047980e-01,-9.547724533163135519e-01
-9.546145768120185560e-01,-9.068915825478188752e-01,-9.298584689592523933e-01
-5.914157337308426632e-01,-9.156220911692536379e-01,-9.573840404454458941e-01
-9.012068376138882009e-01,-9.278092367421058029e-01,-7.834807484933212773e-01
-7.371120018388933604e-01,-9.924486323841976709e-01,-7.855568350824645441e-01
-7.712552488481339008e-01,-9.229340682649483929e-01,-8.065697664069194639e-01
-9.588859970264494992e-01,-8.984411412257202745e-01,-8.510841805619437928e-01
-7.328290219808276662e-01,-9.211765935644280479e-01,-8.126232671036044408e-01
-7.491299264914127454e-01,-9.809792569420533459e-01,-8.227460732906098917e-01
-9.500871675256634674e-01,-9.879653745170131618e-01,-6.894575735292989282e-01
-9.373585543734901382e-01,-9.317869390955579867e-01,-9.127315605760899508e-01
-7.759977626409095830e-01,-8.707347712064468226e-01,-9.485179250612850721e-01
-9.173577400339391064e-01,-9.014067983822023900e-01,-9.061305590371252494e-01
-9.877751498899706162e-01,-9.863240710796559174e-01,-9.294062816609294231e-01
-7.272381611790382783e-01,-7.877180807941079888e-01,-9.811004753689751556e-01
-6.407702954385064986e-01,-9.730845298087220652e-01,-8.527287877160685259e-01
-6.851895407482375688e-01,-8.839228078821695922e-01,-9.184129178727378218e-01
-9.318251239369265138e-01,-9.819718421351381066e-01,-8.802900957476582633e-01
-7.486244299490524279e-01,-8.769405372001848331e-01,-9.686337194492999902e-01
-8.302964339116171155e-01,-9.762993298693602995e-01,-9.035707777192676371e-01
-9.619767873305595796e-01,-9.838340754611871741e-01,-8.890259101321033031e-01
-6.899965902422986463e-01,-9.162039664950882845e-01,-9.105255914865258982e-01
-7.796433628179616493e-01,-9.436738331316604222e-01,-8.859471249498471757e-01
-9.824565294419048689e-01,-9.495059227038459282e-01,-8.617717611184511073e-01
-7.869519513024806345e-01,-8.984785122887858355e-01,-8.050787567844548409e-01
-7.951434415003779677e-01,-9.840096723512580246e-01,-9.816648894435883177e-01
-5.408552907691687173e-01,-9.529555236643287852e-01,-9.435452275917575182e-01
-7.477061953219860113e-01,-8.479130587115821793e-01,-8.996661112225925461e-01
-6.969905950807019357e-01,-7.938602637976661658e-01,-9.387136533255578952e-01
-7.935090460847321614e-01,-9.767131246815791146e-01,-9.174127907408771154e-01
-7.973576257944298140e-01,-9.906113493293031702e-01,-8.851292493183655630e-01
-8.689141052962899847e-01,-9.813750446350658629e-01,-8.399258444880515206e-01
-6.175534314121047252e-01,-8.678813822829803959e-01,-8.666452276858702675e-01
-7.982842841391205591e-01,-9.855982550292601285e-01,-8.407110783220488326e-01
-6.057427154415463422e-01,-9.890432579995683815e-01,-8.477655647519874993e-01
-7.451103340480464965e-01,-9.943368098333934535e-01,-9.562406888124600490e-01
-9.196136535915075960e-01,-9.506241420168446421e-01,-8.630758896181025541e-01
-7.800357243414119957e-01,-9.291401560980601104e-01,-8.844551280483925471e-01
-9.737646579817434977e-01,-9.502844414981552745e-01,-8.442213399077231895e-01
-3.664400355045677737e-01,-9.671251629238791780e-01,-8.173419039423364119e-01
-7.418233374664353619e-01,-9.907939600310916584e-01,-9.858980799893021230e-01
-9.445584320557236513e-01,-9.510293826223235047e-01,-9.306774561937615209e-01
-6.944389932659534859e-01,-9.932350449172203666e-01,-7.975091845721217210e-01
-8.873780285451321470e-01,-9.745164051418424567e-01,-8.896000787867953674e-01
-7.263621114869429629e-01,-8.688447312816496293e-01,-9.177040877400594043e-01
-6.036639194254772578e-01,-9.631630304540931276e-01,-9.316820483136742936e-01
-7.326917390418447029e-01,-9.585749613047119810e-01,-9.003534869337426194e-01
-9.141299283286619115e-01,-9.728476580031494292e-01,-9.762853389395749204e-01
-8.920903559694614016e-01,-9.473842232360896176e-01,-9.831292755793827887e-01
-9.231112403924078835e-01,-9.356904819719009669e-01,-8.918450364493797355e-01
-9.754377279758801311e-01,-9.963477868652856895e-01,-8.757323240688643651e-01
-9.965838923468316457e-01,-9.254354881922337572e-01,-8.995317189648744938e-01
-6.407214420869759008e-01,-9.602163552894371623e-01,-8.545353687243526508e-01
-7.596763675470543653e-01,-9.226328861641621693e-01,-8.904860766539728356e-01
-9.060144924810160649e-01,-9.667880165345414945e-01,-8.699533090130865398e-01
-9.487255606638130834e-01,-9.017907331018817363e-01,-9.500109690257675377e-01
-6.222853398348202614e-01,-9.492563752281057976e-01,-8.055347472585538959e-01
-8.168877297767990209e-01,-9.995985156716874487e-01,-8.758196826004859270e-01
-9.146651389606524907e-01,-9.229110601269701064e-01,-8.920313616551281966e-01
-9.467062831036646697e-01,-9.227103998128710627e-01,-9.965292603189150888e-01
-8.255869913257585235e-01,-9.960163554709727807e-01,-9.913787542805188036e-01
-9.758602242245049130e-01,-9.933490758840831658e-01,-9.763833612224727121e-01
-7.666020664487552816e-01,-9.240342655800999339e-01,-9.291600384462455064e-01
-9.727287238964227312e-01,-7.855083471814467977e-01,-8.448356336292817126e-01
-6.870607073496712847e-01,-9.469178484990308231e-01,-8.014876159606231232e-01
-7.348189224904095873e-01,-9.212273611661966344e-01,-8.770360293974220900e-01
-8.154933865433171558e-01,-9.368010061562729307e-01,-9.618650137566495673e-01
-9.504541990951330677e-01,-8.623958041473858138e-01,-9.219375781951301141e-01
-9.430355905620609880e-01,-8.314326046432316542e-01,-8.276540032796750879e-01
-6.768379487879134793e-01,-9.784127157182720413e-01,-9.122885403080475131e-01
-9.079305836378769312e-01,-8.444399971408049765e-01,-9.656155077557785349e-01
-6.171972499758426878e-01,-9.979953894816515625e-01,-8.610901321561511557e-01
-6.986941115596844165e-01,-9.167265940939067770e-01,-8.735881876236127885e-01
-9.666921094365892309e-01,-9.273029147096432112e-01,-8.248522940961946492e-01
-5.248627959761209549e-01,-9.780638690871364949e-01,-9.580884835232921226e-01
-7.790578179753238075e-01,-9.851459075811368482e-01,-9.676232007872348495e-01
-8.690220097641659924e-01,-9.081178128242123337e-01,-9.138124286918576367e-01
-9.202667714385290854e-01,-9.905877424825878519e-01,-9.534806517595385555e-01
-8.955513874764753357e-01,-9.557240053596675056e-01,-8.926651281530181281e-01
-9.107888805105316399e-01,-9.867757383416432271e-01,-8.746259517015482210e-01
-4.694495527709998672e-01,-9.772551834099029167e-01,-8.965717623676080494e-01
-8.785814491075925048e-01,-9.975563205839037551e-01,-9.211549123286969509e-01
-8.036859337116216695e-01,-9.205325739054112111e-01,-8.792593229602864158e-01
-5.171421701212094435e-01,-9.584772645185198892e-01,-8.920552007034024955e-01
-3.629898123443313085e-01,-9.699016710270205177e-01,-8.696290702794253757e-01
-8.091203194244932506e-01,-9.679127409746375310e-01,-8.745791834784004681e-01
-5.649537490649387816e-01,-8.479471079769542730e-01,-8.404432979142419935e-01
-9.160255351220654152e-01,-9.205551297643841391e-01,-8.089824588055183341e-01
-6.912977792875673044e-01,-9.443494317456467835e-01,-9.004299341420649583e-01
-8.649859763055052220e-01,-8.609182986032569707e-01,-9.098783589017829243e-01
-8.819082809397291722e-01,-9.609978114673274341e-01,-8.854904300638795078e-01
-9.507446629533260474e-01,-9.172863782124132115e-01,-9.577636306141182887e-01
-9.803490904394213112e-01,-8.926225513027196135e-01,-9.350204750947729293e-01
-6.244050248113421908e-01,-8.355807834424516800e-01,-8.581990985622520718e-01
-8.603457016900053489e-01,-9.920896740435519723e-01,-8.709174731288237270e-01
-9.820936293545299289e-01,-9.780852405939960414e-01,-8.188175046881176478e-01
-7.169153078814800573e-01,-9.423994060789684379e-01,-8.903587031830898502e-01
-9.430704320474412317e-01,-9.701445853766649252e-01,-8.341478310507917104e-01
-7.349787978120225773e-01,-9.608620756366296201e-01,-9.340804452023729887e-01
-8.310782810298715795e-01,-8.375556593911035463e-01,-8.471963087444059903e-01
-6.841887877926758899e-01,-9.200868503208656790e-01,-9.234664769917291238e-01
-9.504944342230970955e-01,-9.827375632275138218e-01,-9.473540091278762620e-01
-7.442737974911474153e-01,-9.864414798247148619e-01,-9.098308691009754368e-01
-6.768941218359874057e-01,-9.603703426159181378e-01,-8.414257802609909076e-01
-7.204306293229526537e-01,-9.848497951252835891e-01,-8.603479834985549024e-01
-8.737085048578066004e-01,-9.560767028755634556e-01,-8.479471079769542730e-01
-8.843818910401580746e-01,-9.535725397279296578e-01,-9.652781151191724973e-01
-8.164749136334958912e-01,-9.753642925975221090e-01,-8.754145435061413405e-01
-5.968020974414109947e-01,-9.242401634168649904e-01,-9.100764075838322364e-01
-8.353427002136827317e-01,-9.159877526096216194e-01,-8.401564912880657987e-01
-7.049560676288336714e-01,-9.985891589423584458e-01,-9.981786488005894853e-01
-3.170660995661582771e-01,-9.400005290248724110e-01,-8.851979972230149540e-01
-9.912927424961964773e-01,-8.305442044984748806e-01,-8.469078419820124104e-01
-7.718854591026557133e-01,-8.588314513385437721e-01,-7.999378648664929869e-01
-9.324175119403043110e-01,-9.283164251310308535e-01,-9.402791445462841402e-01
-7.709777886313535777e-01,-8.886400525050558441e-01,-9.500057132293391327e-01
-7.921282540183647303e-01,-9.397692002240110032e-01,-9.406940592326278328e-01
-8.736164783659728927e-01,-9.194831357159500840e-01,-9.008442351478824772e-01
-7.150831686061829284e-01,-9.135255058660913807e-01,-8.321128715314564106e-01
-8.796759101054321128e-01,-9.570515575053003543e-01,-8.578032568283033843e-01
-8.920157074065447889e-01,-9.854274776418381343e-01,-8.216199492323226217e-01
-8.731782763418769466e-01,-9.941986074172721732e-01,-8.933099911807788063e-01
-5.160884987562772697e-01,-8.909719254519191667e-01,-9.057104096557581085e-01
-8.761610601338801763e-01,-8.839372293494860422e-01,-9.567780284367867205e-01
-6.329344825380367467e-01,-9.110676274661225760e-01,-7.484737847264242294e-01
-9.299307136416132824e-01,-9.294855686920759918e-01,-8.325786277819545722e-01
-6.994876072009028611e-01,-9.382318471120327796e-01,-9.716794939015922505e-01
-9.750295551845546971e-01,-9.742382343770001896e-01,-9.688381492124479299e-01
-7.627932180885724778e-01,-8.947927274489462235e-01,-9.403283260371373409e-01
-9.220348093764416664e-01,-8.349456334671792046e-01,-9.276408611266757642e-01
8.070671051026950815e-01,-8.604512674620211632e-01,-9.988013359691484405e-01
-9.481707823233803678e-01,-9.661576571886805187e-01,-9.141494248060280103e-01
-8.546369612936223215e-01,-9.381286796957227780e-01,-9.275303119821420861e-01
-8.072745612570212392e-01,-8.675167722802312742e-01,-8.666356930710010786e-01
-9.006200879544260518e-01,-9.165866632780186318e-01,-7.699476836321634821e-01
-8.870828495815735737e-01,-9.106020487082662207e-01,-8.311838071002790596e-01
-9.743842387000485328e-01,-9.539614410932027999e-01,-9.082824733693216634e-01
-8.412469798401716048e-01,-9.859905272229311235e-01,-9.636872205473032693e-01
-9.155183417621309827e-01,-9.145781450657302081e-01,-9.304504372629298636e-01
-6.740139014738335543e-01,-8.494589853579749272e-01,-9.294465301164028803e-01
-9.783682692149382465e-01,-9.511247013874207790e-01,-9.233496522032689224e-01
-9.649591798183594360e-01,-8.955254326815891286e-01,-9.172241185421167176e-01
-8.676566408684224241e-01,-9.948166730779580691e-01,-8.966537380797847678e-01
-6.912310463881861100e-01,-9.771988348505201705e-01,-9.544072384928270480e-01
-4.732594209262976914e-01,-9.296497602598120524e-01,-8.301096260445581798e-01
-7.539437094929065664e-01,-9.567780284367867205e-01,-8.843041908395046224e-01
-8.329190477412026228e-01,-9.650988780435734160e-01,-8.851849394041445551e-01
-6.850141771822824133e-01,-9.831742247885573160e-01,-8.885002051282110402e-01
-8.758113858329631407e-01,-9.831103947002024501e-01,-8.755711870401187147e-01
-6.686329533236704536e-01,-9.497564533992223224e-01,-8.588690170072690311e-01
-7.297517579213862460e-01,-9.503993997334920785e-01,-8.251782410629577846e-01
-7.751304859655909762e-01,-9.041419338243269488e-01,-9.439383752251131465e-01
-6.761273873285275071e-01,-9.972034190093905792e-01,-8.549865310714503952e-01
-6.693920980104928198e-01,-9.081178128242123337e-01,-9.432432127600890448e-01
-8.950926189196954930e-01,-8.936918592674872874e-01,-9.537546015724781556e-01
-9.664316643350786551e-01,-9.687524308889366997e-01,-7.840312975353656011e-01
-8.534948876823038599e-01,-9.850879479327924182e-01,-8.298195113924198285e-01
-9.584538089008680650e-01,-9.170173575912300423e-01,-9.766844856150123100e-01
-4.401954290066082964e-01,-9.686159488737540180e-01,-7.839604881144522919e-01
-9.454919653322745310e-01,-9.711882751562755933e-01,-9.678469388554558073e-01
-8.510451899326988423e-01,-9.345444058375436125e-01,-8.870959330235764773e-01
-8.155779541584364800e-01,-9.528374731004642939e-01,-7.380730012493832426e-01
-7.596589057204513606e-01,-9.116215359562857001e-01,-8.015878560748345150e-01
-6.177566178096708382e-01,-9.112536609738202120e-01,-8.846130322771437182e-01
-8.020711603802928025e-01,-8.754074591051633769e-01,-9.352067956204745958e-01
-7.129910609885142803e-01,-9.140443379848646188e-01,-8.143080771203730084e-01
-8.087689012474773564e-01,-9.316199529964681592e-01,-7.737903630744974448e-01
-7.095691205616333486e-01,-8.822997464614293905e-01,-9.125889808860708774e-01
-7.877986983405347310e-01,-9.469676500013107789e-01,-8.308803121160316385e-01
-7.002768833425773165e-01,-9.034206972995831864e-01,-9.038557754230182040e-01
-5.554320104927751300e-01,-9.484610183862729471e-01,-9.140948878345523942e-01
-7.466816478647942956e-01,-9.697069524671730889e-01,-8.765014969080002771e-01
-8.778367151500113819e-01,-9.201943455404399952e-01,-9.162836568835867057e-01
-9.069013451436604978e-01,-9.294711846667100819e-01,-9.952281920154706363e-01
-7.527691868823908061e-01,-8.789241058839776244e-01,-9.646269497747279598e-01
-7.633858210613826412e-01,-9.521942808600301067e-01,-9.445923873200626764e-01
-7.177797138753136963e-01,-9.268301074691766006e-01,-9.600823475708410992e-01
-9.902626804279980322e-01,-9.591120670560113748e-01,-8.461913076548410739e-01
-8.699605771676267585e-01,-8.590738646677036350e-01,-8.408538142337481647e-01
-7.999897878187868239e-01,-8.502009507330779980e-01,-9.047086834781431497e-01
-9.633988664738204477e-01,-9.472645191007152965e-01,-9.293433834912131486e-01
-6.978759082655316970e-01,-9.681597078807669954e-01,-8.525989365404220699e-01
-7.219969972696712590e-01,-9.882152740540607327e-01,-8.854989909454012986e-01
-8.295782911111490021e-01,-9.650804143435511850e-01,-9.021512342690269914e-01
-9.049685733661902987e-01,-9.203871157791574387e-01,-9.033359034097996343e-01
-7.500857834026292137e-01,-9.025811876681220092e-01,-9.819463626966035141e-01
-4.807621605657804720e-01,-9.684835027390185092e-01,-8.967559521819520318e-01
-7.941619514718307737e-01,-9.162539578948993846e-01,-9.213384049236459372e-01
-7.597171281368153561e-01,-8.939469119162692934e-01,-8.606148502479925577e-01
-9.150118870275167904e-01,-9.077264013905930184e-01,-8.762935653186146867e-01
-8.150740258403418315e-01,-9.711333363665324292e-01,-9.273553657196499378e-01
-5.989822418031067741e-01,-9.702887634364053548e-01,-9.283530594817915871e-01
-8.253401676419617194e-01,-9.106333337526076877e-01,-8.567652707631272513e-01
-6.874081328225327692e-01,-9.449996966184861513e-01,-9.012899387124784223e-01
-6.782838149353145329e-01,-9.820997641363834463e-01,-8.176588119897302276e-01
-2.756870037747211621e-01,-9.726586640724357302e-01,-9.390301552819757536e-01
-4.294827943828841144e-01,-9.796502123353234559e-01,-9.008264831349912516e-01
-7.734662820859842247e-01,-9.658913803839250800e-01,-9.600110273617018519e-01
-8.003680959214036772e-01,-9.796681249944579895e-01,-8.443948590595673487e-01
-7.369420935493913305e-01,-9.398644657526085133e-01,-9.980482288215616338e-01
-8.679319514006578196e-01,-8.792252942956563233e-01,-9.793374295905951099e-01
-9.426609304739335116e-01,-9.043864068607114781e-01,-9.392070892698192175e-01
-7.256109159982598866e-01,-9.614995516590167934e-01,-7.788609702210771424e-01
-8.999007186851216700e-01,-9.354491293058118107e-01,-9.595049054948954215e-01
-9.179020772816826046e-01,-9.513874200712498785e-01,-9.172430802574417230e-01
-6.000733312999479985e-01,-9.554131454083982788e-01,-8.626491349190308355e-01
-7.235294784102307419e-01,-8.903482789406844677e-01,-9.866160134596638764e-01
-9.535850836121915197e-01,-9.809913566866084178e-01,-9.156377905660065819e-01
-8.410424584958098304e-01,-8.622011597539653849e-01,-8.692567672959295999e-01
-8.888897410714888814e-01,-9.472787044378180310e-01,-9.330509557053954239e-01
-5.576380177968456309e-01,-8.643613519646010657e-01,-9.398683594996428692e-01
-9.946379014835933230e-01,-9.859603832806279611e-01,-9.975543216425594162e-01
-9.948354182674026269e-01,-9.224241407684321548e-01,-9.966683375078049245e-01
-7.336919919164555104e-01,-9.229152722595391767e-01,-9.774352200995730655e-01
-6.319686368221134609e-01,-9.201024152194118289e-01,-8.396494127428137944e-01
-7.993764920178132449e-01,-9.623985236226872964e-01,-8.930817430757362896e-01
-9.030121154346998358e-01,-9.308346868464194568e-01,-9.936912230201556673e-01
-9.391774918367887803e-01,-9.614241594849184391e-01,-9.840103734148347714e-01
-5.663424119774612686e-01,-9.548591300931187353e-01,-9.627056937018878546e-01
-9.109072080381326320e-01,-9.428181445212751033e-01,-9.441238053616212156e-01
-5.773717928621504569e-01,-9.837651052964596632e-01,-8.204622295339514260e-01
-4.946724159159182621e-01,-9.469676500013107789e-01,-8.756125958830055511e-01
-9.473059391891497372e-01,-9.826213395878992118e-01,-8.942304901774751347e-01
-6.669631738140412436e-01,-8.752914935824971376e-01,-9.683930509008101817e-01
-9.485475825414337869e-01,-9.457580421583724473e-01,-9.067140898050984887e-01
-8.335471754482266515e-01,-8.941806949693105189e-01,-8.962685253845865674e-01
-8.625308821592333475e-01,-9.703861021798437791e-01,-9.140900596554359936e-01
-7.622100313993461773e-01,-9.882279215339706546e-01,-8.983471661662273400e-01
-7.299278402683797573e-01,-9.694374663878247977e-01,-9.644796885464256286e-01
-8.061627670814971447e-01,-9.624289531502400186e-01,-9.577665882046619839e-01
-9.341204489572578762e-01,-9.627056937018878546e-01,-8.475601943091706225e-01
-7.998548658659682120e-01,-8.781845665146233992e-01,-9.321004184434169559e-01
-7.743004762669144503e-01,-9.505089369646027020e-01,-9.507128496021980402e-01
-9.343986116909260842e-01,-9.216036863182474059e-01,-9.860309719716617849e-01
-6.587383337962187113e-01,-8.744314275714060170e-01,-8.474579393338415034e-01
-9.775664973647242295e-01,-9.895923329541390645e-01,-9.392780097827210239e-01
-4.775447811008031729e-01,-9.400921274189769639e-01,-9.618124505972374116e-01
-7.381357623182227545e-01,-9.331320321005669438e-01,-8.827346591021953959e-01
-6.962067543242907997e-01,-9.569979521179005078e-01,-8.550730610929215825e-01
-4.568606461163388088e-01,-9.158250676459755990e-01,-7.721325355162529380e-01
-9.684295802603803960e-01,-9.655234710094926509e-01,-9.522577373657883371e-01
-8.420346489158918590e-01,-9.503993997334920785e-01,-9.695564721782862216e-01
-7.314418602473241604e-01,-9.606943398641494269e-01,-8.876622928011664859e-01
-8.807675438483818509e-01,-9.865311805097931597e-01,-9.402601197075293182e-01
-6.470468853905014806e-01,-9.060913861836716876e-01,-9.278132581540217139e-01
-8.408251930117214279e-01,-9.480108351620359919e-01,-9.987946433318856121e-01
-9.000742916376381908e-01,-9.856198085620714311e-01,-7.909797442966588488e-01
-7.965368579287529505e-01,-9.852106839585667020e-01,-7.771801940968972033e-01
-6.834787840609094500e-01,-9.891487912527878734e-01,-7.816012852779835596e-01
-9.949655342109658962e-01,-9.753497041313329285e-01,-9.572808915533497220e-01
-9.667273949966539437e-01,-9.806419565346996547e-01,-9.752401895929838638e-01
-7.929342495493170162e-01,-8.599148811638158696e-01,-9.021514509879466903e-01
-6.738368186218177680e-01,-9.411713362649031245e-01,-9.288520911026568738e-01
-9.730219600099383470e-01,-9.899636891851687492e-01,-9.025018346155803117e-01
-7.867047176668704456e-01,-9.414853710063375569e-01,-9.196630157201503009e-01
-7.024528745011828779e-01,-8.573611454085980910e-01,-8.835648627854469916e-01
-8.855920136246955288e-01,-8.902845478421611558e-01,-9.106997484312019386e-01
-4.659943563576675607e-01,-9.750170964356987824e-01,-9.621201304198178095e-01
-7.388935522787384302e-01,-9.561717491114144485e-01,-9.950076242926082504e-01
-9.405003641337715825e-01,-9.827103875758693707e-01,-9.801639267886844697e-01
-5.899515018682589540e-01,-9.020206373283647938e-01,-9.392086983918839227e-01
-9.920110696311477128e-01,-9.197532824771116333e-01,-8.959465308548075768e-01
-7.323999385872803636e-01,-8.776245550402476114e-01,-8.761724120709409869e-01
-8.224669131378952169e-01,-9.245227912153595184e-01,-8.854186412242400772e-01
-7.713858767500859637e-01,-9.810323308524729891e-01,-8.593530726330421698e-01
-8.113392903009624124e-01,-9.630104003140979030e-01,-9.533817837937476058e-01
-8.080281702468432581e-01,-9.644024967381896740e-01,-9.297609537820603620e-01
-8.470111802690301062e-01,-9.956491839587018333e-01,-8.847014946921082368e-01
-9.090469129698205419e-01,-9.809330890210264942e-01,-9.369816691378505258e-01
-9.251791800725683856e-01,-8.538449193054549191e-01,-7.541163261726504530e-01
-8.424421265826264049e-01,-8.298006262339607808e-01,-8.330779370675439610e-01
-9.906215587343972784e-01,-9.399592033652068856e-01,-9.816514446529889248e-01
-7.438819131361625869e-01,-9.942869960741131941e-01,-9.303942765005932536e-01
-8.484299408053200819e-01,-9.175863274216214949e-01,-8.992964520083966962e-01
-7.232972108137196710e-01,-9.433930605372150557e-01,-9.177893701065200638e-01
-5.782697742038420685e-01,-9.534612204831930393e-01,-9.212210626206439601e-01
-4.895606385842163899e-01,-9.141826277046312121e-01,-9.277414201225815393e-01
-7.826339031326059459e-01,-9.671139392043162086e-01,-8.603725308830312279e-01
-9.986740480820871513e-01,-9.832496627830442648e-01,-7.609925397872234765e-01
-7.199512077174905489e-01,-9.534176979882869052e-01,-8.828720539440646498e-01
-8.062434057973900670e-01,-8.966635193672854998e-01,-9.613544659138262283e-01
-8.458345920754977154e-01,-9.525477006805878055e-01,-8.859379183184438178e-01
-8.993869096265624252e-01,-8.876960573499093066e-01,-8.680661801674870448e-01
-7.784979755830540027e-01,-9.584905693358626300e-01,-9.193338206895167453e-01
-6.259541206537720948e-01,-9.644024967381896740e-01,-8.695559201167291086e-01
-5.587802182293395425e-01,-9.845176299873659165e-01,-8.454383235381989214e-01
-5.566317541415931602e-01,-8.931618053722434336e-01,-7.928364720691054579e-01
-8.208997412620810952e-01,-9.327685956872879824e-01,-8.569468673085782751e-01
-5.698629788735649626e-01,-9.871651557423873902e-01,-9.477197748539416544e-01
-7.934785873698196879e-01,-8.773614958028005395e-01,-9.232672804992363425e-01
-9.112534423943825512e-01,-9.193041985257586202e-01,-9.005550441766639880e-01
-8.345101213061115741e-01,-9.639231906278618034e-01,-9.329451817383120904e-01
-9.969164829630262625e-01,-9.825375903626383245e-01,-9.271488610866610580e-01
-7.974303861865685850e-01,-9.018079472697656529e-01,-9.116215030092351679e-01
-9.661714593536975260e-01,-9.772833919307833961e-01,-8.800710664214873580e-01
-5.236761332241498534e-01,-9.488525360907811290e-01,-8.653220479853599434e-01
-6.617870235778609000e-01,-9.073130593877770655e-01,-8.469937202058235304e-01
-8.999882798371191539e-01,-9.815972446414310548e-01,-7.939653284425116642e-01
-6.197809967059039193e-01,-9.725676763731673224e-01,-9.163831594361862010e-01
-6.022126657009689854e-01,-9.985945823761048779e-01,-9.940955168187546320e-01
-7.510202178060639833e-01,-8.323062948920172399e-01,-7.974679957424791743e-01
-8.935338063386916163e-01,-9.343504635851089812e-01,-9.584024610218437878e-01
-9.179180026000623993e-01,-9.626942330827634731e-01,-9.611530461672577186e-01
-9.579601106080734008e-01,-9.873532114813391436e-01,-9.103969628096744149e-01
-8.438710699087385025e-01,-9.698797903762440553e-01,-9.779739907795018672e-01
-8.742546843170825310e-01,-9.779552315999289203e-01,-9.608008307415395466e-01
-6.337524772732213707e-01,-9.948166730779580691e-01,-8.028316087005200608e-01
-7.625722302553222809e-01,-9.977682263557647868e-01,-8.182217451831891308e-01
-9.381283296668544436e-01,-9.320205057671315796e-01,-9.387975381625861537e-01
-5.466613344479516190e-01,-9.697992931918102411e-01,-8.719731748328074517e-01
-8.165435870481968506e-01,-9.530238449145337354e-01,-8.242363613470227168e-01
-9.150469593184098471e-01,-9.880833281491340214e-01,-9.266816729538305264e-01
-7.769777241474236096e-01,-9.981360583352776317e-01,-9.086356518695459794e-01
-8.747322379602260334e-01,-8.409716486366427546e-01,-9.400629045521546878e-01
-5.677646863832304103e-01,-9.816168227860295747e-01,-9.408759060572058353e-01
-8.580704501007567764e-01,-8.915749956574456903e-01,-9.341243159898150461e-01
-5.451918358169339784e-01,-9.605840688476708911e-01,-9.968888920436814738e-01
-8.531646914058756970e-01,-9.416310337236010186e-01,-8.480079463399325945e-01
-5.922199338754479125e-01,-9.729522772464805902e-01,-8.707988605536064464e-01
-5.856974468831189773e-01,-9.892615670442400644e-01,-9.238441560137172770e-01
-8.032440958274948972e-01,-9.880341091988366076e-01,-9.661649347797812704e-01
-7.130075446824734042e-01,-9.875906237191086623e-01,-9.149486320421951202e-01
-9.249757902221813488e-01,-9.102409098134737198e-01,-8.745701600050213020e-01
-8.436524252091067710e-01,-9.833388421311042293e-01,-8.811025098707914172e-01
-8.915069303617720875e-01,-9.377862806905729043e-01,-8.435422358365878281e-01
-8.587012951695350838e-01,-9.488570306285364353e-01,-9.263190177988127605e-01
-6.009943102964923067e-01,-9.422937983125451167e-01,-8.723822982357773981e-01
-3.267464734966570861e-01,-9.834894132898559516e-01,-8.354425202035856701e-01
-7.254142731587494008e-01,-9.945867211862328139e-01,-9.696449296116882444e-01
-8.831651494569144889e-01,-8.983728911481032586e-01,-8.831358484249504093e-01
-9.441480412670553157e-01,-8.541679674187897531e-01,-9.173542945570594132e-01
-7.330974535414441773e-01,-8.872192353930838937e-01,-9.420455547340953473e-01
-7.284073984124581624e-01,-9.696449296116882444e-01,-9.033015680703113670e-01
-8.473067767687162410e-01,-9.403584558750393008e-01,-8.917856964256730690e-01
-9.313638304096039100e-01,-9.901721657017422684e-01,-9.115147921146504739e-01
-6.120971650489521743e-01,-9.906789267438308455e-01,-9.260972328109732254e-01
-8.852465471996843194e-01,-8.918683151757237360e-01,-9.006002275724900308e-01
-6.875021577127798933e-01,-8.919765007030687753e-01,-9.531749050796834988e-01
-6.576108224927175172e-01,-8.878381666317118892e-01,-8.997111109309261501e-01
-7.727344954989251447e-01,-9.579062540109364310e-01,-9.091706023839633000e-01
-9.747776737371999234e-01,-9.737913916593116115e-01,-9.416716860123813815e-01
-8.860434059860559097e-01,-9.816547301525773150e-01,-9.218763621586132384e-01
-7.654761373314964423e-01,-9.135753126177005301e-01,-7.792264142896336843e-01
-7.928941836042503466e-01,-9.960082797859257653e-01,-8.829084926802192035e-01
-6.964110785253194713e-01,-8.673698848897187785e-01,-9.227012475600153696e-01
-4.619524929749872499e-01,-9.244385920552971037e-01,-8.829341770084315755e-01
-7.076571576827846988e-01,-9.961304877928032209e-01,-8.984298745516414719e-01
-9.593121672064273131e-01,-9.443287548996603942e-01,-8.704774563870422144e-01
-9.900770755679147994e-01,-9.615910859661925825e-01,-9.170966222035673576e-01
-9.229523316043772851e-01,-9.508889090342336203e-01,-7.829901599619001340e-01
-8.848073824208074756e-01,-9.502899819426688932e-01,-8.545732251765545406e-01
-8.787421364478471553e-01,-9.638981752922194390e-01,-8.440407381151989741e-01
-9.581634344032753381e-01,-8.972895326413817818e-01,-8.192923660250673867e-01
-8.338659302032924714e-01,-9.661598406527764915e-01,-8.664567353029365426e-01
-8.553981709731957039e-01,-9.162533168817664775e-01,-9.526771884929541301e-01
-8.056643579187727777e-01,-8.881392171400815938e-01,-8.302082445208915917e-01
-8.155662103361328574e-01,-9.771732730764989272e-01,-8.525442557720868120e-01
-6.365630875132931576e-01,-9.793378088326969433e-01,-8.828173513282435714e-01
-9.054597143325706643e-01,-9.238300303074695741e-01,-9.434263020822220014e-01
-8.385330577013816455e-01,-9.942775103164787076e-01,-8.627922883319130154e-01
-9.781822827759509842e-01,-9.050980320538650759e-01,-8.777031832898040120e-01
-5.020911836653332294e-01,-9.213866699447521569e-01,-8.106269912916868048e-01
-5.842327682831761626e-01,-9.410060612992769968e-01,-9.648497314933972557e-01
-8.714500228983382835e-01,-9.427535374227578036e-01,-9.385456610762620278e-01
-8.950332444315606262e-01,-9.702019076691053012e-01,-9.763810781407284978e-01
-6.947793747804643649e-01,-9.055642771102532240e-01,-9.865717447411554986e-01
-7.835024789171963766e-01,-9.480671916185405834e-01,-7.801464233914261470e-01
-6.420087552678553910e-01,-9.521854606416715328e-01,-9.691827084551321025e-01
-9.124809594288026959e-01,-9.395124870143939377e-01,-8.780599691143000651e-01
-8.547856187971603070e-01,-9.160019127212161161e-01,-9.759426073994893480e-01
-8.445962991772643091e-01,-9.907811205489474027e-01,-9.429548576379810365e-01
8.322188654026768662e-01,-9.247300194839214171e-01,-8.926716355848897111e-01
-4.094273525321575069e-01,-8.742201072924081773e-01,-9.253279428698475417e-01
-9.013082032542649724e-01,-9.188992636660396895e-01,-9.541013567768525938e-01
-8.440382612850848565e-01,-9.545847001800850107e-01,-9.759104232052779881e-01
-7.198689825127368991e-01,-8.521476800520122463e-01,-8.771846057660805940e-01
-5.925795477213545714e-01,-9.242960327599855086e-01,-8.961093618265157934e-01
-9.371003672387694383e-01,-9.201943018250311468e-01,-8.620749848054329867e-01
-8.331435392810591090e-01,-9.669087301051187966e-01,-9.805487464605440184e-01
-5.879057508039208235e-01,-9.848497951252835891e-01,-8.725776460172429694e-01
-6.607043719226340928e-01,-9.697338756325090126e-01,-8.849079334352409898e-01
-5.594987985274885167e-01,-9.674854476695143868e-01,-9.196382990723940276e-01
-3.186831532789853871e-01,-9.466652360312819425e-01,-8.995155384198822990e-01
-5.836679175343282289e-01,-9.717159903458473247e-01,-9.917915276184463558e-01
-6.422364608241196704e-01,-8.926152400411173637e-01,-8.173233894211683337e-01
-9.646352203688928206e-01,-9.671856948363972695e-01,-8.238204770748704941e-01
-9.737684449094863304e-01,-9.961362707301784081e-01,-9.387542589043248453e-01
-9.226744947353759940e-01,-9.440270909610569694e-01,-8.646511880578503506e-01
-5.392066566060079724e-01,-8.824932152066973234e-01,-8.892298293152690603e-01
-9.658860252633594268e-01,-9.798628184252046180e-01,-9.687440478217161921e-01
-8.829740795908407325e-01,-8.229321135828953082e-01,-9.231349744013150893e-01
-9.868866541926314406e-01,-9.202184353166210640e-01,-8.625936725533500660e-01
-8.404120073315309858e-01,-9.071706779496677697e-01,-8.440092556379252819e-01
-9.587953365759968039e-01,-8.920800928525470797e-01,-8.280855922554982707e-01
-8.475225148107099482e-01,-9.933492247392015084e-01,-8.196876875177880883e-01
-8.907677872797380436e-01,-9.971726364705844059e-01,-9.839298194405892151e-01
-7.270537336744333778e-01,-9.260261052525604608e-01,-9.536617656301206170e-01
-8.386434154955629827e-01,-9.358996430635634356e-01,-9.588041223409544678e-01
-8.039241006073776230e-01,-9.407376782438996443e-01,-8.793074653755721393e-01
-8.453090565572297654e-01,-9.800856629264523834e-01,-8.797915383177152826e-01
-3.587928364029078221e-01,-9.465090563872636809e-01,-8.672273792448276231e-01
-8.939872732365402586e-01,-9.437419315521927698e-01,-9.382249272638091275e-01
-8.975142979099339779e-01,-9.627679002484963444e-01,-8.178596656578330792e-01
-9.810707749872222827e-01,-9.157613550254515289e-01,-9.723868600397203021e-01
-9.591774305458610206e-01,-9.239171963610390836e-01,-8.613530843501620016e-01
-7.845083030917835432e-01,-9.371874793936589843e-01,-9.076455059367697364e-01
-6.996399395807076926e-01,-9.414146192752854692e-01,-8.546156330715644067e-01
-6.961110086949203746e-01,-9.373158063362524439e-01,-8.588276968785201193e-01
-8.343772022280614431e-01,-8.687412765773462331e-01,-9.597835193367038054e-01
-9.813451072444295820e-01,-8.893182498218964449e-01,-9.252420568151249469e-01
-9.650711659350847960e-01,-9.219085128279971286e-01,-9.562114472434718460e-01
-8.352271807380949875e-01,-9.885618912392249991e-01,-9.697322755660263693e-01
-7.625271092434647846e-01,-9.554297650867368263e-01,-8.294616349654224674e-01
-7.377860540763634400e-01,-9.811620004728474065e-01,-7.744015588883276235e-01
-8.938137076181708052e-01,-9.227292959183195364e-01,-8.914628357816173354e-01
-4.992917181529344939e-01,-9.337823646992751137e-01,-8.938813183045137833e-01
-6.804172489561961523e-01,-9.626624828219300101e-01,-8.820399850893445581e-01
-4.664988776869768983e-01,-9.965736638216980969e-01,-9.835101260328497075e-01
-6.390233866325237821e-01,-8.959539365996922466e-01,-8.729876140440457899e-01
-8.668066930811886284e-01,-8.634758221777952825e-01,-8.267096079674542963e-01
-9.270815213427272550e-01,-9.224791998542393179e-01,-8.919815393659645819e-01
-6.640765182382930565e-01,-8.313223570896728365e-01,-8.134978385243327725e-01
-9.493561200422412361e-01,-9.561059341166003867e-01,-7.943619204144607426e-01
-5.996257066885818388e-01,-9.802296503333454147e-01,-9.276303571064210551e-01
-9.801156214691403301e-01,-8.766363583125017511e-01,-8.534222694801048004e-01
-6.934738608505148783e-01,-8.779748160025309112e-01,-8.115691242418484608e-01
-6.878478307843008954e-01,-9.865506473709300117e-01,-9.323822166437610859e-01
-8.320424027036541492e-01,-9.111608301470186522e-01,-9.811761516935937344e-01
-7.840594276348143987e-01,-9.473189339335951198e-01,-9.696256999855366043e-01
-5.979408373082515382e-01,-8.931164099687669555e-01,-8.330801266995619958e-01
-8.405238496448278473e-01,-9.632785454302009720e-01,-9.051770193444548251e-01
-8.103701446548274845e-01,-9.117896943663497122e-01,-9.661576571886805187e-01
-9.709917344864519295e-01,-9.691437558431520438e-01,-9.129906980323434507e-01
-6.605339327265735694e-01,-9.438631985415014691e-01,-8.676826419609157126e-01
-6.335689912632986864e-01,-9.870330618980501791e-01,-8.904917195034596222e-01
-6.385288521741581125e-01,-8.951874756909590225e-01,-9.593269869650539183e-01
-8.496404285744689755e-01,-9.272818287206984200e-01,-9.541590322447569550e-01
-7.547327750852292905e-01,-9.351874391863725933e-01,-8.195200227448921071e-01
-9.532814656031305400e-01,-8.652675652184195210e-01,-9.519291820490782818e-01
-9.378984781527924808e-01,-9.934400868863155765e-01,-9.290116863119551871e-01
-8.213958390125967179e-01,-9.812877728149846934e-01,-8.997390094057082788e-01
-9.672315158624884557e-01,-9.113346035339059403e-01,-9.254718008202307278e-01
-8.103976635407841300e-01,-8.851245824904968584e-01,-8.505444570275930705e-01
-7.612071359044199070e-01,-9.704625183076346362e-01,-7.672519003042063135e-01
-9.621318352451906364e-01,-8.964814552224252830e-01,-9.022297271486153791e-01
-9.617681695370843276e-01,-9.665845599981373049e-01,-7.638175216343346952e-01
-4.910364816895795292e-01,-8.668045711105849538e-01,-8.944642843701186008e-01
-8.584506533375693138e-01,-9.026747067200876495e-01,-9.134095639011158285e-01
-7.720517997308081748e-01,-9.646665482635439215e-01,-8.392067201703647950e-01
-9.274570190449684670e-01,-8.618693145052457316e-01,-9.473168953651250890e-01
-9.514109757803226319e-01,-9.694767081649408036e-01,-9.367454807961403951e-01
-6.069930366992408732e-01,-9.595004878475457133e-01,-8.348885518664138639e-01
-6.832757169894171367e-01,-9.983091243977982865e-01,-8.614617676478997232e-01
-7.066531182745716677e-01,-7.637229028075951387e-01,-8.327032677368222391e-01
-8.599542601199652303e-01,-9.154653132497836410e-01,-9.467465597221416118e-01
-6.622757525128578626e-01,-9.118311345162570802e-01,-8.210797617037712826e-01
-8.681363230438107204e-01,-9.012270371835316984e-01,-7.835157834191494031e-01
-9.683458369485196116e-01,-9.897929579822386525e-01,-9.164613949171440677e-01
-9.507232473217976931e-01,-8.192509289246820980e-01,-7.407712472073522125e-01
-7.591054368917480311e-01,-8.717551650153851917e-01,-8.531440517851549554e-01
-7.896415415584318032e-01,-9.821764451173190524e-01,-8.250459433484966798e-01
-5.431215343158145581e-01,-8.975856092770048145e-01,-8.541899628469207251e-01
-8.837782459475987951e-01,-9.017370683341200399e-01,-9.290598550466092620e-01
-8.583966076578315452e-01,-8.559172532399998978e-01,-9.157880368855930708e-01
-8.247309054053826305e-01,-9.675570327135371018e-01,-9.607439215642572528e-01
-6.893132693974018954e-01,-8.285087628105994861e-01,-9.113808194490615744e-01
-8.055949008807300471e-01,-9.448647694347462878e-01,-8.751901961945620645e-01
-9.788825349356745642e-01,-9.207465585898667593e-01,-9.657835161854544381e-01
-7.615580297212989347e-01,-9.355914498407382762e-01,-8.408004493745505625e-01
-9.833128647841590242e-01,-8.888849914920414763e-01,-8.755521787842226455e-01
-9.094356932517650982e-01,-9.179600609025982960e-01,-9.136255671853775739e-01
-6.517829530074082944e-01,-9.697256764666903894e-01,-8.260043740621757502e-01
-8.437075292462552500e-01,-9.619945469034161256e-01,-9.035950211176047020e-01
-7.030323428267997166e-01,-9.624568120441761021e-01,-9.868796168778118938e-01
-9.139133323868866565e-01,-8.516252951337532906e-01,-9.889951805595582623e-01
-6.853855957011886213e-01,-9.894028037474849047e-01,-7.782193707622865331e-01
-9.893303124382902825e-01,-9.493208757042896906e-01,-9.206013901139328270e-01
-6.653988621843266449e-01,-9.988911006619081157e-01,-8.393572019982495913e-01
-9.461126132460034865e-01,-9.960136565786620322e-01,-8.995786197998754119e-01
-5.380171138895453176e-01,-9.742140281777801336e-01,-8.625059600887543532e-01
-9.352019219496592317e-01,-8.686103975819835510e-01,-7.639907822496011525e-01
-5.583063645055281743e-01,-9.041419338243269488e-01,-9.175728638141119609e-01
-7.873608248208334714e-01,-9.323163714669205904e-01,-8.975856092770048145e-01
-7.567250639451295058e-01,-9.707398725899814007e-01,-8.917900253883600525e-01
-7.231229637904309504e-01,-9.802575961220427736e-01,-8.546940807191087952e-01
-7.603417914295980129e-01,-9.726694584130768373e-01,-8.630883062800711603e-01
-5.394526497708443946e-01,-9.869476904369269832e-01,-8.448293061326446196e-01
-8.262233770721766346e-01,-9.984661931357160514e-01,-9.868559391447603302e-01
-8.739931909712962410e-01,-9.221375853531063038e-01,-7.922701038173564081e-01
-8.394503602099222528e-01,-8.667167188332494110e-01,-9.285758853948457014e-01
-7.025729099193571692e-01,-9.036977817019935522e-01,-8.423802831709374939e-01
-7.253132062462405161e-01,-9.590288619722964203e-01,-8.117308617917389224e-01
-9.212762442474020652e-01,-9.479077857502504756e-01,-8.663309192384278656e-01
-9.561944760840371815e-01,-9.814358301183379041e-01,-8.621508012807901356e-01
-6.491245921498927096e-01,-8.685020359567872106e-01,-7.840377117962302744e-01
-5.727737410477772295e-01,-9.123056158291887874e-01,-8.448734273220841473e-01
-7.803243692311390145e-01,-9.643279616233811913e-01,-9.287701399329727492e-01
-9.449675185318111570e-01,-9.490897644398768040e-01,-9.250249540630999245e-01
-9.311713455871380996e-01,-9.537549229587782840e-01,-9.775657260283432404e-01
-9.142044240030648972e-01,-9.542769060523099700e-01,-8.141855154739914280e-01
-9.216549731707149862e-01,-9.807642477617083410e-01,-8.786867390444245141e-01
-5.832578961415033625e-01,-9.731757606880773182e-01,-8.773058412556278274e-01
-9.798100214744233094e-01,-9.654998912407994904e-01,-9.414786422802625676e-01
-8.145730879212064179e-01,-9.545404754163561156e-01,-8.518574214010050660e-01
-9.637160143933498624e-01,-9.036692742405721956e-01,-9.400998576534342899e-01
-7.518330624497653325e-01,-9.036048911574355857e-01,-9.657780917751500604e-01
-8.982321624060471965e-01,-9.891453162021494050e-01,-9.142260246833995296e-01
-9.384509853180585948e-01,-9.332795188615257143e-01,-8.701932654323779603e-01
-3.985116287388855705e-01,-9.100033411729718802e-01,-8.662079284699879533e-01
-9.015653375866264918e-01,-8.802568835123992796e-01,-9.208130503205440576e-01
-6.998133452392131248e-01,-9.117584477612058480e-01,-9.652805033487585895e-01
-8.224466545909645543e-01,-9.924678930538767263e-01,-8.329443855843883249e-01
-6.612953081166854652e-01,-9.709277499981491255e-01,-8.327032677368222391e-01
-7.512848372016561749e-01,-9.610944154964384811e-01,-9.172430802574417230e-01
-5.804635459738117786e-01,-9.902261326403025699e-01,-9.811246450838451150e-01
-7.735089693977852399e-01,-9.838340754611871741e-01,-8.970393617910087380e-01
-4.988550707092047620e-01,-9.222215103839381811e-01,-9.547628340184687312e-01
-9.399532028538273298e-01,-8.163631071808526984e-01,-9.629659410981770140e-01
-8.670963393330669566e-01,-9.126283362549982847e-01,-8.794997263888238992e-01
-9.256388941403724813e-01,-8.830058321168990920e-01,-8.742201072924081773e-01
-8.535832552193211020e-01,-9.757889645091654129e-01,-9.595748560214848455e-01
-7.373475474349975300e-01,-9.963109518556750865e-01,-8.866126296141946250e-01
-8.537533544839072119e-01,-9.893963292122833764e-01,-8.281358067830688618e-01
-9.009988627763938496e-01,-9.381530348421861509e-01,-9.284267770928429364e-01
-9.147084317201176207e-01,-9.167755471562136771e-01,-9.200158959060349417e-01
-8.065015451440628036e-01,-9.613965556282400016e-01,-9.169802487029730109e-01
-7.414375031697324481e-01,-9.652451184386603433e-01,-8.251267366888048738e-01
-8.808778075805416830e-01,-9.569268570331821433e-01,-9.850807106310730532e-01
-8.792175029085926852e-01,-9.362289537690404728e-01,-9.158001433423617055e-01
-9.070407569735068343e-01,-9.829362145776520121e-01,-8.189912894376633057e-01
-7.804863454327939376e-01,-8.800865167491396246e-01,-9.476350089504398388e-01
-8.155048221411322906e-01,-9.662607092753062732e-01,-8.008238049123003188e-01
-5.496123197112408043e-01,-8.774151189694436859e-01,-9.140900596554359936e-01
-4.398672864425060558e-01,-9.911129882459278617e-01,-8.120754463618103935e-01
-6.911194777741096473e-01,-9.441860214358327452e-01,-9.887041784134497080e-01
-7.372099551362115699e-01,-9.300803582017395099e-01,-9.287956671045285439e-01
-8.060139527019168915e-01,-8.937788553909623568e-01,-9.669254674532112848e-01
-5.384397217374579103e-01,-8.787892009278940320e-01,-9.466402425525497488e-01
-8.863254756646379295e-01,-9.671415762222919099e-01,-8.419021944780531452e-01
-7.235653937601445040e-01,-9.120733384370148800e-01,-8.742479846818342892e-01
-8.553236536188264516e-01,-9.412740947207324238e-01,-8.648699197761018365e-01
-9.557781247938970104e-01,-8.488771682181381895e-01,-9.703380023410390631e-01
-5.134957181903739842e-01,-8.445757741646855443e-01,-9.800167677250488651e-01
-7.866263672779325589e-01,-9.864162141026704411e-01,-9.132043945044128197e-01
-9.609964461229967281e-01,-9.458503003535281284e-01,-8.400159656784610407e-01
-7.813988380390615163e-01,-9.803265002674599327e-01,-7.563011390434991599e-01
-7.833304971070178535e-01,-9.302375316628033186e-01,-8.234771530588244071e-01
-8.280486766611202532e-01,-9.506414196798710359e-01,-8.709702559063565719e-01
-7.546880768409260920e-01,-9.093854622537489441e-01,-9.695931994245690078e-01
-7.274036545806572551e-01,-9.828734268150015607e-01,-8.623022842491412376e-01
-3.451291087015899706e-01,-9.479077857502504756e-01,-9.416623817918987616e-01
-8.202628709068263690e-01,-9.393712926933304175e-01,-8.342185602038810766e-01
-7.994540990460625718e-01,-9.844823782228511178e-01,-7.975783834526827265e-01
-9.717963840062689984e-01,-9.920896740435519723e-01,-9.755117440459105671e-01
-8.381866368886140561e-01,-9.787920306423386618e-01,-9.341582754053503468e-01
-6.291463173943497855e-01,-9.585088693196303078e-01,-9.644013634386739975e-01
-8.945884708308803335e-01,-9.826160073592337119e-01,-8.644467270707938411e-01
-5.832288678726161857e-01,-8.736824601352275455e-01,-8.357029995809721612e-01
-6.629414883189956864e-01,-8.670386656578463747e-01,-8.337768028809662280e-01
-9.787307732262691129e-01,-9.734187559414315682e-01,-9.185973229202917256e-01
-4.070703007895249970e-01,-9.319765215240753964e-01,-9.635734604551464688e-01
-9.242494356599941785e-01,-9.454835229623951287e-01,-8.967400162379903783e-01
-7.934449148810778230e-01,-8.883152296088057120e-01,-8.881324244322578165e-01
-7.856695810097250599e-01,-9.201943018250311468e-01,-9.300055658415518067e-01
-8.894223901973429269e-01,-9.711043759701332156e-01,-8.848824099849201819e-01
-8.008647262099704012e-01,-9.474098161166003562e-01,-9.350682626553168397e-01
-9.780492298209615409e-01,-9.702751209962598988e-01,-9.224388903776614690e-01
-4.551284269447966602e-01,-9.944718955320405174e-01,-7.555112620365735943e-01
-7.097898429274727139e-01,-9.720830817841252802e-01,-9.598199439682210121e-01
-6.572535770267978750e-01,-9.485179250612850721e-01,-9.658760775050735381e-01
-9.683942255252601106e-01,-8.482391651422185319e-01,-8.559185176789700922e-01
-7.426143940771446905e-01,-9.121372900305952935e-01,-9.368754088595816487e-01
-8.407049601839685637e-01,-9.637937749448703961e-01,-8.511929103618175452e-01
-6.379276291577129498e-01,-9.900411741319286030e-01,-8.877994818000924937e-01
-7.037645338712262832e-01,-9.167825986490732992e-01,-8.569134217366396467e-01
-6.780158640854802021e-01,-9.733145889047184474e-01,-8.745915419510634781e-01
-5.874643753060118101e-01,-9.833738743513847913e-01,-8.364660898906728370e-01
-8.096614413345344374e-01,-9.982976739771439734e-01,-9.294893242856598903e-01
-9.139714843231119268e-01,-9.592697254970223852e-01,-7.755761037697699312e-01
-9.376087754631887705e-01,-9.655715781350222571e-01,-8.678312630985075549e-01
-9.038380057645835075e-01,-9.201173075409158075e-01,-9.481335780958390913e-01
-8.402369571438657037e-01,-9.535927523097389447e-01,-8.134964032646689880e-01
-6.386238239278559936e-01,-9.298878892188150447e-01,-9.199228434235778851e-01
-6.761484909551619404e-01,-9.652564787977016003e-01,-8.939168807847487352e-01
-9.144283253635671072e-01,-8.706763126079477555e-01,-9.478691375355531301e-01
-8.529721192788404238e-01,-8.742196375807014253e-01,-7.746720768725111617e-01
-8.600230108836234288e-01,-8.693461437065412856e-01,-9.439528694709093948e-01
-9.576267155747139048e-01,-9.843057844678753110e-01,-9.332889532001942268e-01
-8.887787895362513346e-01,-9.658920406440235640e-01,-9.023114950732413764e-01
-9.699365625041024286e-01,-9.018887678643785488e-01,-8.771846057660805940e-01
-8.178470685278381724e-01,-9.570635654609822573e-01,-8.904930862934573588e-01
-9.184760740059305650e-01,-9.861251197897767939e-01,-8.606148502479925577e-01
-5.675701012472870177e-01,-9.851664880909831723e-01,-8.962804840916962501e-01
-8.212529356809814551e-01,-9.402402425149097853e-01,-8.567351679262662500e-01
-8.869976174113761713e-01,-9.751406654658304474e-01,-9.485491190436843301e-01
-6.409812368908662794e-01,-8.957115076025859990e-01,-8.810980444753806484e-01
-7.622803761998426797e-01,-9.567122840699837649e-01,-8.664095728741401103e-01
-7.871856703332902327e-01,-9.044991432501449102e-01,-8.350155686166361724e-01
-7.574365571036897338e-01,-9.361226148755643628e-01,-7.509534266558074433e-01
-9.619562677551277696e-01,-9.195075171536499781e-01,-8.603320301251941027e-01
-7.492678067931151098e-01,-9.622499459261748544e-01,-9.171776465022820624e-01
-9.666654640618739247e-01,-9.334485399157699259e-01,-9.236348630442752228e-01
-4.810846476497410706e-01,-9.570841759651219638e-01,-9.484799509706929310e-01
-9.790319145450798732e-01,-9.379775046360488977e-01,-9.956172555641024102e-01
-9.946697717355544865e-01,-9.643152282562587052e-01,-9.320401265808078151e-01
-7.861956481212029058e-01,-8.955320211542031617e-01,-9.202947759858913779e-01
-5.681599711467864022e-01,-9.427806912168056330e-01,-9.851702243012262494e-01
-9.447790485870739552e-01,-9.200333312128173846e-01,-9.718533327684132361e-01
-9.968614376788553777e-01,-9.913532525303843101e-01,-8.932942656465777675e-01
-7.866166213799243856e-01,-9.171326882940130654e-01,-8.360970348306145938e-01
-6.815960243289788112e-01,-9.068932780877280164e-01,-8.977995850896738350e-01
-5.081329367344944448e-01,-9.881791695528743258e-01,-8.494485726951175319e-01
-9.126078588669237490e-01,-9.994790789480356707e-01,-8.087274238099770862e-01
-9.245976695917975663e-01,-9.248838908976892981e-01,-8.500729974845531167e-01
-8.045586433811130478e-01,-9.557521144557507009e-01,-9.714125516719382958e-01
-9.573075880948144212e-01,-9.907881842018325669e-01,-8.353434509570303312e-01
-7.409509498745084910e-01,-9.726694584130768373e-01,-8.808586772023176970e-01
-5.297919123680085995e-01,-8.999662633936069689e-01,-9.377002342894051878e-01
-9.881663714565945833e-01,-9.276434270843426644e-01,-9.420086039237776099e-01
-6.102922064250807521e-01,-9.592522933236700133e-01,-8.146495375562470276e-01
-8.278519381000387645e-01,-9.906530903221952844e-01,-9.391895089835746724e-01
-7.310433226831238862e-01,-9.966726765820748124e-01,-9.754828145394185412e-01
-9.031409685193086956e-01,-9.841787909639599929e-01,-9.403279212674234833e-01
-8.199065675246822726e-01,-9.579841337536567636e-01,-7.681138165825054376e-01
-7.225484784227075297e-01,-9.051264610398314092e-01,-8.257869836264991603e-01
-9.742219836901381269e-01,-9.586221799355666429e-01,-9.337855308661173748e-01
-7.598316343705512343e-01,-9.172013720022782479e-01,-8.796143890116798758e-01
-9.483032904632568982e-01,-9.439273837920171273e-01,-8.640631227799508984e-01
-6.588443180642704622e-01,-9.002654807092751454e-01,-9.229073081857155358e-01
-7.974200684871447509e-01,-9.957502847641875876e-01,-8.100952762299996612e-01
-7.477489099392093941e-01,-9.578837644545680208e-01,-9.574503147985958806e-01
-7.621024356870955696e-01,-9.910335376801120422e-01,-8.328401001084306809e-01
-8.598776315848386531e-01,-9.667658784744277423e-01,-8.969156832785311062e-01
-8.032095557683172071e-01,-9.696300441357125210e-01,-8.523120578582228379e-01
-8.818519942957698809e-01,-9.729932941641572519e-01,-8.712338160268665588e-01
-8.653075914792807133e-01,-9.066269772692772122e-01,-8.058237641308950705e-01
-7.684153922436499640e-01,-8.698988572511983097e-01,-8.544564619902945690e-01
-7.627190963225982667e-01,-9.981360583352776317e-01,-9.603542476358194468e-01
-9.390876979502221777e-01,-9.843590083416566827e-01,-8.734296033550018601e-01
-9.928067413144482378e-01,-9.869512787002582277e-01,-9.225253864167844986e-01
-9.688616927221428421e-01,-9.614327028596921787e-01,-9.633505337913772504e-01
-6.529086598342946912e-01,-8.664931961755463208e-01,-8.981034340228094548e-01
-8.883793158559613046e-01,-9.412900402247748044e-01,-8.469937202058235304e-01
-7.099746796886798883e-01,-9.704679032128381566e-01,-8.959364889760771389e-01
-7.819619382498179672e-01,-9.687524308889366997e-01,-8.051094255269346522e-01
-6.678885494370064846e-01,-9.855267933891576071e-01,-9.145208928634582790e-01
-9.727420161272166688e-01,-9.983198081248243483e-01,-9.580884835232921226e-01
-5.908880700337936220e-01,-9.499251720366497231e-01,-9.408392905719392685e-01
-8.485503025136095223e-01,-8.852020656363437379e-01,-8.358454561412469452e-01
-8.740819380054412058e-01,-9.957704423607649513e-01,-8.306534542908783347e-01
-8.500036529833384646e-01,-9.817255469026521242e-01,-9.058257769199040688e-01
-7.353996467024341843e-01,-9.979367943462882362e-01,-8.719837303850053178e-01
-9.619836616228536474e-01,-9.471395579447963176e-01,-9.407589830207548909e-01
-8.139344828315070446e-01,-9.848476806539314676e-01,-8.851979972230149540e-01
-6.747551842321026783e-01,-9.776461509152238882e-01,-9.967023020746181849e-01
-9.358459871778931349e-01,-9.123065238656113962e-01,-8.195657823896359551e-01
-9.225852224955185532e-01,-9.324203336032238498e-01,-8.484144199139316278e-01
-8.147981045146379664e-01,-9.298480282841168343e-01,-9.087274140876867579e-01
-9.112984025340189476e-01,-9.621779293769642250e-01,-7.761977335258167798e-01
-7.379238683307534075e-01,-9.028461636333626750e-01,-9.856037467438698574e-01
-8.784743274551443104e-01,-9.106698041441551039e-01,-8.606688634605356159e-01
-7.581197185289617613e-01,-9.788891176664866745e-01,-9.119897644475922771e-01
-8.740171011395106992e-01,-8.820139526721170187e-01,-8.048969536042425155e-01
-9.435723981235094593e-01,-9.718404335002553962e-01,-8.716149085132015584e-01
-8.091680068094898592e-01,-8.568036579413352838e-01,-9.337855308661173748e-01
-6.350765450049501437e-01,-9.855488882577517762e-01,-9.277568784536187607e-01
-7.890798028838837963e-01,-9.166185193058098424e-01,-9.585709065803218465e-01
-6.953955270146853218e-01,-9.771011265683893221e-01,-9.516899484723173597e-01
-9.927209992900039026e-01,-9.289296611279701521e-01,-9.406891917602684394e-01
-8.798692304277889731e-01,-9.553011863527898218e-01,-9.402539424635001364e-01
-9.678652239979722571e-01,-9.938252460216362438e-01,-9.323449579463477521e-01
-7.255928701565433903e-01,-9.445093459818716397e-01,-8.389944959042678896e-01
-8.778746838635486105e-01,-8.647401864028284590e-01,-9.181963636742427326e-01
-9.295637171207870031e-01,-8.801985173367979920e-01,-8.899258030261174568e-01
-8.806317816329432002e-01,-9.301407298467113671e-01,-8.917900253883600525e-01
-9.575265178998345617e-01,-9.404703335974042844e-01,-8.762384289162206130e-01
-6.829575092771684730e-01,-9.911183638866309931e-01,-8.421127072369227751e-01
-4.277998605644521279e-01,-9.997304961879921459e-01,-9.034770392669020378e-01
-9.898706898730571524e-01,-7.796703471765182858e-01,-9.031818525774657491e-01
-9.466736169835145986e-01,-9.700781530110100803e-01,-9.475851019995885638e-01
-9.897512149363500988e-01,-8.977676375590313285e-01,-8.770477809186346674e-01
-8.337993531726083374e-01,-8.907247568389502490e-01,-8.833529392329960706e-01
-9.284385086475502868e-01,-8.592654938074441029e-01,-9.216080074000879696e-01
-9.088854700403465880e-01,-9.005326192609446334e-01,-9.372933381679926512e-01
-8.340252216767579663e-01,-9.882027030443608639e-01,-9.192945816039647111e-01
-5.627176695754125824e-01,-8.996967219106735136e-01,-8.587567586044035917e-01
-4.321491734983473054e-01,-9.982137070323625627e-01,-8.409838947709791235e-01
-8.459261109402981260e-01,-9.942261808033676651e-01,-9.289170507910194940e-01
-6.310534632331874505e-01,-9.888113950364170179e-01,-9.536617656301206170e-01
-6.764181810051196342e-01,-8.601118354312373704e-01,-9.559544767634682305e-01
-5.904634166559262765e-01,-9.145076909391268716e-01,-8.485825575709550206e-01
-7.961818130314862740e-01,-9.466921224742194108e-01,-8.722359986429316647e-01
-8.209347463256206900e-01,-9.770330157178928054e-01,-9.381558136169220186e-01
-9.750755431444408927e-01,-8.084664940967462021e-01,-8.762384289162206130e-01
-6.003334162165691046e-01,-8.784155846022083658e-01,-8.859784850483715113e-01
-6.085141770460028576e-01,-9.804084086645526996e-01,-9.632142198554890511e-01
-7.568746737925357015e-01,-9.770377417595574876e-01,-8.680100295391829368e-01
-8.335142901649302827e-01,-8.994327115889876323e-01,-8.556314591697584682e-01
-8.213312336797273794e-01,-9.782751862458926029e-01,-9.400043174899033183e-01
-7.273532779754777744e-01,-8.849808882767643547e-01,-9.048396701317461543e-01
-8.010904623462825613e-01,-9.100798498808880810e-01,-9.349097985994314630e-01
-8.805295570245794678e-01,-9.419197050750970357e-01,-8.761718222630183739e-01
-9.251467939140870511e-01,-9.287635347542659847e-01,-8.555771490164805204e-01
-4.815904180092588360e-01,-9.540996354911585042e-01,-9.487607052786041217e-01
-7.430246248016004751e-01,-8.711885651698434430e-01,-8.147149022481349201e-01
-7.662968581207135754e-01,-9.865236152377995227e-01,-8.517686793002909873e-01
-8.025867327886986313e-01,-9.058994992137674451e-01,-8.973218150654365122e-01
-9.362371751400587749e-01,-8.867461364377698940e-01,-9.072662166507751147e-01
-7.082478307956852071e-01,-9.203546426171802519e-01,-8.273503939849009559e-01
-8.087197651103504858e-01,-9.121345127613895709e-01,-7.661340978349794328e-01
-7.229036839991472840e-01,-9.463885845448071210e-01,-7.995592806688492926e-01
-3.268452636564933567e-01,-9.095879103709489932e-01,-9.077916089934803257e-01
-8.825654946503700415e-01,-9.716261092916873565e-01,-9.150379765621022843e-01
-4.195428661818116911e-01,-9.687489504078256042e-01,-8.528016383879755136e-01
-8.312611045205682281e-01,-9.789318574588932176e-01,-8.973218150654365122e-01
-4.141436177518556527e-01,-8.562215928359541151e-01,-9.070322185703454387e-01
-6.415820195399480896e-01,-9.413068437290774693e-01,-9.158739770069080910e-01
-8.953853505704757465e-01,-9.179552104037762561e-01,-8.840986922292992656e-01
-8.292644010239463848e-01,-9.106698041441551039e-01,-8.688578264370138138e-01
-8.706691342926198285e-01,-9.885134184878129338e-01,-9.592918360259918842e-01
-5.859501066093064647e-01,-9.781615027708460142e-01,-9.760959684913295131e-01
-8.856926913089420150e-01,-9.981748577786117016e-01,-9.451676034132643345e-01
-7.148591962125528942e-01,-9.832255444065094441e-01,-9.113680314612589983e-01
-9.123302710931382453e-01,-9.816284341678483960e-01,-9.215150232915192419e-01
-6.048247906950680042e-01,-8.884941098818901484e-01,-8.590520119292837098e-01
-8.751684992630412996e-01,-9.033133356739059261e-01,-8.893152281633287526e-01
-6.743287184128664569e-01,-9.439767752437162596e-01,-8.265831682235973421e-01
-5.502638247528377491e-01,-9.634046937762323903e-01,-9.311417536246262561e-01
-7.727917762637533938e-01,-9.707815633320859838e-01,-8.470321563549473298e-01
-7.982892090975945987e-01,-8.189753376256282413e-01,-9.137926363768702487e-01
-7.343058644097960608e-01,-9.201889117841891563e-01,-8.093330178607957004e-01
-7.545255354728752639e-01,-9.850428922053103831e-01,-9.426644876596459444e-01
-6.800461676297903102e-01,-9.509327351517065097e-01,-9.662914235824999754e-01
-8.730173684983418836e-01,-9.407646264069686737e-01,-8.212946924580183383e-01
-7.856148640792298687e-01,-8.802684665849929146e-01,-9.380953310050599292e-01
-7.240421992469977530e-01,-9.843590083416566827e-01,-9.001592220964214075e-01
-8.748478722446073608e-01,-9.823966546267129951e-01,-8.538293482030314685e-01
-6.204902176400218794e-01,-9.216527074437126377e-01,-8.906712598800913261e-01
-8.200611339549052081e-01,-8.697809639429796569e-01,-8.697215112801757186e-01
-7.508186386462447626e-01,-8.716193422361752097e-01,-8.235063855167989999e-01
-7.852980963046856111e-01,-9.923846701093848033e-01,-8.874263736368376287e-01
-7.760528401072895877e-01,-9.802942497948663458e-01,-9.607504514594941147e-01
-7.243640490768255003e-01,-9.858370190682427259e-01,-9.091405261517699898e-01
-8.484388482205315052e-01,-9.043230447686267937e-01,-8.035691744599240405e-01
-6.327575348271570199e-01,-9.965788616430237834e-01,-8.819203158768095241e-01
-8.392874688120051108e-01,-9.512389025105396634e-01,-8.616177843001655567e-01
-8.895345438902247936e-01,-9.392280709035782937e-01,-7.962604813477994758e-01
-8.166601801957888984e-01,-9.928102871137631791e-01,-8.686539397044221733e-01
-7.247625533922288366e-01,-9.240676773597102933e-01,-9.899015572579035194e-01
-8.035933281710755383e-01,-9.939444939519371802e-01,-9.776614037229026666e-01
-9.737937034961346994e-01,-9.984835364141573244e-01,-8.891746608301850374e-01
-8.783611531710308062e-01,-8.964547105191300602e-01,-8.693926181497287908e-01
-6.164286474699699481e-01,-8.960804049475352695e-01,-9.073571143585366094e-01
-8.052232978165596577e-01,-9.916236350359244334e-01,-8.341021598848543661e-01
-9.814403882083931885e-01,-8.824079664144455215e-01,-8.783831582326537823e-01
-7.709246070355720848e-01,-9.246889450309369041e-01,-8.851109470405843505e-01
-7.859271752631414865e-01,-9.025452165906315827e-01,-9.230345992833086655e-01
-8.704659931793637950e-01,-9.935169048838858874e-01,-9.967512748631714992e-01
-9.263398361236349077e-01,-9.752243274971534870e-01,-8.957144199016970898e-01
-8.439934921102436594e-01,-9.479628735896061809e-01,-9.724333694733092726e-01
-7.817210095586798468e-01,-9.889161866246171106e-01,-9.244385920552971037e-01
-9.383910433556749142e-01,-9.362791102988914371e-01,-8.475358380513308143e-01
-8.082103759714651670e-01,-9.130054968430058038e-01,-9.033561058949912681e-01
-9.835976684897193012e-01,-9.761900565705129429e-01,-9.763955075143117002e-01
-9.030998946125734506e-01,-8.939445986014390444e-01,-8.617481189000686381e-01
-8.640114763887641880e-01,-8.789601430883347000e-01,-8.600010024240821727e-01
-6.984715725720177515e-01,-9.456502390498215949e-01,-8.572691729892720769e-01
-9.461230176265994496e-01,-9.940265393178526754e-01,-8.556816586766636812e-01
-7.397142020039755295e-01,-9.495809004585309410e-01,-9.123923654911487713e-01
-9.094505142985347401e-01,-8.758842875891857949e-01,-8.850336720911970989e-01
-8.010516392175700551e-01,-9.157540700575256265e-01,-9.564753421281347867e-01
-7.682393360250485692e-01,-9.896142972237611524e-01,-9.233780084115204012e-01
-7.994186269792121768e-01,-8.735005455496498428e-01,-7.921780981696677770e-01
-6.202674806775264615e-01,-9.403551822715032760e-01,-9.523222227090153424e-01
-6.612937328417447524e-01,-9.278330031858768034e-01,-9.508639061499265521e-01
-6.774558098418597130e-01,-8.926225513027196135e-01,-8.656846554993878895e-01
-9.656586175510005754e-01,-9.717419895068671876e-01,-9.259317003125093759e-01
-9.156301478343531475e-01,-9.613270780673377480e-01,-8.202004750095182040e-01
-7.512304208800381078e-01,-9.820943127765333625e-01,-9.206992085871192888e-01
-7.067557310792128566e-01,-9.291566044295597182e-01,-9.690493082554573201e-01
-8.354486798761524557e-01,-9.269916577496328802e-01,-8.811154988311149516e-01
-7.547569551217676587e-01,-9.810541708961704188e-01,-8.995199182762541046e-01
-8.739201361052724160e-01,-9.431320836511375427e-01,-9.577426036108106500e-01
-9.452064730794091929e-01,-9.621565490253960462e-01,-9.151328073181346223e-01
-9.352252379775329860e-01,-9.636047245281561535e-01,-8.709027775330598908e-01
-9.299210728721235553e-01,-9.508916291827276268e-01,-8.884276468624167089e-01
-6.819105144064725454e-01,-9.489129356213316102e-01,-8.476246888168106342e-01
-5.936771168260481790e-01,-9.950467558513311772e-01,-9.972034190093905792e-01
-8.120989463429911792e-01,-9.771337559398225459e-01,-8.606640481831842049e-01
-8.736555972622193078e-01,-8.954944345837958508e-01,-8.432729425582292659e-01
-5.116371137527113699e-01,-9.937954297999149755e-01,-8.112860448749714681e-01
-6.809896791600613675e-01,-8.444525930985957718e-01,-7.739837140455454456e-01
-9.143185846084328494e-01,-9.925686460156077917e-01,-9.644523248803291704e-01
-7.640465760004852003e-01,-9.010833993071981629e-01,-8.731095908330284150e-01
-8.717290323704168786e-01,-8.871381041364937436e-01,-8.164696749078648175e-01
-8.981731604092491050e-01,-9.591131295765392695e-01,-7.874779448014581629e-01
-9.363253196540347600e-01,-9.723679820655228845e-01,-9.090796566910070986e-01
-9.921546302623368563e-01,-9.619943472487132441e-01,-9.331103450855537940e-01
-5.116264283707344651e-01,-9.788345478805903221e-01,-9.113513754414932500e-01
-7.016527766729347970e-01,-9.517839109811191411e-01,-8.234394136636016270e-01
-3.361682263025788653e-01,-9.389866401810500474e-01,-8.398605344438871967e-01
-9.073649879902562221e-01,-9.901600911013469508e-01,-9.210012248458083750e-01
-3.698297135867888441e-01,-9.839603053239516228e-01,-9.435739443260289239e-01
-8.561022325175859926e-01,-8.586830815205008793e-01,-9.611667219722250799e-01
-9.094481354776049464e-01,-9.842585122125343533e-01,-7.988168581021537484e-01
-4.516263289192805064e-01,-9.538182772700648515e-01,-9.081787773092668825e-01
-7.895365413739223737e-01,-9.951768166350887235e-01,-9.183445359483242143e-01
-9.232811801340710112e-01,-9.660243324928147191e-01,-9.621427768944531556e-01
-5.863897014446086686e-01,-9.383072854597847012e-01,-8.186760465923738073e-01
-8.242844222738732185e-01,-9.812877728149846934e-01,-8.851614451527519689e-01
-8.499691704732397213e-01,-9.826832387948193359e-01,-9.310780531002473825e-01
-7.733113441545934608e-01,-8.866903393043211734e-01,-8.117520507024820198e-01
-9.942143702030442620e-01,-9.725444637632247868e-01,-7.998859352189118255e-01
-8.579682458889796859e-01,-9.543522737331193717e-01,-7.582299113819519487e-01
-6.321817844832381406e-01,-9.279112308546415555e-01,-9.544255224918024583e-01
-5.059428041200315640e-01,-9.951932475176412662e-01,-8.821040392461142465e-01
-6.893855776687236592e-01,-9.685067504483050316e-01,-8.976633525499224664e-01
-4.077931338912446080e-01,-9.509782684589580537e-01,-9.401764860753614172e-01
-8.218828302639478167e-01,-9.199679167217977849e-01,-8.129188848549232516e-01
-5.214212836512015503e-01,-9.904608155319383211e-01,-8.753603920115217152e-01
-8.993970052792508163e-01,-9.729778621077808110e-01,-8.542994541099412364e-01
-3.507889518664605299e-01,-9.938641448670439971e-01,-8.295106171827637542e-01
-9.754423812783921122e-01,-9.942452656951612511e-01,-8.153372772954142755e-01
-7.612163355706740298e-01,-8.962374674693797116e-01,-9.242568714427235044e-01
-7.857180038537767697e-01,-9.918962119159369095e-01,-9.133741458432034221e-01
-8.524106108842731677e-01,-9.699348218119643317e-01,-8.971703485299350467e-01
-7.219905162476576432e-01,-8.751298246174656903e-01,-9.663787316560560336e-01
-6.682872431578155137e-01,-9.586287016570796959e-01,-8.243888518308117863e-01
-8.095036365526120381e-01,-9.020579736744798183e-01,-8.115105820781174373e-01
-6.644678641484721426e-01,-9.850362048940474180e-01,-8.625755613099731489e-01
-8.900241094658739582e-01,-9.234343374642119961e-01,-9.920170011612371441e-01
-9.651800947487735316e-01,-9.834375733754330273e-01,-9.297451849118645306e-01
-9.879015852425699906e-01,-9.491181888245697751e-01,-8.570057981625180954e-01
-9.532289350647048520e-01,-9.799770012533842722e-01,-8.702198888091883244e-01
-5.922868370916105629e-01,-8.252793968408491665e-01,-8.926652707389212127e-01
-7.174050289330474728e-01,-9.656530558884311999e-01,-9.815075548383681570e-01
-7.590660605099519564e-01,-9.680143701748368246e-01,-8.641517074456336323e-01
-5.637001574755052813e-01,-8.983316491171605689e-01,-9.831480260766709556e-01
-8.840649536927884800e-01,-9.691438746384877234e-01,-9.621646411355023742e-01
-4.173779826184331188e-01,-9.382688031529747841e-01,-9.159576969399945146e-01
-6.416351799214067286e-01,-9.721464432116395660e-01,-9.810630133728429625e-01
-6.544215903231008769e-01,-9.529962954188603286e-01,-8.663982090769767330e-01
-8.945024272226814732e-01,-9.658031755147109543e-01,-9.168993894818175949e-01
-6.469692144459125993e-01,-8.623022842491412376e-01,-8.619004296828656209e-01
-9.163680391416710869e-01,-9.766320749238790455e-01,-8.937351908806384637e-01
-8.120361315229424060e-01,-9.754086490699175327e-01,-9.011655509185205748e-01
-9.084482262892448201e-01,-9.581031962935572244e-01,-9.017872695731001809e-01
-8.453750529392763946e-01,-9.875371074358810786e-01,-8.684655161381490407e-01
-8.961475059975753110e-01,-9.463116068296235639e-01,-9.876892951677297416e-01
-8.223348574942890288e-01,-9.432847632219637513e-01,-9.864731907028244651e-01
-7.092384834043329311e-01,-9.768596191969172171e-01,-8.837035541316574649e-01
-8.854299157230487438e-01,-9.204322908163569128e-01,-9.018637557580961861e-01
-8.764030547254784143e-01,-9.503303118299433194e-01,-9.225511961152339513e-01
-8.984804374743761146e-01,-9.961091326203311835e-01,-8.599418786949580840e-01
-8.900805056034434282e-01,-9.058010290007575405e-01,-9.933078175233907015e-01
-8.223174157426551556e-01,-9.955895724816902215e-01,-9.972999560273078101e-01
-7.011382178617612260e-01,-9.607230783455933398e-01,-9.083934945694681629e-01
-6.436681018085519401e-01,-9.512194264400832822e-01,-9.798935692798517172e-01
-8.212288343092829512e-01,-9.245608172987742623e-01,-9.258119930787946927e-01
-6.934898217617775362e-01,-8.277830299398032388e-01,-8.396404752922057568e-01
-8.064436878913833207e-01,-9.236727489605696118e-01,-9.652713255042248974e-01
-5.163977620345002739e-01,-9.136182325230487455e-01,-9.460947682423023197e-01
-8.931523089513938585e-01,-9.955233436982583450e-01,-9.517870127392398238e-01
-5.920324003458473650e-01,-9.511668084462064909e-01,-9.005547832754606796e-01
-7.360153954908950080e-01,-9.769779495865814622e-01,-8.519565844724658055e-01
-6.183720271451583761e-01,-9.149842223525553875e-01,-9.083847624673775378e-01
-9.298781269728843002e-01,-9.200401585448787500e-01,-7.976140062520693519e-01
-6.771565126903902332e-01,-9.976125212705039269e-01,-8.512442126311390300e-01
-8.403422725511695557e-01,-9.648687182454978029e-01,-9.473562452624907371e-01
-7.695059174696265991e-01,-9.800492051256572967e-01,-8.414639720044292392e-01
-8.776647939575989987e-01,-8.988940704148105088e-01,-9.445197034860876029e-01
-5.253179682725563904e-01,-9.863972835569596587e-01,-9.492196099900841455e-01
-7.887689192087075085e-01,-9.828717198721933501e-01,-8.482532946461441847e-01
-8.678933203253074158e-01,-9.937954297999149755e-01,-9.075589073594595435e-01
-5.850163507812299324e-01,-9.227489955757008921e-01,-8.808156971844869343e-01
-8.056587217460485784e-01,-8.593555552077852822e-01,-9.221230552387271739e-01
-5.812765701839641697e-01,-9.607995122701018520e-01,-9.140772939826228294e-01
-5.010978362343591064e-01,-9.461277329896988775e-01,-9.578262552564099641e-01
-6.676591991471531040e-01,-9.467270580852258366e-01,-9.085499165822851220e-01
-8.880969342811836365e-01,-9.718954975200102542e-01,-8.787937449140095225e-01
-6.669231434654303570e-01,-9.291636083511969346e-01,-8.162464518799352753e-01
-7.256270271770139946e-01,-9.654381042592089512e-01,-7.615339550728826845e-01
-8.262390595798488890e-01,-9.572051159041097268e-01,-8.920069178739187254e-01
-8.547475515346223407e-01,-8.869298283522588644e-01,-8.537661214535068321e-01
-7.359000727348752324e-01,-9.400813249504496039e-01,-9.230184762194739712e-01
-9.743525472640434115e-01,-9.268000349619059941e-01,-9.149516253021199308e-01
-7.602913999550142687e-01,-9.898868958997342204e-01,-8.779398325256703162e-01
-8.194286670438253317e-01,-8.563151705968774507e-01,-9.601418850320699860e-01
-8.723354134873644306e-01,-8.330636085206315489e-01,-9.072873333100288651e-01
-8.938032170834337986e-01,-9.967763557264192054e-01,-8.748179778736773216e-01
-7.282183183121249126e-01,-9.685975343067021459e-01,-7.869429447408265998e-01
-5.609511192901656118e-01,-9.819463626966035141e-01,-8.432778684799500102e-01
-8.821900003599908446e-01,-9.957283030436929749e-01,-8.846111556707461077e-01
-6.734765039977046452e-01,-9.697774500317977164e-01,-9.701683006379373531e-01
-7.781945530339163808e-01,-9.172957369978332887e-01,-9.334206203380730482e-01
-9.487022572174661494e-01,-9.412740947207324238e-01,-8.208098471465284929e-01
-8.878377808607854638e-01,-8.721655552597173955e-01,-9.644655451770776100e-01
-7.306009031880603688e-01,-8.305431485593579577e-01,-9.046335393714678430e-01
-8.982336955581167182e-01,-9.787324450058932923e-01,-7.621704356058303098e-01
-8.035423063246508457e-01,-9.940111979213227533e-01,-7.941746252422579033e-01
-9.469926828413197661e-01,-8.890259101321033031e-01,-7.541537789570194050e-01
-9.277886004187764213e-01,-8.879442812103000016e-01,-8.812926113193079170e-01
-6.001944359037690857e-01,-9.948929741560889051e-01,-8.155200267121267554e-01
-9.267811410402098105e-01,-9.855319774461736015e-01,-9.188676784609270953e-01
-5.704885064504486847e-01,-9.150379765621022843e-01,-8.833116710805020144e-01
-8.783443455751712703e-01,-9.083108414634439853e-01,-9.442434400152799334e-01
-9.194175608447379133e-01,-9.485251028253410821e-01,-9.553229310003753527e-01
-7.287695602875196021e-01,-9.230337649452535764e-01,-9.027982064016579766e-01
-6.528364182866551735e-01,-9.626643503669287671e-01,-8.330381511954043638e-01
-5.372570595107961644e-01,-8.711892572586807937e-01,-9.600950221979307475e-01
-8.343894154713388245e-01,-8.333544528748741964e-01,-9.131546711366747004e-01
-8.284356181906509242e-01,-9.053474533789636070e-01,-8.407226463287822416e-01
-7.113668973313934663e-01,-9.898174478748127392e-01,-8.290093036898975587e-01
-7.663660022171325803e-01,-9.163688551952069439e-01,-8.587713382670640883e-01
-8.426315388592953148e-01,-9.569349993520102071e-01,-9.230630008422546773e-01
-8.329066051664256731e-01,-9.129644100207681134e-01,-9.633936347487491725e-01
-7.746288050179075402e-01,-8.981205375337761865e-01,-9.485021931557502395e-01
-6.163375199091711831e-01,-8.772513876144821809e-01,-9.125165632153279249e-01
-8.645600687460021083e-01,-9.389588886396579293e-01,-8.718058483211670318e-01
-7.922546395273221131e-01,-9.353087789450362788e-01,-9.415489632452993529e-01
-9.490784056675146685e-01,-8.785755207340716355e-01,-9.101635503420090201e-01
-8.461478068347855208e-01,-8.668328447958847383e-01,-9.253254765240983559e-01
-9.046787189288429953e-01,-8.801377427469907477e-01,-9.733310919092452718e-01
-8.631221407711767712e-01,-9.574693489871856089e-01,-9.060801246585239443e-01
-6.046112281193248839e-01,-9.543342924309721198e-01,-7.737456606665369385e-01
-7.250926297357019878e-01,-8.978811167849325425e-01,-9.097959622709199667e-01
-7.048034114235481873e-01,-9.668219465982326177e-01,-9.092198694639954670e-01
-9.120185048278134365e-01,-8.568956231400917112e-01,-8.678095318881391407e-01
-9.454910679548604868e-01,-9.429584872838885357e-01,-8.029390923849218931e-01
-7.774367613383691422e-01,-9.658584103140775978e-01,-8.663982090769767330e-01
-9.857497547050571018e-01,-9.546678234830955345e-01,-8.542663678701951646e-01
-7.287092133434768249e-01,-8.774956289481118388e-01,-8.859784850483715113e-01
-8.957314149128989822e-01,-8.754304574329300204e-01,-8.491280348028674707e-01
-9.446872582882648306e-01,-9.768478546712108246e-01,-9.319340734986762964e-01
-7.458498815429195350e-01,-9.697338756325090126e-01,-9.587496009261666785e-01
-6.805000188508535386e-01,-8.606894309734538506e-01,-8.658421718954014690e-01
-9.084407065564403805e-01,-9.763780324252638865e-01,-8.358148102884694897e-01
-7.080616088267228658e-01,-8.664095728741401103e-01,-8.457697702997694078e-01
-7.639928025321448546e-01,-9.945253557571911429e-01,-9.693274545930096187e-01
-8.652049087509272596e-01,-9.749172110762024390e-01,-9.655724798877194370e-01
-8.367580783070156514e-01,-9.397489593573083999e-01,-7.815464636156642664e-01
-7.995085841811091498e-01,-8.764276181863857040e-01,-9.661288063558508554e-01
-7.687680239753091893e-01,-8.762826305288282658e-01,-8.796249026237417112e-01
-4.657608309849788908e-01,-9.376393183201334747e-01,-8.599968240778771422e-01
-6.756358085853008122e-01,-9.540738583880652435e-01,-8.691505633318199475e-01
-7.717282850124868032e-01,-9.531686351428675374e-01,-8.799877397518689470e-01
-8.825786385381066967e-01,-9.528320417332831749e-01,-8.652594040292446165e-01
-5.687871768201177014e-01,-9.112508931644975885e-01,-8.228927026486202445e-01
-9.393784125125571594e-01,-9.371254180671907408e-01,-9.494555171839386132e-01
-9.688684487436379777e-01,-9.774822795786397567e-01,-9.145735147264464349e-01
-9.873885450993939994e-01,-9.713197829820846563e-01,-7.984252025168642186e-01
-8.192092686842449289e-01,-9.926151689927639188e-01,-8.515806942806805058e-01
-6.969237952407337788e-01,-8.765319314618517099e-01,-8.474940195599036663e-01
-6.372507277472829745e-01,-9.582616437441686674e-01,-9.097882499928088285e-01
-8.440522619975115992e-01,-9.673979494151858649e-01,-9.057100179941984797e-01
-6.329517242589375314e-01,-7.855083471814467977e-01,-8.558130107966009925e-01
-8.369443142671021407e-01,-9.000897414809960750e-01,-8.900869111878327855e-01
-8.162323690531216869e-01,-9.553011863527898218e-01,-9.084613856150156597e-01
-9.395683736295831201e-01,-9.459302419498397674e-01,-8.901606762022935548e-01
-7.910979084743641199e-01,-9.286457668976294544e-01,-8.050725316701331513e-01
-8.592766473699545715e-01,-9.196566464324514856e-01,-9.694328205060620540e-01
-7.124230459415802352e-01,-9.733372329860263683e-01,-9.300202858698181085e-01
-9.032733524764936517e-01,-9.448178380132088439e-01,-8.856461075123842619e-01
-6.355961685864846000e-01,-9.636872205473032693e-01,-8.636823810475405816e-01
-8.072752732132684184e-01,-8.621769234492242528e-01,-9.285193266631079911e-01
-8.353025083929702665e-01,-9.150498774961461912e-01,-9.747364743394326680e-01
-9.300296786252817416e-01,-9.227186158288516182e-01,-9.316619239089803939e-01
-8.092776197630739965e-01,-8.880830615657167026e-01,-9.313616775731921038e-01
-9.711293436651814437e-01,-9.185866404988544121e-01,-8.918515308317720436e-01
-9.385072922342039270e-01,-9.349873341871393073e-01,-9.353950071083658724e-01
-7.469784491482430733e-01,-8.954655961526273300e-01,-8.631921414976684304e-01
-9.871204128974148118e-01,-9.681802098312912719e-01,-9.530374614403164246e-01
-9.395286223165388861e-01,-9.645280233443381812e-01,-9.177270490685333071e-01
-8.422668728970092999e-01,-9.327594624497315134e-01,-9.400375999920096426e-01
-9.624179502503283912e-01,-8.985025752526295539e-01,-9.676768563079857222e-01
-6.128553692578717627e-01,-9.607174357618342153e-01,-9.409788110600085798e-01
-6.716823145031606268e-01,-9.009139375120912563e-01,-8.265642624908988711e-01
-7.440289841160545592e-01,-9.908201253578509116e-01,-9.758522576815946703e-01
-8.315877832313167684e-01,-9.581250679762635114e-01,-8.204738522381882504e-01
-7.344244708847225134e-01,-9.542455891498143883e-01,-8.067123799724285060e-01
-9.067727233233860984e-01,-9.707238605380977825e-01,-8.057070177645585529e-01
-7.123164048153385330e-01,-7.781929290739282301e-01,-8.565133899211572199e-01
-9.938857510640490833e-01,-8.717933116290482731e-01,-8.259471932205824096e-01
-4.459249940044559546e-01,-8.637548917618650401e-01,-9.401564721364752408e-01
-8.163293310159149829e-01,-9.092358992636593307e-01,-9.155797949810340342e-01
-9.934651102725338134e-01,-9.499095686771235059e-01,-7.795998564456917412e-01
-5.223118006133152802e-01,-9.052081328281149641e-01,-7.451736344677186707e-01
-7.699729655339658807e-01,-9.411163624150682416e-01,-8.650870163045768502e-01
-6.291766246477535907e-01,-9.112956771126830002e-01,-9.436724886846338256e-01
-6.681264892375616826e-01,-8.308256009827331701e-01,-9.127061844505035548e-01
-9.119824582428228688e-01,-8.593146733507988078e-01,-9.364465472262164525e-01
-7.627654498707259201e-01,-9.163306418703688339e-01,-7.886293165083037016e-01
-8.485165785586403775e-01,-9.825890064699960291e-01,-7.880821046896658855e-01
-9.312419538734004743e-01,-9.816929273524550581e-01,-8.823964610664210007e-01
-9.006341345798261067e-01,-8.652673763894777048e-01,-9.780129247556252903e-01
-7.592622175632899317e-01,-9.631630304540931276e-01,-8.812602568028449213e-01
-7.630179751298880042e-01,-9.453637404249146670e-01,-9.555657053489953201e-01
-8.872654525036355322e-01,-9.495961854011478742e-01,-7.678152413688886790e-01
-9.377017429191256692e-01,-9.769453383587215489e-01,-9.541590322447569550e-01
-8.453210894523677243e-01,-9.750163032899148430e-01,-9.853598597150902139e-01
-7.317199467814944347e-01,-9.324959049931329513e-01,-9.526879100466441042e-01
-8.001186442727105108e-01,-8.644822353468837317e-01,-9.387618969769151445e-01
-8.082588583695120565e-01,-9.690506944522814248e-01,-7.628292216173039320e-01
-9.421031836040161256e-01,-9.400294526753897317e-01,-8.853093758168889549e-01
-8.880125972938759382e-01,-9.279659386039074143e-01,-8.920059901690944315e-01
-8.453094792337370045e-01,-9.681178741575183766e-01,-9.033359034097996343e-01
-6.586562233031388880e-01,-9.763413560053866291e-01,-9.022403871065044489e-01
-6.409645920377938788e-01,-9.526450260952258331e-01,-7.494454996412946990e-01
-4.263515609742487000e-01,-9.548591300931187353e-01,-7.569076557545781903e-01
-6.971297138697019058e-01,-9.933684548073767884e-01,-7.291160977686860223e-01
-7.714535373814880304e-01,-9.292993121302268733e-01,-8.149736409368254497e-01
-8.299348936339920879e-01,-9.946219021575359864e-01,-8.860522046843755106e-01
-9.638343393695066874e-01,-9.061956061979172805e-01,-9.756173887006820422e-01
-4.793736708428210647e-01,-9.873315791998259483e-01,-9.791823184680464864e-01
-7.975102863919475427e-01,-8.807728028944306065e-01,-9.005358105032618132e-01
-6.631206684997924539e-01,-9.847652421690505919e-01,-9.498004806643338682e-01
-9.157599086742014283e-01,-9.697322755660263693e-01,-9.786747562838300496e-01
-9.586614241829430894e-01,-9.485845731592766894e-01,-9.910165002006927626e-01
-7.848763426144859112e-01,-9.620559504769332637e-01,-9.536970341490826897e-01
-8.063295231611028457e-01,-9.562186083650884294e-01,-9.393304274850982072e-01
-7.108465359186211252e-01,-9.862119068013113221e-01,-9.371838715671294562e-01
-7.135267128464670705e-01,-9.878861159257646962e-01,-8.642141815690362883e-01
-6.588396339209879882e-01,-9.589547206018633752e-01,-8.711122971715287155e-01
-9.310091749095978919e-01,-9.427254143674488329e-01,-8.954384347209174422e-01
-7.665245513884442197e-01,-9.510286659376305796e-01,-8.581576569884981076e-01
-9.323878082388843413e-01,-8.174573646088498791e-01,-9.931889450511054429e-01
-5.948382734648142156e-01,-9.478139208446194619e-01,-8.622908891005878207e-01
-9.631497469557156466e-01,-9.984163091561726322e-01,-9.323822166437610859e-01
-8.325896980755936871e-01,-9.812318854506343335e-01,-9.368638333825739517e-01
-6.479126257662558563e-01,-9.469748679000553615e-01,-8.386065429403570803e-01
-9.195949899855042631e-01,-9.414946193772664174e-01,-8.905900789478358170e-01
-7.956040847735765809e-01,-9.466310472010993626e-01,-9.493965146950245071e-01
-9.235131824532120115e-01,-9.576288113891436860e-01,-9.705745510843439838e-01
-7.756319836550659153e-01,-9.751406654658304474e-01,-9.136332228956651758e-01
-8.854767921430019006e-01,-9.760589934989916117e-01,-9.440517896316924507e-01
-7.779601324069053137e-01,-9.853707299116823970e-01,-8.795075154170837184e-01
-7.219728715278004305e-01,-8.981984479720654946e-01,-8.449810604870324759e-01
-8.485460803247394379e-01,-9.848045071372967252e-01,-9.079396356458045991e-01
-7.359207406145107377e-01,-9.334311195177384946e-01,-8.875783398335697072e-01
-8.913836453696220019e-01,-9.050266991909765579e-01,-9.350889127872896722e-01
-8.192467776389075196e-01,-9.846127082506916928e-01,-9.072974360591660181e-01
-9.337238012208292082e-01,-9.302224431303676155e-01,-9.461217158857666565e-01
-9.176933143742899146e-01,-9.950304301202385071e-01,-9.130807962465931071e-01
-6.542094804988127787e-01,-9.387024032775174165e-01,-9.716243741048894433e-01
-8.184230953182970447e-01,-9.606058792359877252e-01,-9.538397048165685455e-01
-8.156967467639764102e-01,-9.733310919092452718e-01,-8.364218869655464239e-01
-9.334097667005387677e-01,-9.814797128970074169e-01,-9.374414363672540773e-01
-9.066524672304644428e-01,-9.442799851525397470e-01,-8.099368884455243611e-01
-9.592908023189277156e-01,-9.489017654982637717e-01,-9.264599847012113809e-01
-9.421834410417070371e-01,-9.484713866153902107e-01,-8.755894874863922039e-01
-8.705582108169004352e-01,-9.470518991084343474e-01,-9.061861757460456523e-01
-7.379800527166192614e-01,-9.925122437121778329e-01,-9.449544967125577122e-01
-8.794265214594262359e-01,-9.965555453566269373e-01,-7.103143015795565507e-01
-8.397557555055537026e-01,-9.463836158583143199e-01,-9.800357277911010412e-01
-7.301469894431551477e-01,-8.696772706703840283e-01,-8.972050287878871044e-01
-7.746030028366500675e-01,-9.766498216775999497e-01,-9.260446323549496039e-01
-7.685650384359686837e-01,-9.554894017243802384e-01,-9.133651955821864288e-01
-9.402059497734717164e-01,-8.928688543677034684e-01,-8.739486984887214760e-01
-9.077810432022711540e-01,-8.860500784549960596e-01,-8.251655253396491529e-01
-5.434575636816306732e-01,-9.866322187744765992e-01,-9.083934945694681629e-01
-6.959436847784473690e-01,-9.202774507706765750e-01,-8.067123799724285060e-01
-4.501185199301228623e-01,-9.601020544338868534e-01,-8.937914668124689044e-01
-7.453557077740154968e-01,-9.548349900074148966e-01,-8.186302599423930237e-01
-9.504258779091653286e-01,-9.469745741669319816e-01,-9.656766054368548513e-01
-7.916496425608522403e-01,-9.701436380703697404e-01,-8.880900960833070235e-01
-5.397720121162223883e-01,-9.975444611114271387e-01,-9.441079599550286083e-01
-9.021182368543572139e-01,-9.095119158529875181e-01,-9.302737050003232477e-01
-8.576301317327393869e-01,-9.936157098926178266e-01,-9.079422027156528463e-01
-9.082985817786938254e-01,-9.087838856371061036e-01,-9.324352508124587047e-01
-8.592286183223776241e-01,-9.249394123234835341e-01,-9.022058763575266926e-01
-7.880369223479509744e-01,-9.815878069296137820e-01,-9.720224784453169731e-01
-6.631363265286103204e-01,-9.858975556524326445e-01,-8.767827239461085664e-01
-8.539446178213253580e-01,-8.796394310153508034e-01,-9.259944327742384296e-01
-8.425145562111434616e-01,-9.381288758021626428e-01,-9.259822581446157663e-01
-9.301734802764575205e-01,-9.633157140402226482e-01,-9.839703428966758425e-01
-6.134333210354063759e-01,-9.835744739391142355e-01,-8.988653694310589914e-01
-9.093392469278064327e-01,-9.832167457886751283e-01,-9.439140914995531872e-01
-9.874249021682686145e-01,-8.291511541867933044e-01,-7.953748747912227079e-01
-6.600546863467308123e-01,-9.714847791255285525e-01,-8.098715049369243912e-01
-9.350347520557223957e-01,-8.752475870121353418e-01,-8.957925956862142769e-01
-7.902681950663015265e-01,-9.546231373636476780e-01,-9.228646801104747333e-01
-9.070479694584903108e-01,-8.870004903173421829e-01,-9.106997484312019386e-01
-7.156665590495366880e-01,-9.217285632420529895e-01,-8.151251106486577802e-01
-8.766101200077249800e-01,-9.622949244831546789e-01,-9.080490190928340866e-01
-8.245955986961667206e-01,-9.513270688820248955e-01,-8.656489528445141524e-01
-7.427368696122790270e-01,-9.648193351087319680e-01,-9.800808091053869742e-01
-8.175172265341900113e-01,-9.485015264132197199e-01,-9.679562889213779719e-01
-5.827834642747549143e-01,-9.065332405006150118e-01,-8.816712377650985921e-01
-9.766499058625831564e-01,-9.783903936354352293e-01,-9.869683296385388660e-01
-7.493502181782012439e-01,-9.386271283254128406e-01,-7.803705617442363573e-01
-9.065829579004021088e-01,-8.943867791177468884e-01,-8.449925215826488145e-01
-9.685630861175432704e-01,-9.832391795331985040e-01,-9.466064950864424565e-01
-8.838051557346791043e-01,-9.937431998117769449e-01,-9.006530149859061085e-01
-5.248188032504396139e-01,-9.493610158629519624e-01,-8.994544215627739980e-01
-4.781978161474500499e-01,-8.986651333886421789e-01,-9.808056195810020972e-01
-7.589383931515014670e-01,-9.633172474467697199e-01,-8.627646777105958398e-01
-8.425830876484927678e-01,-9.412697997376183734e-01,-9.498260426874691742e-01
-5.088440230720618906e-01,-9.745227574388273251e-01,-9.141327745052417741e-01
-9.037394987968131455e-01,-9.396798750667240130e-01,-9.613098896797400705e-01
-8.076905486749897944e-01,-9.814536282144670221e-01,-9.100810060377900745e-01
-5.515692842857906619e-01,-9.318654635841245870e-01,-9.671238536976219935e-01
-6.780315423498168848e-01,-9.825373808768608219e-01,-9.292331107910050125e-01
-8.133694115386801426e-01,-9.263158928718926433e-01,-9.742282185378849935e-01
-8.731812706404186164e-01,-9.941986074172721732e-01,-9.173151061420266039e-01
-6.852506693942680416e-01,-9.111800047772886657e-01,-8.444846414369496790e-01
-9.695942341405588971e-01,-8.769118404527349586e-01,-9.878048158469873163e-01
-9.387947764723976185e-01,-8.614506723822064060e-01,-9.234142908288508478e-01
-8.339425399915491033e-01,-9.095190915772535245e-01,-9.384641038417278480e-01
-9.279917277179908774e-01,-9.627868453945342964e-01,-8.952797785297785804e-01
-5.804714498007765844e-01,-9.697791559234419934e-01,-8.945816416129795945e-01
-8.523457398158376108e-01,-9.870830378185815324e-01,-8.024567711444652307e-01
-8.276149183128168607e-01,-9.585424551878409805e-01,-9.458418463821024469e-01
-9.698362965637223887e-01,-9.955146681433639788e-01,-9.386689379545382073e-01
-8.868623210718775685e-01,-9.449996966184861513e-01,-8.109075174032572830e-01
-8.687049683203876826e-01,-9.638298659297640514e-01,-8.707888539508700232e-01
-8.894276836896204408e-01,-9.369138030724215582e-01,-8.559065590754970643e-01
-9.326922617324089337e-01,-9.477351853138177296e-01,-9.494185857626262770e-01
-8.396331268721454189e-01,-8.675235997363306417e-01,-9.945485672177410974e-01
-6.102804549218263652e-01,-9.902631308454558079e-01,-8.562215928359541151e-01
-9.725990379770954597e-01,-9.659402032898325441e-01,-8.249983293356635272e-01
-6.350992959694458095e-01,-9.288943779139877677e-01,-7.987406408494996946e-01
-7.261025529491742514e-01,-9.788351019849000911e-01,-9.388857350782263689e-01
-9.034701534433091652e-01,-9.557050899170218550e-01,-9.964955767537512221e-01
-9.376906504189429503e-01,-9.517870127392398238e-01,-9.607744487819562806e-01
-7.526859524916330590e-01,-9.023656260481248692e-01,-8.342486974218547013e-01
-9.747390371628962269e-01,-8.683815968743719971e-01,-9.703741950246679293e-01
-9.185713123647168965e-01,-7.962604813477994758e-01,-8.216195804057234708e-01
-8.756578847199579796e-01,-9.327583564417167850e-01,-9.807206637961806139e-01
-8.521795262909618307e-01,-9.487303833245223084e-01,-8.672403634267545902e-01
-8.823265586359988477e-01,-9.198823231052932758e-01,-8.380514612332647939e-01
-9.793460935917541743e-01,-9.377243316011886209e-01,-9.080700146802127559e-01
-7.236126064310229866e-01,-9.868892924350760598e-01,-9.481539376087829707e-01
-9.718980823582746842e-01,-9.820708919736715892e-01,-9.743918902103549939e-01
-7.417615632407371651e-01,-9.059699583346547680e-01,-9.249408926097750783e-01
-6.642480521144115135e-01,-9.549972414270155863e-01,-9.247880249196842595e-01
-8.767200588344383760e-01,-9.603960563041342713e-01,-8.242921872771885594e-01
-8.585875812624871317e-01,-8.559172532399998978e-01,-9.163426300944935710e-01
-7.813162506015738362e-01,-9.638187386900448628e-01,-8.988864668406936209e-01
-9.074766385850956407e-01,-8.958871792875223727e-01,-8.215802875364194291e-01
-6.060805762623052706e-01,-9.018838589651366755e-01,-9.835101260328497075e-01
-8.238109473188737208e-01,-9.364554490972403222e-01,-8.975704755066178375e-01
-9.689650965191644039e-01,-9.863002311278611378e-01,-9.344709095694312406e-01
-7.299501604146052536e-01,-8.847530478046496949e-01,-8.382619080270683476e-01
-6.115016354986750891e-01,-9.957301932222704099e-01,-9.468762660468770243e-01
-9.213702876245567497e-01,-8.887368735679136433e-01,-9.499387556787155518e-01
-7.137473058335119802e-01,-9.352331871704377964e-01,-9.224632396828950087e-01
-3.859292558012338281e-01,-9.383286618047503858e-01,-9.268792461723375231e-01
-9.141396148659245435e-01,-9.012407780279388936e-01,-9.590291485113517922e-01
-8.367423861219879244e-01,-9.488729551426954290e-01,-8.580292505438260608e-01
-6.006222004203529696e-01,-9.968918586961814654e-01,-9.774401294695503895e-01
-9.443406954672490805e-01,-9.937954297999149755e-01,-8.851243513851330125e-01
-8.753461574764545006e-01,-9.973397401923832506e-01,-8.956629235157355096e-01
-4.413032290618908449e-01,-9.702426403398068944e-01,-8.702429846477128805e-01
-7.522580111093355448e-01,-9.178373476691842336e-01,-8.977521813306919007e-01
-7.494049348884540551e-01,-9.577395435483357922e-01,-8.367765540144553871e-01
-6.739093926912442800e-01,-9.783903936354352293e-01,-9.122924705812134327e-01
-8.776235844104771644e-01,-9.153119585409023040e-01,-8.584395681385561527e-01
-8.058287173441232021e-01,-9.764633954806994920e-01,-8.762391424817658203e-01
-9.620051860459387649e-01,-8.744424211517521917e-01,-9.139608482467993511e-01
-5.246137003874103977e-01,-8.668943770150236983e-01,-8.570343437940949327e-01
-9.278426928291166886e-01,-9.707038020753202545e-01,-7.848283402442282064e-01
-9.733357957289329176e-01,-9.663787316560560336e-01,-9.857805071888714465e-01
-8.080435142822204320e-01,-9.980342818589511555e-01,-8.698142305646254790e-01
-8.587363036703239416e-01,-9.764553257659429608e-01,-7.976744081132944864e-01
-3.872050425833243881e-01,-9.775839539010617862e-01,-8.305319622775808597e-01
-7.909131492013161679e-01,-8.789899500932347731e-01,-8.362258322715364622e-01
-9.116148581131329198e-01,-9.697246367368250741e-01,-8.233423134727732018e-01
-6.668523059757229809e-01,-9.057012032204313501e-01,-8.401750343660971954e-01
-7.164079733580878129e-01,-9.409387031796988543e-01,-8.877293956990457424e-01
-9.140875748211745311e-01,-9.158025563644474065e-01,-9.451811143492457878e-01
-7.564033785065265025e-01,-9.304230698120463661e-01,-9.432725735266639377e-01
-8.851549189090809344e-01,-9.614685257345100267e-01,-7.662004629642171771e-01
-8.937104805538230723e-01,-9.863857837395081374e-01,-8.047808798681598264e-01
-7.783397158163851692e-01,-9.051682964595170189e-01,-8.107032496520070186e-01
-5.179816847553190273e-01,-9.119735556646704211e-01,-8.943867791177468884e-01
-9.188392422858437936e-01,-9.296859185462109654e-01,-7.759235999376198345e-01
-7.737508969448145812e-01,-9.717381020981457063e-01,-8.326999672672948938e-01
-9.134962900092832294e-01,-9.467592314637482964e-01,-8.497656165009661589e-01
-7.767654655419834464e-01,-9.421017822831071475e-01,-8.778412870598117923e-01
-5.821574701089388126e-01,-9.221660936612052772e-01,-8.646991719078560568e-01
-9.799442698518664452e-01,-9.047898630175648105e-01,-9.814282725360519155e-01
-9.308612425457850614e-01,-8.561237814185691519e-01,-9.082023867631737746e-01
-7.669593322611739650e-01,-8.373973642778766990e-01,-7.945503972370557833e-01
-7.415986519719042214e-01,-9.208963911125952473e-01,-9.011837375332485411e-01
-8.247614181405458211e-01,-8.789821720277855022e-01,-8.679452153383705459e-01
-7.938446896010771248e-01,-8.620624582607909758e-01,-9.366337869782596082e-01
-7.372146078052366214e-01,-9.845093998050792328e-01,-8.347482575729470167e-01
-7.784103165045457295e-01,-9.625040946637003492e-01,-8.496945672161457797e-01
-6.686788967796005734e-01,-9.313490573570955000e-01,-8.990982910846492260e-01
-3.842808716394299218e-01,-9.654802017980257389e-01,-8.891746608301850374e-01
-6.451126994616674937e-01,-9.762538297999976411e-01,-8.948367447677276765e-01
-9.058202609237018255e-01,-9.587971852831425057e-01,-8.995786197998754119e-01
-8.928355478786849098e-01,-9.197286962971857882e-01,-8.083060642137553931e-01
-6.596637662501161348e-01,-8.780349102006163031e-01,-7.122608991043275495e-01
-5.381020348783392970e-01,-9.955895724816902215e-01,-9.761027785640772336e-01
-9.441801762658266206e-01,-9.884625724890016008e-01,-8.724613883834840822e-01
-9.910942246095357788e-01,-9.585709065803218465e-01,-9.229764473691300930e-01
-7.269094071756860842e-01,-9.414643075947591866e-01,-8.738041037426375057e-01
-8.499607254914099963e-01,-8.678792455657615701e-01,-8.469688320014763239e-01
-7.241020561185201876e-01,-9.480671916185405834e-01,-8.438448152966666616e-01
-6.131010812835486767e-01,-9.804163585685780058e-01,-8.447130423281431488e-01
-8.572968259104303268e-01,-9.529777134073018630e-01,-9.365635290633913534e-01
-9.679520302511631646e-01,-9.648664809597645720e-01,-8.814929226978487353e-01
-9.055532899594741503e-01,-9.730834326355716213e-01,-8.883131741221004241e-01
-7.717619464346492375e-01,-9.445716675280420027e-01,-7.965931931062966154e-01
-8.791586158051992728e-01,-9.116647160668133187e-01,-9.425104482885499069e-01
-6.276270298822576033e-01,-9.458518846117721646e-01,-8.919547587458053206e-01
-7.819761774861591075e-01,-9.677885174957429060e-01,-8.464578573365707514e-01
-8.998056070386873939e-01,-8.828173513282435714e-01,-9.239463232639708590e-01
-9.064003530370077222e-01,-9.614789170278159602e-01,-9.208130503205440576e-01
-7.961336584256839544e-01,-9.034436400522580790e-01,-9.223049379119077074e-01
-7.908054473673663542e-01,-9.294055794462441344e-01,-9.508318574205746332e-01
-9.463167472950225756e-01,-8.099368884455243611e-01,-9.853815459505356200e-01
-7.138953611875018535e-01,-9.901282660548403891e-01,-8.842597401350876796e-01
-7.342347155292610061e-01,-7.672519003042063135e-01,-8.902673146890208722e-01
-8.028856881411248203e-01,-9.248058118903677016e-01,-9.589227931422845685e-01
-8.022118891136861274e-01,-9.157637662288810043e-01,-8.817305148854062136e-01
-7.615288535705091455e-01,-9.489798453538371703e-01,-9.291645759523502468e-01
-5.960023912482879105e-01,-9.476563963551277725e-01,-8.414430714522519450e-01
-9.215389253382586521e-01,-9.847504329738538953e-01,-9.636259205230730540e-01
-7.177749222789623351e-01,-9.224968205104178143e-01,-9.868796168778118938e-01
-8.283997331119458130e-01,-9.426926447024206457e-01,-8.812442498020746084e-01
-8.829470055550366903e-01,-9.895209991974744934e-01,-8.767404311297504194e-01
-8.737453403069564972e-01,-9.491331725208308479e-01,-8.709174731288237270e-01
-9.837532520776645084e-01,-9.484497535431472004e-01,-8.902211122471546112e-01
-8.218278908414970996e-01,-9.805828721774747514e-01,-8.792450333535893892e-01
-8.786110229746465494e-01,-9.319336302899792202e-01,-9.718499935211400986e-01
-7.113128986034594758e-01,-9.231956162100901642e-01,-9.693522600492945340e-01
-3.576040875382159867e-01,-8.250781173059542617e-01,-9.845920830431945658e-01
-9.601629429561049367e-01,-9.825738330506692542e-01,-8.863467701908855911e-01
-9.114667302607566413e-01,-9.479091807827610960e-01,-9.473775444093089915e-01
-9.540187576224684607e-01,-8.816189591261490710e-01,-9.259868606928918222e-01
-6.225498090089742753e-01,-9.347932489737562634e-01,-8.134391893230180637e-01
-7.804561960348991301e-01,-9.729115612259746637e-01,-9.720800688000605927e-01
-7.876332793100778717e-01,-9.328311602313146267e-01,-9.618124505972374116e-01
-8.380339545937284251e-01,-9.533905838235827712e-01,-9.057751132930711435e-01
-7.974621711766332055e-01,-9.447329699574106288e-01,-9.592443663121632547e-01
-6.022071538884069541e-01,-9.014544831840948236e-01,-8.089724168531310378e-01
-4.434004943444975755e-01,-8.366453670043130231e-01,-8.589763187141699063e-01
-8.887580513944179916e-01,-9.876437746452001454e-01,-9.185274601838440134e-01
-8.225666954459656122e-01,-9.484890604866085262e-01,-8.914558370344596305e-01
-7.652124044119867907e-01,-9.875390372510366443e-01,-9.696596429836662479e-01
-8.852436162103747286e-01,-9.929547974926653531e-01,-9.650061633931397154e-01
-8.004000439404592715e-01,-9.745264353841567306e-01,-9.076455059367697364e-01
-2.899295088936518772e-01,-9.617940674944031043e-01,-8.915065727100499604e-01
-9.565233723568199453e-01,-9.781019420551482213e-01,-9.127376159416976664e-01
-9.651962613720768136e-01,-9.877314710166108513e-01,-8.890173534635930075e-01
-3.921122857015351681e-01,-8.929691153517741453e-01,-7.905915506652582136e-01
-9.067747524346556620e-01,-9.763729096973197130e-01,-8.340517948729355702e-01
-8.861519810316448309e-01,-9.123881989085551592e-01,-9.675459502164613923e-01
-6.491908351908456387e-01,-9.678003616251751318e-01,-9.705558680649285508e-01
-9.616388219765695800e-01,-9.797403339803049116e-01,-9.588550083714282302e-01
-5.677230441096311475e-01,-8.793497938363609157e-01,-9.100764075838322364e-01
-7.981801244446357080e-01,-9.848259209878234000e-01,-9.278441807313914103e-01
-8.663877134171701355e-01,-9.694810429513731620e-01,-9.353784197913774801e-01
-7.230261960524574372e-01,-9.719030688178045274e-01,-8.673821338052286611e-01
-7.720120829013810138e-01,-9.678469388554558073e-01,-9.208264414564470979e-01
-6.994109022895973471e-01,-9.463798367633148301e-01,-9.800481628024267922e-01
-9.365504958953270176e-01,-9.444497264886843046e-01,-8.705504855941584852e-01
-7.639268969257448916e-01,-9.337069958495382016e-01,-9.512811390814930324e-01
-6.498222845928166569e-01,-9.489234682788172393e-01,-8.739883763028013508e-01
-7.028938595445652915e-01,-9.754112239613587088e-01,-7.101060651036512628e-01
-7.911487612048863083e-01,-9.005754936227577945e-01,-9.348699113776740566e-01
-6.449931811294199457e-01,-9.096992471349522047e-01,-9.325680538577653111e-01
-8.641329307854584973e-01,-9.327344541100037745e-01,-9.298501470695987869e-01
-7.874941691956175438e-01,-9.053170412783940746e-01,-8.585981893424619038e-01
-9.373402338280225621e-01,-9.233006903093455842e-01,-9.724397611632507044e-01
-9.699975996649495835e-01,-9.770724353692582520e-01,-9.082541105105492729e-01
-7.421113995495972615e-01,-9.834894132898559516e-01,-7.423212356589712346e-01
-7.209825495446751109e-01,-9.315808858931715619e-01,-8.288072596927946734e-01
-5.048359539186646483e-01,-9.384541725027024661e-01,-9.765668897066249743e-01
-8.205101300755834881e-01,-9.793374295905951099e-01,-9.071673008447892483e-01
-7.278302987043876460e-01,-9.861350655639090634e-01,-9.440472508583531708e-01
-9.077662440616308670e-01,-8.748609318868409979e-01,-8.879264641113456813e-01
-6.353285520447969903e-01,-8.943817103220559339e-01,-9.958451522012158330e-01
-8.296457403219033022e-01,-9.882060182956117211e-01,-9.864731907028244651e-01
-8.805213936466310676e-01,-9.405848915172224656e-01,-9.302347003069607601e-01
-5.863579744239606484e-01,-9.459413456289532673e-01,-9.576468506543693859e-01
-5.652005228863733466e-01,-9.890915833825174586e-01,-8.921310111213416327e-01
-7.686150474304498381e-01,-8.835340055662680436e-01,-8.835002335543910013e-01
-9.975103444530211139e-01,-9.908837688155246459e-01,-9.988751152457817639e-01
-8.583780738644417596e-01,-8.973171520524264588e-01,-9.147390088156932553e-01
-8.177544726627945515e-01,-8.223107506578730685e-01,-7.641635514969304932e-01
-9.024221272587810150e-01,-9.830404015858058564e-01,-9.151323447559136515e-01
-7.613210241210425222e-01,-8.940553026160910077e-01,-9.521006612358179355e-01
-9.010964750399427237e-01,-9.782751862458926029e-01,-9.605987245520817286e-01
-8.224978807672307379e-01,-9.907709078468707187e-01,-8.372686830593457641e-01
-7.686026947303445933e-01,-9.789197550255264169e-01,-9.379229076729068693e-01
-9.707282954654522511e-01,-8.797906686332039872e-01,-8.088904443876473449e-01
-8.083972803126870943e-01,-9.390176536640751914e-01,-9.241218320721305002e-01
-9.986878017036997512e-01,-8.896572718319192274e-01,-8.361724893962232397e-01
-8.492369129039722964e-01,-9.923936169205498370e-01,-9.429702827241249752e-01
-8.958053406153294596e-01,-9.391364120542693428e-01,-8.942728644866144716e-01
-9.612339741779614144e-01,-9.962982927951434808e-01,-9.324203336032238498e-01
-6.466647126177015314e-01,-9.584577174657522569e-01,-9.448777817583019489e-01
-7.087674068187230780e-01,-9.719930671674478218e-01,-9.290905403354138281e-01
-6.750792916451343606e-01,-9.514235297628135246e-01,-9.124437953750774710e-01
-8.386367189578689540e-01,-9.677163011016886029e-01,-9.632764122124657380e-01
-8.224355241149923224e-01,-9.790802722029013916e-01,-9.274522267544613729e-01
-7.602454599917060074e-01,-8.826815768405730234e-01,-8.331361375178356621e-01
-9.225946055194120810e-01,-9.552730259285673320e-01,-8.773458783339380673e-01
-8.245805635888392437e-01,-9.188181323300931291e-01,-9.503458654628148539e-01
-6.020133281023239968e-01,-9.690261346249876562e-01,-9.707815633320859838e-01
-8.360132691822594886e-01,-9.680415360705696415e-01,-9.221351323224757923e-01
-8.325819084827947858e-01,-9.079865035438319243e-01,-9.047116366329731596e-01
-6.788941104061354537e-01,-9.151679316011021026e-01,-9.350204750947729293e-01
-8.439063178944433696e-01,-8.996363955477730823e-01,-9.547224623418241185e-01
-1.916154251063411362e-01,-9.989736874380336085e-01,-8.649507144736900965e-01
-7.382305043537571443e-01,-9.263705656773123520e-01,-8.969156832785311062e-01
-7.201706557449000234e-01,-8.648216779088668815e-01,-8.294820010201735538e-01
-5.749078492503798543e-01,-9.115147921146504739e-01,-8.771109285306870618e-01
-7.472593054916473188e-01,-9.311252313229883004e-01,-8.560995251999369282e-01
-8.613164760007386844e-01,-9.327246924926498872e-01,-9.524763671471667692e-01
-8.675052453719047652e-01,-9.707739546136538999e-01,-8.631100714286580322e-01
-6.119826860033124039e-01,-8.952898588275448599e-01,-8.493156789573428345e-01
-8.308857798620123969e-01,-9.684162455541720504e-01,-8.145060815606386395e-01
-7.041209060288686761e-01,-9.587163040502328926e-01,-8.709174731288237270e-01
-8.954919889871817418e-01,-9.413826927910721176e-01,-9.050454544473979235e-01
-6.884534082893716267e-01,-9.855590132593486929e-01,-9.145735147264464349e-01
-9.853938163411724016e-01,-9.748448502768953805e-01,-9.344142880394804562e-01
-8.509800456681934078e-01,-9.855488882577517762e-01,-9.224485245402560540e-01
-7.144146888161282405e-01,-9.470589928327277640e-01,-8.563151705968774507e-01
-8.231718512746392102e-01,-9.160723781849576808e-01,-9.621685695659020210e-01
-7.058080196507644510e-01,-8.863621693872807406e-01,-9.440586780733887240e-01
-9.009097771049113801e-01,-9.496327639743439297e-01,-8.968664871948348605e-01
-7.539595917746279019e-01,-9.358851240252347159e-01,-8.145060815606386395e-01
-8.794851881647689495e-01,-9.070863839617311353e-01,-9.101202513057791155e-01
-9.362470939924737445e-01,-9.718499935211400986e-01,-8.924738239647850291e-01
-9.686238241679274719e-01,-9.543706920432861729e-01,-9.440901850584655364e-01
-8.920310787133636232e-01,-9.461595280572829836e-01,-8.599607414220071799e-01
-6.602616347294216759e-01,-9.416044540303896149e-01,-8.846674978362236708e-01
-7.880784139741904282e-01,-9.044120868053058260e-01,-9.617149681635643876e-01
-7.279767223089363970e-01,-9.848497951252835891e-01,-9.040745840796389210e-01
-6.508903456758772244e-01,-9.834375733754330273e-01,-8.926225513027196135e-01
-6.036303463340135789e-01,-9.869925083110093755e-01,-9.599887715092860763e-01
-8.856393640464703676e-01,-9.454220416810966698e-01,-9.498984338714139275e-01
-8.442085546373214733e-01,-9.701600700413728351e-01,-9.044339062413279118e-01
-9.481692103547214590e-01,-9.209999793794578782e-01,-9.141978271724339189e-01
-9.699288873801265032e-01,-9.523076129924901156e-01,-9.253338823381338507e-01
-8.912359967147671647e-01,-9.776615568285718094e-01,-7.503015371142602863e-01
-5.829197351942639882e-01,-8.668045711105849538e-01,-8.942742842402289227e-01
-9.855610528831413308e-01,-9.045907228967200453e-01,-8.944039196750063203e-01
-9.588718365994799431e-01,-9.862569983861939615e-01,-8.321128715314564106e-01
-5.240407774052779910e-01,-9.242959341447168908e-01,-8.169886546682951778e-01
-9.846935189168021241e-01,-9.609995517260251363e-01,-8.561117006581495659e-01
-7.431948191218251676e-01,-8.707123784986848802e-01,-9.014444386655507957e-01
-9.705116070226851299e-01,-8.532220792574267687e-01,-8.318176635921001871e-01
-4.985065875992590323e-01,-9.787509099864386553e-01,-8.655024113807943120e-01
-8.710969173871552229e-01,-9.206013901139328270e-01,-9.522758149242582792e-01
-6.433508663023991270e-01,-9.263141227063211858e-01,-8.712323804814845474e-01
-6.390974886280539335e-01,-8.196305764114137915e-01,-8.884941098818901484e-01
-8.802574049567599701e-01,-8.770559329674219029e-01,-9.211994572133632708e-01
-8.162950841769859300e-01,-9.964394774183835679e-01,-9.287824079860592663e-01
-8.522486421779374988e-01,-9.019588217922013262e-01,-8.677498075716412185e-01
-9.208629636051914868e-01,-9.958573726537250925e-01,-9.819566801145309665e-01
-7.770368254256575513e-01,-9.648497314933972557e-01,-9.920473217194145654e-01
-9.953419119639462798e-01,-9.127470540086008999e-01,-9.815339008949013344e-01
-9.127541547546653700e-01,-9.862205195704834004e-01,-9.491944497036790551e-01
-8.690302423960630795e-01,-9.745857752910028760e-01,-9.634705638084981594e-01
-9.299794509233479944e-01,-9.316148744519846536e-01,-9.224537338333528291e-01
-7.547849481880769540e-01,-9.254619293507436728e-01,-8.371019296696096124e-01
-9.963415541580327162e-01,-9.932685679851922522e-01,-9.939903827330508479e-01
-6.178639411771255086e-01,-8.183313197543796713e-01,-7.882687701583259710e-01
-8.209294245676137525e-01,-9.595669233479331428e-01,-9.289575832361051111e-01
-5.256363617469428373e-01,-9.649036534074262317e-01,-9.694965640022130682e-01
-5.708682349173691550e-01,-9.260398923407087146e-01,-9.499321697684066645e-01
-6.763670655801955478e-01,-9.335169917270113027e-01,-8.918905809383248506e-01
-7.791968955502961425e-01,-9.571311604094964176e-01,-9.393249615322195600e-01
-8.055750279659081858e-01,-9.778434141242197120e-01,-7.134272214409725921e-01
-7.439376479978754286e-01,-9.728590786292513615e-01,-9.099482358350009514e-01
-6.483391743915222216e-01,-9.572051159041097268e-01,-8.420576465083717821e-01
-6.353211974415747809e-01,-9.045906585198842942e-01,-8.901819905405261579e-01
-9.018038671866679401e-01,-9.596446400794327314e-01,-9.310477068484884766e-01
-6.864576271785385320e-01,-9.324465323157795638e-01,-9.242960327599855086e-01
-6.816730469724903152e-01,-9.549642453106469420e-01,-9.087449113050787286e-01
-8.486299079186843120e-01,-9.985891589423584458e-01,-9.183120255552443822e-01
-5.588397465579737489e-01,-9.453095624805130104e-01,-8.112676836007903791e-01
-5.908766134421983285e-01,-8.171153880825996474e-01,-7.143524832533741931e-01
-9.585469666454443649e-01,-8.109884093387275117e-01,-9.030385954252776459e-01
-8.239263859307702775e-01,-9.253096728808979377e-01,-8.613698178846797004e-01
-8.017074661613519115e-01,-9.533506249124655829e-01,-7.833346580762414746e-01
-8.347438790061124658e-01,-9.430225203114585009e-01,-8.751278984055105292e-01
-8.310721041042457014e-01,-9.804926008379015734e-01,-8.697150471840053854e-01
-8.536295427849491801e-01,-9.868302863346340992e-01,-7.939708861794378958e-01
-8.482111256573491298e-01,-9.930581488481787789e-01,-9.627422408604562332e-01
-7.855611633807706440e-01,-9.250753815122355617e-01,-9.535725397279296578e-01
-8.238614243730060238e-01,-9.644213115770511324e-01,-9.502194224768405473e-01
-9.955662181500046781e-01,-9.521301257925117723e-01,-9.623985236226872964e-01
-9.682182296738552907e-01,-9.465461961255690060e-01,-9.745784674862584263e-01
-7.231881901855198302e-01,-9.325646634068177621e-01,-8.979804871249101872e-01
-7.175221239682986196e-01,-7.818651454487595132e-01,-9.409387031796988543e-01
-9.134967031240350810e-01,-8.425753794557204746e-01,-8.722427183297259967e-01
-9.385766385155379643e-01,-9.279659386039074143e-01,-9.075063350120989858e-01
-6.820547442188831244e-01,-9.569387210925184295e-01,-9.807954895026752551e-01
-6.422686497459723087e-01,-9.444075954564937758e-01,-9.785345856457506875e-01
-9.776656139767536668e-01,-9.399527860157265158e-01,-9.749904726146150225e-01
-3.563089091662912100e-01,-8.697138645940547530e-01,-8.628122073511572676e-01
-8.643958111144373069e-01,-9.483452094054724002e-01,-8.307605383307780089e-01
-8.502948539257042526e-01,-9.370897561365988393e-01,-8.876958181788956459e-01
-9.265080919703023721e-01,-9.505208107095658443e-01,-8.730734891583041835e-01
-8.565152640632749392e-01,-9.385071488597892531e-01,-9.056408936275814892e-01
-7.489159533896944110e-01,-9.318049901953482372e-01,-9.555736371759355752e-01
-8.045976913133554564e-01,-9.994501814592500200e-01,-9.545389941020904212e-01
-9.614398517992950310e-01,-8.240704146133727148e-01,-8.929963669130510651e-01
-9.020763364958944708e-01,-9.631463267422197827e-01,-9.085457435384884928e-01
-9.876171605189461022e-01,-9.403867302101258652e-01,-8.667463753796484927e-01
-9.049511792515193553e-01,-9.913677091489445647e-01,-9.369865607623236725e-01
-6.527816815893724423e-01,-9.522758149242582792e-01,-9.755142816347266432e-01
-9.025876023283163629e-01,-9.967167759682171724e-01,-9.705353219239752915e-01
-7.524192415584625149e-01,-9.830516477476289872e-01,-9.231091853219159926e-01
-8.414206834802852031e-01,-9.779890015339534060e-01,-8.852072161398784056e-01
-3.874809855017454785e-01,-8.690533544739257321e-01,-8.029122218414939116e-01
-6.647587580639225946e-01,-9.162933417256164947e-01,-8.858639762189817191e-01
-8.968346657021761814e-01,-9.073233159300251316e-01,-8.459295713579706444e-01
-9.118695586843584833e-01,-8.840649112081948591e-01,-8.655857161765853069e-01
-9.013606127661135670e-01,-9.215150232915192419e-01,-9.550756186297335582e-01
-9.727572071270532694e-01,-9.226885181467350261e-01,-9.846098144598628421e-01
-6.137551170398130029e-01,-9.983159840087300063e-01,-9.548281547199255481e-01
-9.422199463144235176e-01,-9.484971368947462400e-01,-9.430505501120152179e-01
-6.916320482074866938e-01,-9.069528334817213988e-01,-8.993817593976555225e-01
-7.007262428247015285e-01,-9.393610196584091243e-01,-9.799770012533842722e-01
-7.242526331347768354e-01,-8.889113619342333683e-01,-9.015797000517058457e-01
-5.585815990419689125e-01,-9.473601706585070836e-01,-8.933929859647891103e-01
-9.175983474321535160e-01,-9.554322246442290556e-01,-8.797915383177152826e-01
-6.208131693228780001e-01,-9.083206242700240240e-01,-8.491814184909262098e-01
-6.941246573191215408e-01,-9.491069239214299236e-01,-9.077020572383547314e-01
-9.236662690860943936e-01,-8.960239486162419054e-01,-9.051759236126140085e-01
-9.370037760396673354e-01,-9.325141232977725014e-01,-7.969950909091274571e-01
-9.939415268542698412e-01,-9.044968001621134235e-01,-9.125930310614068786e-01
-8.595320274834438168e-01,-8.622164333918108658e-01,-9.114695586300861629e-01
-7.291040253440180807e-01,-9.903427554124806242e-01,-9.615609901611557042e-01
-6.446741722224601512e-01,-9.260741338607914042e-01,-9.310589360272608639e-01
-7.854135786437430600e-01,-9.916020665041500592e-01,-7.577039031305112804e-01
-8.029500696685262229e-01,-8.806991220652126140e-01,-7.152606307858881962e-01
-7.328313959761969532e-01,-9.219262132399456133e-01,-9.560390565677168162e-01
-5.291901198112064497e-01,-9.378803893123082158e-01,-9.609995517260251363e-01
-6.988122173925872538e-01,-9.406665463265359017e-01,-8.992257299927792769e-01
-9.053498552976544378e-01,-8.954649253932750463e-01,-9.566981088601391736e-01
-7.117233083134126836e-01,-8.800376393639475214e-01,-8.505673680036177631e-01
-8.045990019034727769e-01,-9.749172110762024390e-01,-8.844551280483925471e-01
-8.824725141563748432e-01,-9.174549388631677571e-01,-9.513162048037840934e-01
-7.219433091819644766e-01,-9.237502301720237341e-01,-9.092428093564570712e-01
-4.763477164046387990e-01,-9.854490051971650511e-01,-9.338696218848635544e-01
-6.536475084794191037e-01,-9.268595289081051902e-01,-8.315644239751134315e-01
-8.396195282447711516e-01,-8.538733619010292486e-01,-8.425871395412629639e-01
-7.659354914156346616e-01,-8.905845059006139985e-01,-8.964367216016636553e-01
-8.527164289119649743e-01,-9.674665589276449928e-01,-9.636102612303487636e-01
-6.512331791541284831e-01,-9.062246919065036765e-01,-9.782514110461737467e-01
-9.939076781775464386e-01,-9.736521063050581626e-01,-8.013029005890595080e-01
-8.200090293771682415e-01,-9.296830466426050377e-01,-9.143647289983480864e-01
-7.454727635806345232e-01,-9.622107785848059702e-01,-9.445571521348880006e-01
-6.781861867730342164e-01,-9.737003672707921220e-01,-8.783890447220655817e-01
-6.984486555836763033e-01,-9.430283570982905816e-01,-9.219988821113518362e-01
-8.927616138146620139e-01,-9.401283065209539158e-01,-9.809089234891374964e-01
-9.175266516968416664e-01,-8.890968363891270654e-01,-9.737994214260999870e-01
-7.749873373796467568e-01,-9.641838094362217282e-01,-9.753644455547769709e-01
-6.834182433938615908e-01,-8.356257123860612035e-01,-9.927405575073509070e-01
-7.470946622063077136e-01,-9.015524677475010851e-01,-8.823798036446338644e-01
-7.044220536451811787e-01,-9.121345127613895709e-01,-8.878505277351795844e-01
-5.190775009156615161e-01,-9.932210787418164211e-01,-9.687366022444159341e-01
-5.571204090448700352e-01,-9.789318574588932176e-01,-8.572476726278720482e-01
-7.088607720007231716e-01,-9.862761700902845652e-01,-7.601142494026863483e-01
-8.617867384924170482e-01,-9.446216724319640434e-01,-9.920072692731806141e-01
-7.697027125960975713e-01,-9.590281669890787786e-01,-9.451057782735277080e-01
-8.893137681164824393e-01,-9.273860435242849976e-01,-9.702881171320043574e-01
-5.636851257258322923e-01,-9.284051340323028478e-01,-8.427586285528692045e-01
-8.272911427705146314e-01,-9.495256942996042060e-01,-8.351394276545138773e-01
-9.776466110377536323e-01,-9.346117735394887660e-01,-8.495871303492923410e-01
-8.031185166255528918e-01,-9.522336923516883100e-01,-9.984662950898762768e-01
-2.182035203544112345e-01,-9.271202460782391741e-01,-8.823198123232628420e-01
-8.823876525359016787e-01,-9.671377770209286240e-01,-9.164634307691785775e-01
-9.683609311881430370e-01,-9.410260028537287269e-01,-8.493372196660813334e-01
-6.452669920638454126e-01,-9.414406277567317627e-01,-7.517115917207735087e-01
-8.214809007286558717e-01,-9.673923425931960640e-01,-9.541683965838081427e-01
-8.296302425691938209e-01,-9.579466839384852550e-01,-9.119185107217134822e-01
-6.795119578618374900e-01,-9.366924780564650499e-01,-9.526189264511808474e-01
-5.782738489678869165e-01,-7.508066689153548579e-01,-7.831322309233428314e-01
-7.982437909059252323e-01,-8.874166111187917760e-01,-7.179078219647427872e-01
-6.846989374473300138e-01,-9.554501753145573373e-01,-7.460713702171362094e-01
-9.073413983454214904e-01,-9.304230698120463661e-01,-9.883442374959700016e-01
-8.555931464408020881e-01,-9.958152383496118309e-01,-9.147587211548182662e-01
-6.481952077683165170e-01,-9.521837107127485433e-01,-8.426906719161919579e-01
-8.647046489879509634e-01,-9.887199357972289437e-01,-8.834688116082736187e-01
-8.709643018406754145e-01,-9.467465597221416118e-01,-8.884960790367262273e-01
-8.643065725518978004e-01,-9.093882591555364492e-01,-8.484219191079016564e-01
-6.807481449466624701e-01,-9.108117234580308530e-01,-8.644191855782197287e-01
-7.132406443309511346e-01,-9.036856851989976125e-01,-9.435974157478542734e-01
-6.913976343116341461e-01,-9.749258925829105138e-01,-9.714784260140977290e-01
-7.140276903605200509e-01,-9.260261052525604608e-01,-8.555133512420585173e-01
-6.605084427095604394e-01,-9.712966249423637954e-01,-9.726969014568286331e-01
-6.067977546126989141e-01,-9.699932061659098936e-01,-9.187497807907323288e-01
-7.055905902388339701e-01,-9.338346117048279549e-01,-9.368120171695243359e-01
-6.031806542687174755e-01,-9.536071957434602009e-01,-9.090209791775738513e-01
-9.025730722482893098e-01,-9.053844987592393201e-01,-8.626586584841795524e-01
-7.776629564833396069e-01,-8.638780188304600038e-01,-9.471529894927014359e-01
-8.556462547306225019e-01,-9.202922882645849789e-01,-9.414075558376817643e-01
-7.498476767187918224e-01,-9.429279791188557303e-01,-9.175383468287577893e-01
-8.419324144836898283e-01,-9.860242179897635850e-01,-7.518574345121666891e-01
-8.896048274675429912e-01,-9.301555248847356294e-01,-9.589900360866689955e-01
-9.299793063293740891e-01,-9.970541191876159948e-01,-9.700891630843834212e-01
-7.654687378953259902e-01,-8.866855631423705697e-01,-9.693043985277675079e-01
-6.370723051838264039e-01,-9.597281529833895375e-01,-9.076837239976363048e-01
-7.651263977065080324e-01,-9.502350677334754359e-01,-8.223935250931612151e-01
-7.120716469297786455e-01,-9.369555326824705599e-01,-7.706169008101544371e-01
-9.372762771919878055e-01,-9.925452812888571064e-01,-9.973823260941636626e-01
-9.643905043495730744e-01,-9.398633680647653366e-01,-9.274714107529825613e-01
-4.591841386421474658e-01,-9.391815844528408341e-01,-7.343269294674465986e-01
-8.301846257511065197e-01,-9.587954504382316667e-01,-9.752401895929838638e-01
-8.694660031378276255e-01,-9.824436773727648342e-01,-7.958940907168043921e-01
-4.922930290560807998e-01,-9.578551147276492816e-01,-8.390499185632334100e-01
-6.817189828854924860e-01,-8.805389831597888461e-01,-9.812919393351896558e-01
-4.260684820059398303e-01,-9.412907859418483403e-01,-8.892862669904780804e-01
-6.948324571954828111e-01,-9.827392061206410290e-01,-9.458820370065816885e-01
-8.655598300718714277e-01,-9.707151226074963724e-01,-9.387584975776670504e-01
-8.109917855999222436e-01,-9.014442429992906014e-01,-8.771706615713148469e-01
-9.144815630566761611e-01,-8.919061074944497625e-01,-8.892979630721096207e-01
-7.039207653962462619e-01,-9.748803589815140391e-01,-9.342341424867053323e-01
-7.756393833931127801e-01,-9.256961805985172154e-01,-9.638474560012452175e-01
-6.422249779257591662e-01,-9.525088956285503450e-01,-9.001765043731149163e-01
-7.593737809559090168e-01,-8.795924781021384753e-01,-9.094809747606700245e-01
-7.324467068093756250e-01,-9.083681937192058520e-01,-9.134039966319541515e-01
-8.129617398408517381e-01,-9.620410927317540883e-01,-8.771109285306870618e-01
-4.906391139659710410e-01,-9.826029936428199996e-01,-9.284141667528048592e-01
-8.382973078095440345e-01,-9.505602524629090944e-01,-8.679794479979239252e-01
-7.575035774934602006e-01,-9.617254875328972163e-01,-9.437003076355519049e-01
-6.467398783490220238e-01,-9.649513646276630663e-01,-8.798703237693487056e-01
-5.414959738752436191e-01,-9.945262557882523780e-01,-9.539614410932027999e-01
-8.922184199946145977e-01,-9.221020934692709670e-01,-8.600352742226126113e-01
-8.844050733193360436e-01,-9.961886246152191760e-01,-9.711913880971907442e-01
-8.657120641898130575e-01,-9.269421583703891798e-01,-8.056915301882093816e-01
-4.345106177283599158e-01,-9.828288318379732047e-01,-8.972952292982632194e-01
-8.550216186725152490e-01,-9.830187109658559130e-01,-9.746607138594151065e-01
-8.797243935675260751e-01,-8.678997904937153507e-01,-7.772710221971809164e-01
-9.458822931046003690e-01,-9.129906980323434507e-01,-8.523144323348060825e-01
-6.691409349819114061e-01,-9.149325053689011389e-01,-8.496532150914315462e-01
-7.164707351223119636e-01,-9.106016711934629138e-01,-9.825390646237019965e-01
-6.754133921883419545e-01,-9.475442926367363405e-01,-9.526189264511808474e-01
-8.106173973364941832e-01,-9.734290612834636258e-01,-8.630758896181025541e-01
-7.430568531593269022e-01,-8.894646670623935769e-01,-8.029982624637933553e-01
-8.651375585568513715e-01,-9.638187386900448628e-01,-9.136324672052014151e-01
-7.585269383502398766e-01,-9.699347721647936238e-01,-9.032493291026356674e-01
-7.715469098148319826e-01,-8.668731723736222694e-01,-9.138829262198036041e-01
-7.213061104045149774e-01,-9.873086993637268938e-01,-7.922217550490150417e-01
-8.949931883462370896e-01,-8.731674426442301851e-01,-9.160305019357501966e-01
-6.280654956398187272e-01,-9.455715682793580656e-01,-8.760812410807594652e-01
-9.279663154303556816e-01,-9.652432011319401761e-01,-8.907003750065580761e-01
-8.223502052775819582e-01,-9.830274013714456194e-01,-9.639828850921593473e-01
-6.786339133833697579e-01,-9.419316450880541591e-01,-7.720246842463839299e-01
-8.190408549973318131e-01,-9.368754088595816487e-01,-8.507358138236336131e-01
-8.621195945234805258e-01,-9.736388765339542006e-01,-8.583846461270405737e-01
-5.110592397701338996e-01,-9.772727747500958850e-01,-9.048493360018311504e-01
-7.527390806410404478e-01,-9.957448053236583885e-01,-8.425223238343526599e-01
-6.008307764040111687e-01,-8.476876938754034363e-01,-9.610739413265692033e-01
-9.954545954562945553e-01,-8.820298074628680762e-01,-9.282864884018177110e-01
-5.911537663380834751e-01,-9.031985750595787898e-01,-9.403928417796144634e-01
-8.935672964216688774e-01,-8.018974671550462840e-01,-9.015397488712196816e-01
-8.621749990299574229e-01,-8.392242501168287738e-01,-9.359749740389174955e-01
-9.281348525198671595e-01,-7.147092006673584352e-01,-9.250317634735836236e-01
-7.570696054987846590e-01,-9.205085547735931684e-01,-8.523344590532546672e-01
-9.043990354216386862e-01,-9.475442926367363405e-01,-8.304041837201996401e-01
-5.043228124176195593e-01,-9.697733066361023946e-01,-9.569883662641576194e-01
-5.477339596640286024e-01,-9.586729036738564913e-01,-9.636010956527957250e-01
-7.613813191003661052e-01,-9.027532248913491264e-01,-9.082763045505601873e-01
-8.789808602508945024e-01,-9.867083930310301954e-01,-7.816635932022858446e-01
-9.793573319563827484e-01,-9.735074379166711589e-01,-8.873267127319397485e-01
-8.329347661584801665e-01,-9.021602357150942941e-01,-8.708291256624043353e-01
-8.577551023672028707e-01,-9.660482491041113562e-01,-9.286375380428281145e-01
-7.419037013032997452e-01,-9.324434216909955886e-01,-8.433225878627296224e-01
-8.181137198332015803e-01,-9.857407982727696139e-01,-9.318654635841245870e-01
-9.233472072057944402e-01,-9.818721170788955455e-01,-9.411550708615292749e-01
-5.175537306836749396e-01,-9.392235332750371590e-01,-8.801203101694043962e-01
-7.750136018303848129e-01,-9.957574333167446001e-01,-9.130723474861437428e-01
-6.799652961910820359e-01,-9.538421614173308027e-01,-8.984759298442115405e-01
-9.568523909244283088e-01,-9.195114940035622464e-01,-8.807858571031101924e-01
-8.554092190392201811e-01,-9.889382926426113496e-01,-8.937351908806384637e-01
-7.981408191230179305e-01,-9.885618912392249991e-01,-9.525422448580715962e-01
-7.684173052164360307e-01,-9.644006723661806557e-01,-9.203029774309164912e-01
-6.632002266947153446e-01,-9.318657921028854485e-01,-9.056294171829244455e-01
-8.272350045975133126e-01,-8.812443067453130663e-01,-8.485822694253303267e-01
-5.170020064935040294e-01,-9.866164195454261154e-01,-9.234623641406241035e-01
-7.506766745317460243e-01,-9.917830836556594809e-01,-9.660036092143474695e-01
-9.542391568585563144e-01,-8.708506892245588826e-01,-9.031278304988257233e-01
-9.462030135826743349e-01,-7.947737109130804667e-01,-9.373104495981218198e-01
-8.389245348907431454e-01,-9.445571521348880006e-01,-8.233491288050670542e-01
-9.234120765077079573e-01,-8.820056125567055094e-01,-9.020206373283647938e-01
-8.991538859215483237e-01,-9.804739691660941947e-01,-9.081018393560861268e-01
-7.249232729667212105e-01,-8.948261019119125859e-01,-9.144104909059973529e-01
-8.114109282574711868e-01,-9.187081077726307887e-01,-9.458641420931793720e-01
-8.157642223161112316e-01,-9.764553257659429608e-01,-9.754086490699175327e-01
-9.209402049912570609e-01,-9.001428317368643794e-01,-9.899015572579035194e-01
-7.245064659797773032e-01,-8.818000941003032445e-01,-9.395419503499314873e-01
-8.612937892223301306e-01,-9.855844934984699934e-01,-9.509186761586433390e-01
-7.997481152322691855e-01,-9.427201085134280234e-01,-9.210924424996320692e-01
-7.339837173204408760e-01,-9.023011620195077187e-01,-8.762535389076240300e-01
-9.605466606825826537e-01,-9.042393550974354710e-01,-9.207808109663939700e-01
-7.746047553073002190e-01,-9.636010956527957250e-01,-9.729703698310256943e-01
-6.639447802485725081e-01,-8.517093977754968126e-01,-8.218191959822678250e-01
-9.378557115565946400e-01,-9.116430060897473542e-01,-8.695024603291582332e-01
-7.219431932990459932e-01,-9.499549806181016853e-01,-8.502162926302019308e-01
-9.062485523202803428e-01,-9.606424993511512023e-01,-9.243792758245402696e-01
-8.479768830573666261e-01,-9.310295860372060917e-01,-9.291981913114226721e-01
-7.812991788709919838e-01,-9.888254730584762342e-01,-9.728803612227382436e-01
-7.501920300361735183e-01,-9.897519536079935065e-01,-9.207223604094731950e-01
-9.084317023045781481e-01,-9.556208085678691289e-01,-9.759131880369902312e-01
-8.900251428597421022e-01,-9.428247459950012122e-01,-8.779264597826774708e-01
-9.087354490906308646e-01,-8.336072076641136697e-01,-8.421889576317782566e-01
-8.280913879503207786e-01,-9.257710037670418002e-01,-9.098642055778750626e-01
-7.669436771876837478e-01,-9.318868065715909532e-01,-9.066102690844028977e-01
-8.288710636441511959e-01,-9.258941884613066664e-01,-9.052101230289456568e-01
-6.538610045978149321e-01,-9.479106293625434443e-01,-8.998007400090433094e-01
-5.894420975024532439e-01,-9.836924714630306266e-01,-9.112038676830074291e-01
-9.279942481815040001e-01,-8.720251722172592812e-01,-9.997497942495868761e-01
-8.732613301643564752e-01,-9.525815104562980196e-01,-8.179251636848389184e-01
-8.717740466274560562e-01,-9.434595934217977486e-01,-8.982656183621124946e-01
-9.063550479946446137e-01,-9.304706212368253349e-01,-9.693010054778470330e-01
-6.227814324921283617e-01,-9.333794260695225109e-01,-9.410845764514526035e-01
-6.721017295169356975e-01,-9.415097176746826113e-01,-9.532593410682688173e-01
-9.556605264777346953e-01,-8.844048182027981486e-01,-9.029451782814211791e-01
-9.753824382429439055e-01,-9.636543781772269890e-01,-7.810986208062182801e-01
-8.557959627416930060e-01,-9.637830701934965161e-01,-7.083638878106830461e-01
-8.571085046465837243e-01,-9.268056825491460815e-01,-8.879099962432257520e-01
-8.149945257323252257e-01,-9.052342980965255581e-01,-8.693513890719735127e-01
-9.403267998053904675e-01,-9.782397055327787250e-01,-8.334029836156997550e-01
-6.173965099962046565e-01,-9.802473120968402398e-01,-9.650333071833947507e-01
-7.615407975396203399e-01,-9.303330489617046561e-01,-9.293876679774284444e-01
-8.612432737291123575e-01,-9.093329635190350313e-01,-8.871463491228193110e-01
-9.533794024641043530e-01,-8.800118828269718474e-01,-8.674983676829991497e-01
-7.531572874773023729e-01,-8.790755372740619578e-01,-9.570826457828076617e-01
-9.062202876818841180e-01,-9.222324687899727813e-01,-9.494343666707927287e-01
-7.680867280602549085e-01,-9.401115596191194079e-01,-8.531144926713560839e-01
-8.722636654574403847e-01,-9.620676968121352202e-01,-8.752475870121353418e-01
-9.722535743591970148e-01,-9.973954161997101719e-01,-9.437148541705708826e-01
-7.594628981591795558e-01,-9.945035391824355031e-01,-8.373353089614218314e-01
-8.241995472697236647e-01,-8.473914610225545818e-01,-8.642370483996626440e-01
-8.575732358478926898e-01,-9.119054805994758484e-01,-8.879397253888207109e-01
-9.176549609432511634e-01,-9.921965126115009914e-01,-9.840296934778202109e-01
-8.270340864982502760e-01,-9.531775583437913646e-01,-9.296535456893724181e-01
-9.111806202754754169e-01,-9.776217075038667881e-01,-9.156222720928927084e-01
-9.374212812124101957e-01,-9.693837844274464377e-01,-9.633505337913772504e-01
-7.668511114936790163e-01,-9.486301794136104970e-01,-9.011955066459420571e-01
-5.438988400615875074e-01,-9.540520441441008304e-01,-9.239463232639708590e-01
-7.483620773357778644e-01,-9.227652293864572197e-01,-9.843631676291497712e-01
-8.289796543349469138e-01,-9.690757284808196870e-01,-7.924476684280525873e-01
-5.958619190515638264e-01,-9.758122724787530178e-01,-8.147619079479999638e-01
-8.211628012771393648e-01,-8.266538684978539386e-01,-8.598829406689205701e-01
-9.733600504096007189e-01,-9.874305978788668892e-01,-9.196835568545645989e-01
-8.251921256185787978e-01,-9.502974840880581420e-01,-8.908930750256952580e-01
-7.778372224886691555e-01,-9.913808556836414265e-01,-8.385230018246228045e-01
-7.878737356377820689e-01,-8.390798225091430362e-01,-8.769773071314271862e-01
-6.568001110604264614e-01,-9.819947004291142978e-01,-8.453083785469115430e-01
-8.678901116187627274e-01,-8.658331945538353391e-01,-8.720998028249916656e-01
-9.719743048725124623e-01,-9.546310084895542891e-01,-8.866903393043211734e-01
-5.700066066582444302e-01,-9.905847999766935752e-01,-8.392229587430668492e-01
-9.285192272210970321e-01,-9.328732877964620585e-01,-9.537564630772615848e-01
-8.687345691951728899e-01,-8.969461922003247878e-01,-8.803348419124192858e-01
-6.958365641958587089e-01,-9.731348392290954941e-01,-7.813800614706136738e-01
-9.172346438982992289e-01,-9.819168690989867887e-01,-8.550580937354473887e-01
-7.042437135188855946e-01,-9.760254681716059588e-01,-9.529962954188603286e-01
-4.618259943844253979e-01,-9.437105728287675799e-01,-8.559586205641599443e-01
-6.158833023276281127e-01,-9.362733805298718570e-01,-9.319785303502113871e-01
-8.466085239796422579e-01,-9.697092789698374959e-01,-7.993728883238400140e-01
-8.029325050771238814e-01,-8.692329407530163810e-01,-9.101507608173168284e-01
-8.280472475012443656e-01,-9.526456301382841829e-01,-9.049206585983393669e-01
-9.071151448237250170e-01,-9.652509214731092024e-01,-9.744419957814206557e-01
-7.932094731548423594e-01,-9.815046478148279352e-01,-8.285894823047570412e-01
-9.033713974768692312e-01,-9.137948010622845008e-01,-9.403054737041043332e-01
-9.183375364625551152e-01,-9.868699627809495167e-01,-9.593555409999595662e-01
-5.914921386618584576e-01,-9.538558303751388801e-01,-9.738392314583144138e-01
-8.804387414002137202e-01,-9.266714665867408218e-01,-9.843590083416566827e-01
-4.788689085363522224e-01,-9.670176556476858254e-01,-9.616497707171722809e-01
-9.477802008404514478e-01,-9.364121848173205809e-01,-9.830197563293270324e-01
-7.160990691418200882e-01,-9.546954120740720473e-01,-8.854191002762803464e-01
-9.835793868695653641e-01,-9.223454956518171155e-01,-8.116611694549095146e-01
-7.662596907643164368e-01,-9.641654167285527155e-01,-8.219399301334691099e-01
-8.796547435191935937e-01,-9.727636638255331425e-01,-9.242781584419680341e-01
-8.212556763363038081e-01,-9.135154619049793423e-01,-8.467342118482600322e-01
-9.260995881055285039e-01,-9.690781841730561341e-01,-8.160776157329823199e-01
-7.791050182496378484e-01,-9.662899497553014694e-01,-8.609017164821757273e-01
-8.307812869982450499e-01,-9.713961962093551339e-01,-8.674218051239872551e-01
-7.376753024221596178e-01,-8.943817103220559339e-01,-8.150903877838888700e-01
-8.891222485360994465e-01,-8.067017545949575208e-01,-8.665332319570299147e-01
-8.618461327356613522e-01,-9.768340254751115559e-01,-8.636171221202625370e-01
-7.308512033480085712e-01,-8.562287531285828202e-01,-9.644796885464256286e-01
-8.090475801694348990e-01,-9.912136480914865988e-01,-9.117609750571239458e-01
-8.266122775579248794e-01,-9.188220884013769130e-01,-9.356618502799826098e-01
-7.920451966881886241e-01,-9.399893824615253024e-01,-9.167799576801478612e-01
-9.534676784945124162e-01,-9.266789565071256174e-01,-9.119241573630613162e-01
-3.892719485697757054e-01,-9.535892964200143318e-01,-9.366482028731384357e-01
-7.996039913276110633e-01,-9.685296174918880396e-01,-7.987544737432127340e-01
-6.945590800730898629e-01,-9.669434847177241776e-01,-9.640310535949526693e-01
-7.679623666268035054e-01,-9.942507439267165292e-01,-8.513141299740245582e-01
-7.089266441374492134e-01,-9.050218664389823031e-01,-9.180110642971209822e-01
-6.690414810378830790e-01,-9.430746761071545636e-01,-8.717551650153851917e-01
-6.987753936484539796e-01,-9.812018401231242803e-01,-9.172830389098272086e-01
-5.777451523386794019e-01,-9.403000712516775828e-01,-9.280553485850271400e-01
-8.824998771186269853e-01,-9.242960327599855086e-01,-9.156456263591677969e-01
-8.863276632154410972e-01,-9.669650257007912364e-01,-9.650319508910557564e-01
-9.434863631750632917e-01,-9.969241876752911180e-01,-9.304568803813030309e-01
-9.223771625233502247e-01,-9.587079786480859900e-01,-7.487396036841057478e-01
-7.884394853110737733e-01,-9.465090563872636809e-01,-8.017375752371660447e-01
-9.666541200256121291e-01,-9.789716701210749994e-01,-8.562706543899525347e-01
-4.711676008622286971e-01,-9.065388733680128652e-01,-8.952824668963906829e-01
-7.307378711101524260e-01,-9.266161190190023156e-01,-8.968121934607070633e-01
-8.400048751780578860e-01,-9.618618235792035787e-01,-9.684598353193033526e-01
-3.737316712751403980e-01,-9.548274803425120805e-01,-9.981156580727923444e-01
-9.811437840625986118e-01,-9.038322520480015498e-01,-7.315749028070812621e-01
-9.049232306656672664e-01,-8.702777423709495697e-01,-8.796700144244523623e-01
-7.443746726793860624e-01,-9.561303507969112214e-01,-8.768188913928047779e-01
-7.573389917393067439e-01,-9.646827691872305044e-01,-9.428347140409859550e-01
-7.889630166140442213e-01,-9.678020251462515766e-01,-8.268490325231124816e-01
-8.643837977739722289e-01,-9.690757284808196870e-01,-8.154840416955605464e-01
-7.337531268450031563e-01,-9.991704760012469766e-01,-9.063351547086762050e-01
-8.562552420400291187e-01,-9.695564636692152183e-01,-9.824370130995996320e-01
-5.215344827731880351e-01,-9.609995517260251363e-01,-9.837341201230062060e-01
-5.304718296522792365e-01,-9.693010054778470330e-01,-8.949325918520769640e-01
-8.512951974482949602e-01,-8.870679905082721195e-01,-7.753909379844284855e-01
-8.088615344477267932e-01,-9.172856027136750967e-01,-8.666356930710010786e-01
-8.365881095347991181e-01,-9.652886677360872358e-01,-8.056915301882093816e-01
-6.520243699300684037e-01,-9.694470716490547479e-01,-9.601056176146588461e-01
-6.798323068346584508e-01,-9.392834194172933193e-01,-9.613246976151009759e-01
-6.456656822942494767e-01,-9.391954018858945652e-01,-8.412460633905886054e-01
-7.850514306183316027e-01,-9.535069491829145649e-01,-9.356420516110383057e-01
-9.094682223955171674e-01,-9.352997739706245817e-01,-8.535095488552992826e-01
-8.799026844005325421e-01,-9.271517284989033714e-01,-9.276952068924494421e-01
-6.972569189575955617e-01,-8.769182593041593421e-01,-8.222070878637210978e-01
-8.565092759220572782e-01,-9.016078820779328540e-01,-9.274862922855382497e-01
-9.285860203295377424e-01,-9.601454498438417584e-01,-7.923063912421269839e-01
-8.259793320653255888e-01,-9.691440505252325588e-01,-9.029659346064978775e-01
-7.997654918521724943e-01,-9.321271319483029894e-01,-8.773458783339380673e-01
-7.918755397427249543e-01,-9.878679842332174221e-01,-9.482203371752014887e-01
-8.795983768780455403e-01,-9.921965126115009914e-01,-8.266112665802594073e-01
-6.923905822826794676e-01,-9.263705656773123520e-01,-8.631053390054688190e-01
-9.247993623665290430e-01,-9.226610684585081490e-01,-8.571322543450418108e-01
-8.198526587311426583e-01,-9.684802863258149541e-01,-8.786604937723745401e-01
-7.363860116484820528e-01,-8.675585538884731385e-01,-8.716406653548152139e-01
-7.776165428153682946e-01,-9.794365851129652745e-01,-8.938951461816704303e-01
-7.222558678776224150e-01,-9.444497264886843046e-01,-8.340958957044716238e-01
-8.024252013653008220e-01,-9.720843520294264462e-01,-9.397723541569056316e-01
-8.165349023929147076e-01,-9.964595275502236005e-01,-9.045300015845987307e-01
-6.998900857635285133e-01,-8.524536366270050181e-01,-9.428258900534624010e-01
-7.166701561708735957e-01,-8.487255262168833525e-01,-8.584395681385561527e-01
-9.356643305801692900e-01,-9.606574022286740178e-01,-8.318537404720787176e-01
-9.237341915997436814e-01,-9.556155665470599248e-01,-8.558314003689895255e-01
-7.824187840662311100e-01,-9.400815908220688799e-01,-9.003985381291070844e-01
-7.895130113943575889e-01,-9.219014233982182338e-01,-9.358919754933078261e-01
-7.761762687443131137e-01,-8.888018149152420166e-01,-9.024019858985767861e-01
-7.743224995041583236e-01,-9.724483784945046061e-01,-9.304504372629298636e-01
-8.461659021530896219e-01,-9.146259442780401150e-01,-9.814797128970074169e-01
-7.156764391211460907e-01,-9.725444637632247868e-01,-8.760997113902104783e-01
-8.825793729972312152e-01,-9.964608804311204659e-01,-7.529997536048618212e-01
-9.458680168320471315e-01,-9.577052036083260056e-01,-9.774822795786397567e-01
-6.916787803894007824e-01,-9.095610070861750440e-01,-9.309588056514092047e-01
-7.911227137011804800e-01,-8.801742824481358918e-01,-9.011955066459420571e-01
-9.546372666614889591e-01,-9.532529436756519425e-01,-7.994496584416566076e-01
-9.440903841063510438e-01,-9.495786846567050299e-01,-9.150014456665902518e-01
-7.313616481669810154e-01,-9.685095941293850874e-01,-8.937730769428779976e-01
-6.562551613873697232e-01,-9.032063671242809288e-01,-8.678095318881391407e-01
-8.490962709611425963e-01,-9.804407062054327771e-01,-9.252688584552465345e-01
-7.130850609631936843e-01,-9.968943780694108359e-01,-8.008902252751464168e-01
-8.219671967405911550e-01,-8.692717986677698239e-01,-8.632613258828880642e-01
-6.795551985525737360e-01,-9.676145336896753157e-01,-9.321311944068728650e-01
-6.934898209987395701e-01,-9.982976739771439734e-01,-9.611703481859532605e-01
-7.839658981805602833e-01,-9.285227782100053950e-01,-9.250317634735836236e-01
-6.686387877348515252e-01,-9.722678221000286003e-01,-8.728803291355415883e-01
-6.413358607040363646e-01,-9.410845764514526035e-01,-8.044367756414143589e-01
-9.856503358094379497e-01,-9.436820076855393369e-01,-9.380218538783144933e-01
-8.350031477040980032e-01,-9.531096398954320703e-01,-8.905994433063284532e-01
-7.993394487469357435e-01,-9.910947792951106949e-01,-8.928792468616190137e-01
-8.059477896251490137e-01,-8.915275114298728543e-01,-9.745549347902691117e-01
-8.225553208476310552e-01,-9.297452202238125629e-01,-8.796135667373251588e-01
-7.442183324906734843e-01,-8.281522781805439326e-01,-8.270220248497124338e-01
-7.796994631990941116e-01,-9.943368098333934535e-01,-9.146608846371039325e-01
-8.582788059673507330e-01,-9.132294265884368656e-01,-9.641838094362217282e-01
-6.607193498523986630e-01,-9.376558357669949606e-01,-8.848068112369218419e-01
-9.952912100548704233e-01,-9.875390372510366443e-01,-9.680687616567732467e-01
-7.210420558225691945e-01,-9.469748679000553615e-01,-9.140786485766152492e-01
-8.292673483245763810e-01,-9.911378801106022207e-01,-7.722184773895583998e-01
-8.407917369206436842e-01,-8.075034217417693672e-01,-9.736175061561016530e-01
-9.454799945337371003e-01,-8.292721077297025012e-01,-7.339354290419175531e-01
-8.960948299398643346e-01,-9.667658784744277423e-01,-7.828460204418510315e-01
-7.896689730759155479e-01,-8.955814149442965499e-01,-8.614542232442479186e-01
-8.635533052928574538e-01,-9.431686273394211950e-01,-8.475529574452925763e-01
-8.422605281678812172e-01,-9.435454397873248578e-01,-8.733554055347099165e-01
-9.016864423903097059e-01,-9.159219091249906075e-01,-8.938874237151777091e-01
-6.525437996407407182e-01,-9.870380840770728303e-01,-8.732624594757898429e-01
-9.197530253183843207e-01,-9.055425228150776329e-01,-9.170383767990961665e-01
-8.109324327178968339e-01,-9.472232732529710653e-01,-9.265046921114574729e-01
-7.956972278168851220e-01,-8.890364697948380801e-01,-8.380003582382743454e-01
-8.750453072027334356e-01,-9.597798874396243907e-01,-9.347932489737562634e-01
-8.447674796953280607e-01,-9.258732264419833324e-01,-8.093905898525259879e-01
-6.331519993479154396e-01,-9.636476168059773251e-01,-8.781818128911887955e-01
-7.438763760651010415e-01,-9.227537861230798999e-01,-9.352963904551069296e-01
-8.450061326371394177e-01,-8.820168226211311246e-01,-9.239838164029732237e-01
-8.614231624790164021e-01,-8.269171535810890816e-01,-8.375979963951948326e-01
-4.724706096417236600e-01,-9.108883556781152135e-01,-9.333197075952888166e-01
-6.571132685681126961e-01,-8.692567672959295999e-01,-8.687868550803865553e-01
-5.548931547634279315e-01,-9.626754623023224822e-01,-8.644467270707938411e-01
-8.121604304251626161e-01,-9.842048351241530213e-01,-9.450800307257622990e-01
-9.133694424119692679e-01,-8.120937496989454329e-01,-9.457249867370927099e-01
-9.240928144138357281e-01,-9.793646961048340094e-01,-8.550439961572905423e-01
-9.488280350320432710e-01,-9.621218594716416384e-01,-9.834894132898559516e-01
-9.757373585805809713e-01,-9.465189839398173710e-01,-8.698081671644395385e-01
-6.221176161450706621e-01,-8.324110530475811176e-01,-9.156220911692536379e-01
-8.927765164557928124e-01,-7.623567935775227289e-01,-8.796030678106483425e-01
-8.768179982036362619e-01,-8.995930799044079551e-01,-9.105910299169708289e-01
-6.646938358112240985e-01,-9.423383130758278270e-01,-8.687513123100341073e-01
-5.991655341508671517e-01,-9.472507007549308966e-01,-8.120905042813982844e-01
-8.936135298681175954e-01,-9.315084677330039975e-01,-8.407090530506273751e-01
-5.863907656330429319e-01,-9.832629434807794722e-01,-9.481064996281203250e-01
-9.152941625181818530e-01,-9.896469736571306131e-01,-9.131504515561630342e-01
-6.734344864663062147e-01,-9.737938574951874315e-01,-8.889706763238754972e-01
-8.290752645720156355e-01,-9.928102871137631791e-01,-9.465189839398173710e-01
-6.551454343773464029e-01,-9.753776137185322659e-01,-9.531830664807480202e-01
-7.869107161823407637e-01,-8.824932152066973234e-01,-8.181204605207381686e-01
-8.891864988063333808e-01,-9.903073713968429947e-01,-8.275774689741226542e-01
-7.785787552055123406e-01,-9.592407000976330700e-01,-9.211322365053785655e-01
-7.878161151965330511e-01,-9.599189020078862100e-01,-8.975226884896815305e-01
-6.387169706221484944e-01,-9.434524110948883102e-01,-9.659661693660501758e-01
-7.975557079836711472e-01,-9.622988606074152074e-01,-8.429533218824858398e-01
-9.723186901149009076e-01,-9.194690848388222815e-01,-8.487256590571968795e-01
-8.638540514264281267e-01,-9.548281547199255481e-01,-9.857719611015355321e-01
-8.737450538047832893e-01,-8.852931087338349325e-01,-8.923612241372357312e-01
-6.609745694212487699e-01,-9.503312001555946908e-01,-8.198428340378165480e-01
-9.634125226129156561e-01,-9.621201304198178095e-01,-8.355807834424516800e-01
-9.093811260732722612e-01,-8.858366850847926299e-01,-8.530662063326210909e-01
-8.542723771511100406e-01,-9.567570105648441903e-01,-8.393442958775125806e-01
-6.449905609061934442e-01,-9.953887482156135169e-01,-8.273277482073135847e-01
-9.549322617945638081e-01,-9.781046206639425478e-01,-8.576327664665285289e-01
-6.867123298882956695e-01,-9.903452858924817193e-01,-9.017078203723173369e-01
-6.634461780968868849e-01,-9.253584220276968031e-01,-8.210450447688991682e-01
-8.936707529265331962e-01,-9.805978971509089481e-01,-9.122102278499440997e-01
-7.169376425828060118e-01,-9.464246085674969944e-01,-8.778520308550368245e-01
-6.090064633776359759e-01,-8.910893893679614486e-01,-8.619890800767380235e-01
-8.090007389058302412e-01,-9.184929020198863148e-01,-8.756498849406924023e-01
-8.239942539396327703e-01,-9.997821230884420540e-01,-8.605947913997828991e-01
-9.517370705359454730e-01,-9.949979777675539427e-01,-9.225490669998619442e-01
-9.078489103595011045e-01,-9.465061576224212958e-01,-8.626491349190308355e-01
-8.873915585368705727e-01,-9.206809604211304565e-01,-8.863846377303079560e-01
-9.022652105490144292e-01,-9.539867692311174707e-01,-8.756454430900731944e-01
-4.958822593807304391e-01,-9.993515967556955149e-01,-8.520088456474999017e-01
-7.778751270270727325e-01,-9.690749546878639764e-01,-8.826433369822639374e-01
-7.008167214599161365e-01,-9.596253197965607384e-01,-8.515427498103185222e-01
-6.857024430280862504e-01,-9.594782782787822928e-01,-9.000994084794174954e-01
-8.162547552291660180e-01,-9.257296855941011815e-01,-9.663908554425784114e-01
-7.032991787578840581e-01,-9.077903179205523143e-01,-8.837056071507177757e-01
-9.370694613144949781e-01,-9.583283871200154458e-01,-9.570826457828076617e-01
-7.652575582395417797e-01,-9.553525528996458238e-01,-9.774043039598566684e-01
-5.291391739856583509e-01,-9.419764581593368380e-01,-9.545396978656720544e-01
-8.601781140344550991e-01,-9.605706433557676949e-01,-9.811123667764497513e-01
-7.348563387427191618e-01,-9.221754832275030900e-01,-9.512176905909947022e-01
-9.738915749280007139e-01,-8.067124337032828274e-01,-9.105252554635502316e-01
-6.664946572593402063e-01,-9.743353115903101713e-01,-9.006002275724900308e-01
-8.087665994768898914e-01,-9.191787554688048978e-01,-8.979271902761633006e-01
-8.376447666015961468e-01,-9.812853604156787091e-01,-8.480636090879986044e-01
-6.931262164919027580e-01,-9.912919076673712970e-01,-7.948489652607788614e-01
-8.698752854984336258e-01,-9.625414322191626626e-01,-8.605934528857203114e-01
-7.230745056117127145e-01,-8.950087654653513525e-01,-9.149269242923466772e-01
-5.524925818890673579e-01,-9.150498774961461912e-01,-8.430689914728410894e-01
-6.874910429826693870e-01,-9.265545154701378960e-01,-8.327941549796824550e-01
-6.800694720714554053e-01,-8.654742687886867181e-01,-9.971203635955998568e-01
-6.931831283118212728e-01,-9.252941298776866663e-01,-9.590777664400300662e-01
-7.264943520921928188e-01,-9.547628340184687312e-01,-9.688795714128358716e-01
-5.453917899398068592e-01,-9.614622786113111719e-01,-9.234067842023471195e-01
-9.041578588563613517e-01,-9.483452094054724002e-01,-9.210794981736318832e-01
-7.343254273746677718e-01,-8.998627193047674666e-01,-9.269528950138051782e-01
-7.354034725767379932e-01,-9.959739112543111172e-01,-9.375547794133217705e-01
-6.743393187879858086e-01,-8.637255097983271845e-01,-8.583154070974446936e-01
-7.998052816246958852e-01,-9.720830817841252802e-01,-8.726558344106750686e-01
-9.871435425830707988e-01,-9.599656607614726056e-01,-9.655620749791793411e-01
-7.935397313775092165e-01,-8.668280275828501580e-01,-7.845420504828493069e-01
-9.161233417340767238e-01,-9.675230552855368371e-01,-7.702329164884182955e-01
-9.727968081662266009e-01,-9.287202807865276855e-01,-9.538421614173308027e-01
-8.066711603654759255e-01,-9.074624794011250106e-01,-9.690676849053631026e-01
-6.838053182866310475e-01,-8.718537679509430482e-01,-8.707946703564235502e-01
-4.678983952991770945e-01,-9.377716508789933902e-01,-9.339335342748746882e-01
-7.320791071678428574e-01,-9.563677603835352148e-01,-8.605450685731459437e-01
-9.768640450172588752e-01,-9.859134466316910039e-01,-8.884899768236026452e-01
-6.184749249817191874e-01,-9.234446945106644655e-01,-8.509788047611872575e-01
-9.759310924110500274e-01,-9.156622837945981308e-01,-9.690522941651509292e-01
-8.106981457675225267e-01,-9.040170819183287465e-01,-8.740355708645373145e-01
-8.645230692599286115e-01,-9.508509152753790161e-01,-9.988000175421448690e-01
-9.946844830599302911e-01,-9.578559292370071310e-01,-9.636087671806291555e-01
-7.620644892770865875e-01,-9.834188998024464556e-01,-8.806609989786801096e-01
-6.826889021842245109e-01,-8.969565093650592180e-01,-8.840609804649262049e-01
-9.566253079933215719e-01,-8.906170952227630000e-01,-9.107882439151666620e-01
-8.894866017144241743e-01,-9.362592350987046785e-01,-9.334413040899773861e-01
-9.794775223809049081e-01,-9.402744688874550283e-01,-9.877251329074289155e-01
-8.802284068189198951e-01,-9.167101167396632944e-01,-9.477297773201204256e-01
-8.561172007784660920e-01,-9.315006892070448741e-01,-9.877844136442769374e-01
-9.027909838884233817e-01,-9.800435727042787759e-01,-8.974561239830496362e-01
-7.368257817364483042e-01,-9.632762877489070563e-01,-9.612993714462856332e-01
-4.909958747098255305e-01,-9.810040765770523530e-01,-8.421080380528235265e-01
-4.993504643070303950e-01,-9.494184526888380660e-01,-7.851377372131010945e-01
-6.522618639709538702e-01,-9.223158557485721110e-01,-8.825228761066074012e-01
-6.897398982464701955e-01,-9.490148960267557054e-01,-8.420972732929606908e-01
-7.047188517012900055e-01,-9.403283260371373409e-01,-9.233462609846955216e-01
-7.602728116666935820e-01,-9.869588466213170541e-01,-9.713051983057338079e-01
-8.343237692163424368e-01,-9.792156777315216276e-01,-9.275494771094794366e-01
-8.412191214329441946e-01,-9.839027566360469823e-01,-8.332048826378513073e-01
-8.455779344194975788e-01,-8.686586171688313041e-01,-9.138583113650876610e-01
-8.707142556235644149e-01,-9.211294068806191726e-01,-8.886107818719372053e-01
-7.175867630787604590e-01,-9.871874079754784370e-01,-8.165822428639210040e-01
-8.563370772010144849e-01,-9.688844035271146904e-01,-8.789548661839704513e-01
-7.233820569859937821e-01,-9.318514064732497104e-01,-8.454612377408650126e-01
-6.609703553726919978e-01,-9.284742611604968054e-01,-8.800394230401451523e-01
-9.868345145917037931e-01,-9.107156782641775417e-01,-9.101467136935110780e-01
-6.800751649101145491e-01,-9.884085012823142780e-01,-9.316131781202510176e-01
-7.127437317755552781e-01,-9.590941832122721333e-01,-9.613389093178666966e-01
-8.574180171088757740e-01,-9.991469467928637549e-01,-9.377882122824245936e-01
-6.762409606867602063e-01,-9.354165230264792630e-01,-9.463277543893354737e-01
-6.295994854312745304e-01,-9.842561125657314225e-01,-9.157717712285516898e-01
-9.848925132894337242e-01,-9.340257205258446493e-01,-8.854904300638795078e-01
-5.562811929278076439e-01,-9.042542375285465006e-01,-9.434163840383071875e-01
-9.150682034813764076e-01,-9.399507959956084902e-01,-9.616039500143548358e-01
-6.601817503292695122e-01,-9.912536185903337849e-01,-8.760624430795538320e-01
-6.322967302689515012e-01,-9.326430315083134026e-01,-8.385230018246228045e-01
-9.012201858645685348e-01,-8.816526169968692539e-01,-8.981034340228094548e-01
-9.405511966943130853e-01,-9.603969756229908672e-01,-8.082850573427996510e-01
-9.018175992713443057e-01,-9.420242463787102949e-01,-8.786553104778038747e-01
-9.795742117144528027e-01,-8.502115697610632683e-01,-9.031500241634156101e-01
-8.938291009448113833e-01,-9.260398923407087146e-01,-9.455574861163975608e-01
-8.467423583031206125e-01,-8.340875120778790119e-01,-8.072557079976003802e-01
-9.051617204372879311e-01,-9.108666774283041834e-01,-9.610371167554826455e-01
-6.657707042616930471e-01,-9.626248956766336740e-01,-8.183150387392867930e-01
-8.586114741581709620e-01,-9.754481273259679730e-01,-8.717732743981837507e-01
-7.565519685775707881e-01,-9.333491573363533744e-01,-8.667386320136098998e-01
-6.011896733181111285e-01,-9.754940907402894767e-01,-8.186302599423930237e-01
-6.632707126554346910e-01,-8.938082905885630369e-01,-9.348002610634129628e-01
-9.245496888900895938e-01,-9.713300956302849398e-01,-9.374173062527741962e-01
-8.612287962013079889e-01,-9.330722645537279369e-01,-8.762304037790177302e-01
-8.041184594218091508e-01,-9.410144315363769829e-01,-9.550090977750536059e-01
-6.088859617478080688e-01,-9.864062581442680777e-01,-9.682254657540616538e-01
-6.334286077534480031e-01,-8.967245754068653429e-01,-9.386894739857425396e-01
-9.584063706018985940e-01,-9.898710061930090509e-01,-8.504375541845926589e-01
-8.653559368455419065e-01,-9.050648962023614130e-01,-7.853378877767991373e-01
-8.647156958608429589e-01,-9.527309832572664616e-01,-8.189620095455274473e-01
-8.993144313842718063e-01,-8.933793435572466857e-01,-9.648840591709928471e-01
-8.744435645739329077e-01,-9.378933964207347707e-01,-8.971372084683743031e-01
-7.944008828166778668e-01,-9.732679899243814603e-01,-9.378806323001600553e-01
-7.414387296198584609e-01,-9.260351994609785642e-01,-9.819576518037479440e-01
-8.013104658090399735e-01,-9.950023823260529809e-01,-9.129333770906579160e-01
-4.960828532051212991e-01,-9.543522737331193717e-01,-9.107762816359185054e-01
-9.488990699443775600e-01,-9.725819692091945967e-01,-9.218249393277248016e-01
-8.554338013144355823e-01,-9.035710133776483355e-01,-8.844064101063320305e-01
-8.444773774868843397e-01,-9.955012739027805369e-01,-9.036584687338482524e-01
-7.423899256820430947e-01,-9.265701709117286633e-01,-8.684713634483983702e-01
-6.579597267272999650e-01,-8.602590008870097948e-01,-9.032641075916157947e-01
-7.689783535438969864e-01,-9.919028547349997282e-01,-8.189912894376633057e-01
-7.704167975387501421e-01,-9.682311833684552616e-01,-8.734689379322123637e-01
-7.532351231982115092e-01,-9.033459080933451402e-01,-8.152294846217723601e-01
-8.669977236095528506e-01,-8.546504407416299909e-01,-9.341541140960557543e-01
-7.445036147617796196e-01,-9.034872217164879871e-01,-7.683826775925426400e-01
-8.041364493686476989e-01,-9.796503009252357508e-01,-7.862907575806985516e-01
-7.868298159897313404e-01,-9.856214179178779400e-01,-8.336036796408102800e-01
-8.267124800623452119e-01,-9.644243028458752143e-01,-8.391113383264364733e-01
-7.672974395112587276e-01,-9.648004088943458179e-01,-9.765781366738918168e-01
-7.586518525962572257e-01,-9.605754797663939026e-01,-9.032336711441963928e-01
-8.229685266710201619e-01,-9.454113353871086423e-01,-8.084392806868733183e-01
-9.542408195714535690e-01,-9.763647503346493117e-01,-8.557723204622125213e-01
-7.136408006224275180e-01,-9.103941964086712524e-01,-9.094139217771932682e-01
-9.945980889236144540e-01,-8.687868550803865553e-01,-9.037955038862219848e-01
-5.599425693956507910e-01,-8.183150387392867930e-01,-9.304568803813030309e-01
-6.463846534641773944e-01,-9.030666859457967544e-01,-8.563151705968774507e-01
-6.424540639650293539e-01,-8.267218003209343413e-01,-8.656203692889113954e-01
-8.749249111329118200e-01,-9.239171963610390836e-01,-8.948359353970583019e-01
-8.999342251422322025e-01,-9.891649042551093896e-01,-8.403755285466407710e-01
-8.256748910362143867e-01,-9.555316855238925600e-01,-9.156777722136426600e-01
-8.429642294490934384e-01,-9.510340793919647151e-01,-9.354139477204559405e-01
-7.264472889672526357e-01,-7.466391538289087748e-01,-8.770093553629106919e-01
-7.884194794798685679e-01,-9.387778483308558686e-01,-9.525666703820911962e-01
-6.840390460348265700e-01,-9.524954842857925597e-01,-9.172856027136750967e-01
-4.601668311024688651e-01,-9.531820560863158986e-01,-9.434779275851840064e-01
-7.620187602342517463e-01,-8.912811773932199921e-01,-9.944331882514890752e-01
-7.663968256151582059e-01,-9.778114676959762663e-01,-8.925398834829930683e-01
-7.838597966091401803e-01,-9.959549059184369391e-01,-8.854191002762803464e-01
-7.353871704691580247e-01,-9.725603767681034739e-01,-9.046681588816080088e-01
-7.973524017972908329e-01,-9.643715445490458338e-01,-9.388821931729093295e-01
-8.126650688634133868e-01,-9.479388953998582057e-01,-9.624053930953209157e-01
-8.855043383349483488e-01,-9.112622662263097917e-01,-9.719931086418448496e-01
-6.756387615442075445e-01,-9.944991234851680018e-01,-9.649962022389919625e-01
-9.072974582740671590e-01,-9.845967772287770314e-01,-8.824128337872412242e-01
-8.099351422038884030e-01,-9.691953361328800032e-01,-9.170861442330429103e-01
-7.283588264044613680e-01,-8.774517735953921704e-01,-9.880051630820215758e-01
-9.195102560700731953e-01,-9.898195528201272353e-01,-8.561513813353660574e-01
-8.846817626945867596e-01,-9.942362877868002879e-01,-8.229391324914511197e-01
-8.845051887708126337e-01,-8.824756557991442207e-01,-8.103332226777695269e-01
-8.976792939337236987e-01,-9.736521063050581626e-01,-8.349568565516841678e-01
-9.327798789891951214e-01,-9.688320943935085916e-01,-7.508240958019937183e-01
-7.298958868378722098e-01,-9.600446633719605938e-01,-8.863572737337142016e-01
-7.543687315289303585e-01,-9.891501620987894761e-01,-8.553570440471705005e-01
-8.183510580050242789e-01,-9.137381546946835575e-01,-8.512395854980001619e-01
-8.659101624494408567e-01,-9.833175253908247315e-01,-8.045636725470510786e-01
-7.217890964296945766e-01,-9.883755151834772157e-01,-9.198168931364814060e-01
-8.367452240616436443e-01,-9.030391479218435880e-01,-8.761531556586024116e-01
-8.935320473417315279e-01,-9.986256786486930048e-01,-9.241607592350151723e-01
-6.519566569486324736e-01,-9.549282580068461090e-01,-9.321332819009766624e-01
-7.259164689496574452e-01,-8.797732171593343198e-01,-9.617042215265539928e-01
-9.048055126009140192e-01,-8.981642551015887044e-01,-8.388451928874819385e-01
-8.257877248446658935e-01,-8.611067581022086026e-01,-8.777297562839282419e-01
-8.611398940981174199e-01,-9.889714208670261630e-01,-8.569811116823163877e-01
-6.741160191217291375e-01,-9.783887316325534655e-01,-9.084983080990428617e-01
-3.939333223282506791e-01,-9.111306437598895025e-01,-8.418139701076510217e-01
-4.097225126769005743e-01,-8.148794393246268086e-01,-9.671251629238791780e-01
-6.708881821581779148e-01,-8.869887993441255558e-01,-8.703938545488794087e-01
-7.825041853320499063e-01,-9.376182828244443712e-01,-9.195199026329101688e-01
-8.063130546230410367e-01,-9.141449636826584069e-01,-8.168326482312052716e-01
-8.012609563128328949e-01,-9.727636638255331425e-01,-9.860532987395023152e-01
-7.140527616046002946e-01,-9.856126618029127373e-01,-9.106077149826748984e-01
-5.241762654408549382e-01,-9.749405996582141132e-01,-9.404376803567842114e-01
-7.404000300322164385e-01,-8.941008827455836361e-01,-9.702612673308893543e-01
-8.082493481625601106e-01,-9.343328761777217606e-01,-9.398592083907282291e-01
-7.753895126355538903e-01,-8.140327354779774982e-01,-8.101312053713712880e-01
-8.726878487370156590e-01,-9.277292520739195414e-01,-8.471160887890201163e-01
-7.941114034615670558e-01,-9.581142672837889007e-01,-9.397003457650220382e-01
-6.621238833027462967e-01,-9.642172433442212087e-01,-9.069494101393511531e-01
-5.909035007305210030e-01,-9.704717854436836211e-01,-8.402199690448243219e-01
-8.133230681039990140e-01,-8.790413012921478586e-01,-8.484425278500158374e-01
-7.267344481444877324e-01,-9.657287270375596311e-01,-9.620450103433824118e-01
-8.484650143830430036e-01,-8.920248750005912441e-01,-8.103506532669160212e-01
-6.226362394256509392e-01,-9.866275957549786035e-01,-9.603421870306395602e-01
-5.728798864946699210e-01,-9.157373222316088635e-01,-9.281817232211372337e-01
-8.776743267748498001e-01,-9.930596717717353750e-01,-8.060906686445099556e-01
-8.933228364808074584e-01,-9.737930548729508695e-01,-8.242363613470227168e-01
-7.885373968413574852e-01,-9.256879515807263648e-01,-9.269897229435287711e-01
-6.642752001169667242e-01,-8.623468669912897067e-01,-9.504415574203770589e-01
-7.808768993499353162e-01,-9.887631763253995620e-01,-8.578234114260625542e-01
-7.475950057636625568e-01,-9.452866740819594327e-01,-9.558810248476244942e-01
-7.889930571615726418e-01,-9.472406875860469588e-01,-9.782723065088713144e-01
-7.596232463067313923e-01,-8.334029836156997550e-01,-8.355465340266658991e-01
-6.637207280401281606e-01,-9.613065141402762359e-01,-9.036473902546402481e-01
-6.686124028325460822e-01,-9.777682677585173288e-01,-9.189952823297200535e-01
-7.472212881941218132e-01,-9.671577612858972550e-01,-9.912405093471404749e-01
-5.388740378865206626e-01,-8.942728644866144716e-01,-9.589627976705484835e-01
-6.908452347592350939e-01,-9.575932623009464351e-01,-9.492095205422301785e-01
-6.390978252845332941e-01,-9.450562760153622399e-01,-8.336072076641136697e-01
-8.280812534451601481e-01,-9.389772671187742725e-01,-9.431045890889188099e-01
-8.567028005676580182e-01,-8.275010698793064945e-01,-9.390491032764866075e-01
-6.325080996380757492e-01,-9.356604495946468925e-01,-9.518957198082381721e-01
-7.151396460469724436e-01,-9.542374869336014420e-01,-8.242406424393782238e-01
-8.484171540434188863e-01,-9.733878989378914603e-01,-9.410845764514526035e-01
-7.746521773895950203e-01,-9.914827087575358577e-01,-8.705146161142323091e-01
-6.274733750087405637e-01,-9.415457923904834159e-01,-9.900861659723735331e-01
-8.326180213198065561e-01,-9.441707995588013436e-01,-8.711001034569789692e-01
-9.743767275358549140e-01,-8.612502960699113252e-01,-9.303555511590944072e-01
-8.636609442659350933e-01,-9.508684113317099618e-01,-8.727656989965927314e-01
-8.155600242571946490e-01,-9.127113335444758668e-01,-8.795662261620913469e-01
-7.192303366330410341e-01,-9.989083305920781752e-01,-9.775729464859606033e-01
-8.415235383244725753e-01,-9.846299392914408255e-01,-9.673139698105471806e-01
-8.644039524296355248e-01,-9.828288318379732047e-01,-9.482565049925955059e-01
-9.772762513356471059e-01,-9.110853373158893653e-01,-9.853077657278421775e-01
-8.956999074167315555e-01,-9.553717110376567234e-01,-9.328989220676656702e-01
-8.925088038018355041e-01,-8.961164940836133797e-01,-9.137948010622845008e-01
-6.571950115690453620e-01,-8.822480704366144622e-01,-8.403415875993437423e-01
-6.347443301330596421e-01,-9.283601235784033623e-01,-9.592711467716082963e-01
-9.331538565305962374e-01,-9.939620402708199132e-01,-8.730088018588353371e-01
-9.044782028314292122e-01,-9.938535358319675606e-01,-8.548868748942981544e-01
-8.632626609951593588e-01,-9.366871684191729885e-01,-8.247945748575717939e-01
-8.785462778891668378e-01,-9.922876827970676938e-01,-9.264337645347833217e-01
-6.953999467267503176e-01,-9.814028291145001637e-01,-9.727125864098812302e-01
-7.149532093735250227e-01,-9.946180694674653378e-01,-8.427904500082850081e-01
-7.834268091865240757e-01,-9.014240257591634720e-01,-7.402254977433636585e-01
-6.805980279048089443e-01,-8.961142918731669349e-01,-6.554366980879684501e-01
-9.390651718499515299e-01,-9.696140901769185749e-01,-8.361881393344106073e-01
-9.655161844850254083e-01,-9.229764473691300930e-01,-8.993291241569798533e-01
-9.251857745470374317e-01,-9.238782591486541795e-01,-9.690193913893897504e-01
-9.168400073696822972e-01,-8.632090890801304983e-01,-9.037161660275185859e-01
-8.399623666276906375e-01,-9.585580963302188229e-01,-9.265046921114574729e-01
-8.717071768100520535e-01,-8.223780301615649657e-01,-9.032742092936121292e-01
-6.211893861461165178e-01,-9.464957394812375524e-01,-8.814289405153462598e-01
-8.506517228382737272e-01,-9.728283304837248568e-01,-7.835708596371683266e-01
-8.169368145014156424e-01,-9.365753478049276826e-01,-9.686322230734007999e-01
-8.851209410983579273e-01,-9.792700365425961451e-01,-9.313334352863208432e-01
-7.933779952801410795e-01,-9.032141922539571599e-01,-9.691625411438903326e-01
-7.104141665869149191e-01,-9.775922186082474097e-01,-9.358291428114473565e-01
-9.812984794162323832e-01,-9.596513508127141323e-01,-8.681011777963281162e-01
-9.276202686147501097e-01,-8.198826466604827168e-01,-8.240552657038349160e-01
-8.583888865291866566e-01,-7.702329164884182955e-01,-8.769733710447668029e-01
-7.346612185423464503e-01,-9.442832698861481910e-01,-6.772769762981396546e-01
-6.682534103766849531e-01,-9.599887715092860763e-01,-9.032894723006228421e-01
-8.686252816938718757e-01,-9.913984798638300067e-01,-8.531210090114544897e-01
-8.170414211598545640e-01,-9.436590248754036514e-01,-8.715801871852877358e-01
-8.040943330816799905e-01,-9.184195793197245106e-01,-7.876865388695976078e-01
-9.612591078095311659e-01,-9.249408926097750783e-01,-9.088311091173522094e-01
-8.780138798156842395e-01,-8.921009719613938183e-01,-8.304687066214859748e-01
-9.664364957951556701e-01,-9.219278036311330249e-01,-9.530238449145337354e-01
-8.078131570483959578e-01,-9.842902101652816205e-01,-9.616933478824263304e-01
-8.288180816817678487e-01,-9.856004003238597599e-01,-8.936098480090685081e-01
-7.958852449518735162e-01,-9.331623899455866455e-01,-9.320119001101553335e-01
-9.662122270196665808e-01,-9.208206798976793506e-01,-8.988653694310589914e-01
-8.891214930585502607e-01,-9.891896884385693589e-01,-8.774100727400419020e-01
-8.830508678756670005e-01,-9.365289209451191921e-01,-8.845494094651820127e-01
-8.675616509139243426e-01,-9.350277861796706391e-01,-8.493293369186917241e-01
-7.537458225856951133e-01,-9.455821437670169916e-01,-9.000994084794174954e-01
-9.650735237573505598e-01,-8.934918856165566803e-01,-9.030103207238753260e-01
-7.629209807035048918e-01,-9.477662650600773286e-01,-8.982056198430691252e-01
-9.189995512109935261e-01,-8.420972732929606908e-01,-9.379492172082058987e-01
-6.639395682467097437e-01,-9.802456778413849436e-01,-9.827428180591785134e-01
-8.584221496226396297e-01,-9.889645789512369056e-01,-9.129319787292092814e-01
-7.361658037226906925e-01,-9.649179235119910159e-01,-8.762241912813913958e-01
-8.914567966858130132e-01,-9.742013302168247568e-01,-8.440407883545562040e-01
-9.235121492364246620e-01,-9.945262557882523780e-01,-9.271549125744471542e-01
-7.741212658005057756e-01,-9.524181500478130502e-01,-8.246864440010246433e-01
-7.513124618086082229e-01,-9.293293847042860545e-01,-7.971648881992012825e-01
-7.014847333186124967e-01,-9.302366175087209976e-01,-7.380339123976888960e-01
-8.019761523358120980e-01,-8.888849914920414763e-01,-8.539338192017401630e-01
-4.507305152314268204e-01,-9.209977332769462288e-01,-8.567436934073202615e-01
-8.165719892032182736e-01,-9.434906763504824490e-01,-9.228096768933752303e-01
-5.693992508063728808e-01,-9.766216409206398552e-01,-8.562062043230660446e-01
-9.899521965648583333e-01,-7.874380356663206459e-01,-8.508423508964177984e-01
-8.084042660402289693e-01,-9.542425860681890137e-01,-8.763308425028086823e-01
-4.973012416977686811e-01,-9.835338326692326660e-01,-7.562567441287036951e-01
-9.719500153996896152e-01,-9.741727931778272342e-01,-9.309736811750730645e-01
-8.459435272961337571e-01,-9.493229858923362130e-01,-9.268056825491460815e-01
-7.724032330491633624e-01,-9.248278774168192662e-01,-9.108883556781152135e-01
-5.215193230299379756e-01,-9.090209791775738513e-01,-9.192945816039647111e-01
-7.573691001312895521e-01,-8.784296930090429445e-01,-9.626402203301533955e-01
-7.828803510521984421e-01,-9.365656739336074565e-01,-9.161341766392940844e-01
-9.220088912624165856e-01,-9.507128496021980402e-01,-8.471502975531476354e-01
-8.859095314971717761e-01,-9.285641975719667318e-01,-7.506831753542030361e-01
-6.368094060230216069e-01,-8.779167818559431291e-01,-9.997721510551804691e-01
-8.650202766098695761e-01,-9.715016700883191136e-01,-9.109125802118686055e-01
-8.422177244997300916e-01,-9.877284853589570757e-01,-9.483310963368257740e-01
-5.395269182944901765e-01,-9.462738205138918612e-01,-9.624402801745779445e-01
-6.839773281013968864e-01,-8.124938705514815895e-01,-7.559437379928711787e-01
-8.210702699242061753e-01,-9.334206203380730482e-01,-7.685178221979864777e-01
-8.839818142183981653e-01,-9.533105912024585349e-01,-9.668594440470561491e-01
-6.313089684537823709e-01,-8.259178863720375574e-01,-8.088621421259977184e-01
-5.228147559154247004e-01,-9.403506084959170064e-01,-8.721449703955026500e-01
-7.401749397322205937e-01,-9.196687635827209828e-01,-7.895659173055582514e-01
-4.834460908563077974e-01,-9.956017529176098835e-01,-8.373886709280614626e-01
-8.004373155844511922e-01,-9.498296608741129132e-01,-8.025435132399477700e-01
-5.520052170907187028e-01,-8.801602518928350882e-01,-9.940563729860887321e-01
-7.118798117044948803e-01,-9.152866275868764001e-01,-9.521106016130936878e-01
-7.359435312168164378e-01,-9.320107949403750869e-01,-8.946155427183180020e-01
-8.317675032494150633e-01,-9.577163118469737002e-01,-9.061111729690344285e-01
-9.073080262834688492e-01,-8.805833120370177847e-01,-9.020516112254204355e-01
-8.162895899085350626e-01,-9.219958248931209299e-01,-9.401248253820457812e-01
-8.891940740276667032e-01,-9.119241573630613162e-01,-7.890944236514407795e-01
-9.213314763025536314e-01,-9.719525540835174393e-01,-8.651498670583408490e-01
-8.157861035719315979e-01,-9.943496572903471886e-01,-8.322113711565235494e-01
-8.220564654977416952e-01,-9.245103136762740093e-01,-9.691711085068490661e-01
-8.278865503466606990e-01,-9.897759712942583166e-01,-9.737290096967577968e-01
-8.812177606618434300e-01,-9.184382809061029107e-01,-8.689153811102497960e-01
-9.292325461622157334e-01,-9.924672821663130806e-01,-9.469652459096229435e-01
-9.035683625456253365e-01,-8.968069849102636715e-01,-9.731242660520866838e-01
-6.445982827342554566e-01,-9.445389193721608345e-01,-9.870182683922779088e-01
-6.929097810935137547e-01,-9.272818287206984200e-01,-9.185335454285324941e-01
-9.783901372182401968e-01,-9.559648266587926768e-01,-9.317001530678521437e-01
-7.739611904541239262e-01,-8.225293032345600830e-01,-8.392856465152506162e-01
-8.928048879036131202e-01,-9.952925410730349975e-01,-9.138065180403751597e-01
-6.703816536040929641e-01,-9.746991919969080209e-01,-8.602264233688234896e-01
-6.526918358774626006e-01,-9.964108255172056117e-01,-9.715547618480528946e-01
-6.369190826881956369e-01,-9.472974711760454580e-01,-9.277991895105665021e-01
-5.397724849891313292e-01,-9.680966711325252883e-01,-8.516160739707958616e-01
-8.336639419054020506e-01,-9.748448502768953805e-01,-9.968613062637711186e-01
-9.078427400836043271e-01,-9.516095881588644279e-01,-8.353881724341829518e-01
-6.391255738841961076e-01,-9.725035514665464342e-01,-9.969234567454122731e-01
-9.023625434784017241e-01,-9.091001509693554805e-01,-8.754304574329300204e-01
-9.551845240820372451e-01,-9.322068561355962846e-01,-8.485340743396707630e-01
-7.468764121321080918e-01,-9.670270614612674898e-01,-9.250120113072870520e-01
-7.704462732976991024e-01,-9.450131622742679038e-01,-9.453141203245726265e-01
-5.286033925840175618e-01,-9.664757965490965441e-01,-8.695559201167291086e-01
-8.513210850552686004e-01,-9.947565105648075168e-01,-8.941095170245886292e-01
-7.720336517703235701e-01,-9.988911006619081157e-01,-9.765781366738918168e-01
-9.406445402177908699e-01,-9.312804759663813048e-01,-8.072557079976003802e-01
-9.011071020771566076e-01,-9.692600044050960761e-01,-9.956491839587018333e-01
-8.223991996560079398e-01,-9.893890105621466757e-01,-7.693103370559415399e-01
-6.797809453526193479e-01,-9.420416849434497530e-01,-8.247136211150428720e-01
-7.695573346704157602e-01,-9.894013324444014268e-01,-9.093911183681065991e-01
-5.521708221024189678e-01,-9.755298187167377177e-01,-9.345727134247322487e-01
-6.452350441189952379e-01,-9.399381968736334469e-01,-9.032655804383492582e-01
-9.332137965387446998e-01,-9.695281245695317462e-01,-8.689408088900911764e-01
-7.467839973890385563e-01,-9.344940612515652001e-01,-8.657438981172025372e-01
-6.045985829328464067e-01,-9.644363703173096658e-01,-9.130953925927555170e-01
-5.849411920776048657e-01,-9.733878989378914603e-01,-8.327290213656542983e-01
-7.757524840423123402e-01,-9.010213215581263091e-01,-9.521692799920435935e-01
-7.315245554917848558e-01,-9.686437418528428545e-01,-9.082622280901577749e-01
-9.428155671284982331e-01,-8.046666996079572254e-01,-8.991136741874174998e-01
-9.201460155865777146e-01,-9.440061936961586797e-01,-9.268792461723375231e-01
-9.680058314393064078e-01,-9.854857599695293624e-01,-9.851183803126642990e-01
-7.576099508522866621e-01,-9.396256773729729783e-01,-8.168965798404140832e-01
-6.671896977503342097e-01,-9.988000175421448690e-01,-9.082685517447657286e-01
-6.786067498322797542e-01,-9.306214968399375564e-01,-9.187561265298567204e-01
-5.610250280282998991e-01,-9.875371074358810786e-01,-9.423066273726106168e-01
-9.009173867728526020e-01,-9.455757384156691092e-01,-8.705976231575363045e-01
-3.839010922641249435e-01,-9.657747624698327371e-01,-8.304041837201996401e-01
-8.378307442232809654e-01,-8.988940704148105088e-01,-9.455983738158603158e-01
-7.886452187410112336e-01,-9.764880413216415755e-01,-9.506300322656848767e-01
-7.828650349066852421e-01,-9.433514255636787915e-01,-9.870550535590945085e-01
-7.829303599226312693e-01,-9.822589239795281868e-01,-9.069965534196126056e-01
-6.152229323703500841e-01,-8.873953747775245038e-01,-9.149497811859548246e-01
-6.684697141711527513e-01,-9.571686877793390558e-01,-8.159857146254344551e-01
-9.053078362248085931e-01,-9.877848065385630427e-01,-7.888797626905847959e-01
-6.846762208369872038e-01,-9.290535386964324793e-01,-9.585020895282535536e-01
-8.057551622640857225e-01,-8.954950608905769549e-01,-8.206592620627892742e-01
-5.184608960058910698e-01,-9.196333965864441629e-01,-9.048680691359098915e-01
-7.775163350561080655e-01,-8.858002949181197350e-01,-8.534222694801048004e-01
-7.999503796844564807e-01,-9.991179687166500401e-01,-8.726272385184438152e-01
-7.612828253861968486e-01,-9.648664809597645720e-01,-9.485021931557502395e-01
-6.541586294481468444e-01,-8.886166609320532705e-01,-8.118441727457950119e-01
-9.686893329334689273e-01,-9.930388855362745071e-01,-9.430556684017149527e-01
-7.483810944573964230e-01,-9.580771649715023042e-01,-9.651949714084449017e-01
-6.111817727503883191e-01,-9.767549540663038599e-01,-8.029503838210699795e-01
-7.675307411019460790e-01,-8.608505950253282357e-01,-8.831986660318640325e-01
-8.970202340958551845e-01,-9.432771831181219202e-01,-9.236727489605696118e-01
-6.915769115234696729e-01,-8.487862747972640953e-01,-9.192305661638496828e-01
-8.290095666177943468e-01,-9.934144329516746419e-01,-9.597726243428725823e-01
-8.106025345011989014e-01,-9.442786988335770682e-01,-7.887036482900275924e-01
-8.262713786516903136e-01,-9.818058261261890518e-01,-9.110429958520736005e-01
-8.539553969390801802e-01,-9.826557004044494947e-01,-9.094098319608829861e-01
-8.276660791423782193e-01,-9.563971862673704694e-01,-9.070863839617311353e-01
-7.805659190174106810e-01,-8.787151784979267966e-01,-8.373972849704975907e-01
-6.932157809145986782e-01,-9.956172555641024102e-01,-9.715752628036458116e-01
-7.791393226958815976e-01,-9.978277289004678918e-01,-8.249174834591801453e-01
-8.470855109663777416e-01,-9.824436773727648342e-01,-8.645729729042049838e-01
-7.853527296019103821e-01,-8.677655686220693276e-01,-9.305132313997015459e-01
-5.656509173442306748e-01,-8.576761280175736468e-01,-9.301115956316508004e-01
-8.974422708929638004e-01,-9.531125680180568827e-01,-9.266642308665925531e-01
-8.682430261103482039e-01,-9.812517605613493288e-01,-8.652124015152744541e-01
-8.396391080906862037e-01,-9.184942531391339093e-01,-7.909663823839861996e-01
-9.819220402427736305e-01,-9.729115612259746637e-01,-9.433621267995199178e-01
-9.056928184307510010e-01,-9.034591047405498010e-01,-9.407534040213143545e-01
-8.912348684267247245e-01,-8.253248499179481890e-01,-8.883806343973831288e-01
-2.362422832548954077e-01,-9.662448892434581937e-01,-8.638729037797246990e-01
-6.985928402464400833e-01,-9.574693489871856089e-01,-8.753371226019740492e-01
-8.781590020251658357e-01,-9.926224011070522435e-01,-8.426753492207397223e-01
-4.801368040514821245e-01,-9.520154013402641890e-01,-7.842121951788092460e-01
-8.555541986384811448e-01,-9.576141222870717673e-01,-8.745301086009922287e-01
-4.363649156513886851e-01,-9.716243741048894433e-01,-8.454635027704207051e-01
-6.723882799705985791e-01,-8.109697893685884340e-01,-9.376492505194590210e-01
-9.251512281756621991e-01,-8.950087654653513525e-01,-9.561059341166003867e-01
-9.270411177949117176e-01,-9.692344751923723800e-01,-8.961164940836133797e-01
-7.930469992928462775e-01,-9.978301000235433316e-01,-9.982004284498575686e-01
-5.825144644095742175e-01,-9.454629636684768190e-01,-9.432452242169556689e-01
-8.264702126934132531e-01,-9.041951242357798568e-01,-8.431691514121386621e-01
-7.039476704837657195e-01,-9.656332982830277967e-01,-9.394315415017053805e-01
-9.654211727014094802e-01,-9.331103450855537940e-01,-8.939225007421156555e-01
-8.932924669799353623e-01,-9.659270934859058855e-01,-8.775378082620122200e-01
-7.249220272798796438e-01,-9.439193955835972760e-01,-8.903183965536921596e-01
-9.157266798362565519e-01,-9.801942284302284092e-01,-7.806533972450568903e-01
-8.564543946488492043e-01,-9.448787179132835945e-01,-8.193900868876633492e-01
-6.545935028165118519e-01,-9.227478073987267493e-01,-8.190417912126415345e-01
-8.151694005285509137e-01,-9.418704921204003044e-01,-8.668636341400584033e-01
-8.408179776269836259e-01,-9.123923654911487713e-01,-8.846961409344061833e-01
-9.560778156363223257e-01,-8.989871371012395640e-01,-9.734719794348388744e-01
-8.276044427162879691e-01,-9.738077423494558849e-01,-9.818971397460981576e-01
-4.262466619288493019e-01,-8.477659383361180190e-01,-8.128894399192623244e-01
-4.024933871525077644e-01,-9.817882854588556585e-01,-8.668062155393412294e-01
-7.633143813037998049e-01,-9.152734364471710737e-01,-8.790413012921478586e-01
-8.184852046185473462e-01,-9.997241578237855419e-01,-8.850902058558866026e-01
-8.116318339761096068e-01,-9.507549180199119654e-01,-9.741774219761930587e-01
-7.289042346017670093e-01,-9.715035719094251565e-01,-8.718399037512523098e-01
-5.412871558021916663e-01,-9.799941265888565400e-01,-9.247749064609758207e-01
-7.445455469257303838e-01,-9.252496204229103682e-01,-9.186964830702357698e-01
-8.246661101143127892e-01,-9.428258900534624010e-01,-8.276087748835357916e-01
-6.682264739229980544e-01,-9.234156181765119653e-01,-9.119731131287284187e-01
-8.823928674857729471e-01,-9.857690700133174833e-01,-8.587180968864276398e-01
-7.570545109280720775e-01,-9.839212301750730472e-01,-8.994446902570434332e-01
-8.317518007922232171e-01,-9.165343288657179510e-01,-9.624139183944987463e-01
-9.533981569224545538e-01,-8.600828918919245503e-01,-9.547806893086948632e-01
-5.809223994792788170e-01,-9.748417434872557186e-01,-8.434827771779711547e-01
-7.401986736375937292e-01,-8.672740604622080074e-01,-6.979270980087661780e-01
-4.619476861242066135e-01,-9.853944944370763848e-01,-9.372990753878207570e-01
-8.717822539511270730e-01,-9.268450941076384897e-01,-9.947001605929854939e-01
-8.022051426866110280e-01,-9.278233234536006346e-01,-9.106431638128040795e-01
-6.106794721310777607e-01,-9.604852663387992706e-01,-8.369399465193789744e-01
-6.672916500342255253e-01,-9.790211014699266023e-01,-8.961941924169307683e-01
-9.716474146635479814e-01,-9.858430344006303692e-01,-9.857974275982864798e-01
-5.550262700867283350e-01,-9.816275273713567229e-01,-9.425445640235499134e-01
-7.092943987127210415e-01,-9.755367192871817750e-01,-9.082973357823906913e-01
-8.362220248882590301e-01,-9.276426104090977898e-01,-9.653426461849773377e-01
-8.661185561291995239e-01,-9.365088780680843605e-01,-9.186640711324646213e-01
-8.106596941645808352e-01,-9.848407001989839538e-01,-9.627679002484963444e-01
-7.949248788190832471e-01,-9.413797198850262227e-01,-8.512448891662925954e-01
-5.305910064768426526e-01,-9.515377535325352243e-01,-8.477659383361180190e-01
-7.467365779736412357e-01,-9.519808651352219542e-01,-8.607832055142815575e-01
-9.597590407815559388e-01,-9.322704937332687569e-01,-9.152338705170472988e-01
-3.867961884841595865e-01,-8.553352625526672304e-01,-8.416831357930212310e-01
-7.771540533393830330e-01,-9.727699031137553298e-01,-8.967029559194699129e-01
-9.681472875488507102e-01,-9.543814148226005267e-01,-8.985243881947777567e-01
-9.128603464771235521e-01,-9.429188401661190433e-01,-8.315617079009183232e-01
-8.184829323646547472e-01,-9.761016833142300841e-01,-8.576327664665285289e-01
-7.216664985435349289e-01,-9.121797189347301549e-01,-9.606297853507098639e-01
-8.861497882983524477e-01,-9.678677829008527356e-01,-9.064607352019394826e-01
-7.437797163331203443e-01,-9.797651265640643370e-01,-8.414834791909753253e-01
-6.148835627899348344e-01,-9.351572196946212889e-01,-9.177380557388916671e-01
-8.687406092012132097e-01,-8.131541813038171140e-01,-9.498195830881569490e-01
-7.490907244234124018e-01,-9.461216164134188533e-01,-9.121620916207586749e-01
-8.734541590828015512e-01,-9.926059900848335227e-01,-9.665805480392827276e-01
-3.697306181135168734e-01,-8.928396926554710289e-01,-7.837576866242517148e-01
-8.799241168012719161e-01,-9.156477952171124812e-01,-9.534225908293688656e-01
-9.698540115728722100e-01,-9.395876345144674735e-01,-8.697766842062637505e-01
-4.207535175952973328e-01,-9.814493532407477794e-01,-8.507982718202530270e-01
-7.517156400956173101e-01,-9.802162236378924032e-01,-9.189045180724668693e-01
-8.357268789155062327e-01,-8.981912866686083685e-01,-9.205551297643841391e-01
-7.049876168379901609e-01,-9.176771070741480685e-01,-8.962804840916962501e-01
-8.229056576815219071e-01,-9.606079905508138062e-01,-8.438412385421275586e-01
-7.932738191239396830e-01,-9.299733141113792900e-01,-9.072651665807814902e-01
-6.163875841404624634e-01,-9.430229377642076471e-01,-8.697215112801757186e-01
-8.844997590801334519e-01,-9.916279578754128021e-01,-8.028166266596168388e-01
-7.544957810808001764e-01,-9.023656260481248692e-01,-8.543347163868044714e-01
-8.251893796782927559e-01,-8.169484954668518872e-01,-8.208916286776811733e-01
-8.019706589622940252e-01,-9.486434625547860433e-01,-9.037793942250899049e-01
-8.674014149299955623e-01,-9.107060727071252249e-01,-8.660232324932555237e-01
-8.411083975912538868e-01,-9.816005852099307649e-01,-8.479552134732891711e-01
-7.607235731897548092e-01,-9.097269590347153434e-01,-7.871311838591392718e-01
-7.965828395094814995e-01,-9.707484867425297814e-01,-8.388226747046512166e-01
-7.473908262245214651e-01,-9.853328131529656142e-01,-9.059489161935367907e-01
-4.324264814205127094e-01,-7.976750295168970606e-01,-9.321388919528716954e-01
-6.236195400951526358e-01,-9.759131880369902312e-01,-9.910131828044119739e-01
-9.788938989060856910e-01,-8.487582336072274636e-01,-8.004686188290461857e-01
-4.665452881090454973e-01,-9.679488307504433564e-01,-8.945418486213926323e-01
-8.387385708173096255e-01,-9.701600700413728351e-01,-8.848813856563350067e-01
-6.621713166986454846e-01,-9.529810353097621922e-01,-9.578262552564099641e-01
-5.476433357379539846e-01,-9.890377018570291057e-01,-8.962611091106823524e-01
-9.484530937969321007e-01,-9.294835903834264279e-01,-9.942682167372177693e-01
-5.623056259607274177e-01,-8.952201198431738449e-01,-9.648497314933972557e-01
-9.622078656691013254e-01,-9.805487464605440184e-01,-8.676774347968415624e-01
-8.722463525742678581e-01,-9.500250170428652385e-01,-8.582901593344862690e-01
-7.114080138986779156e-01,-8.718399037512523098e-01,-8.679341360403435290e-01
-5.119303197449672771e-01,-9.628822490595501105e-01,-9.400294526753897317e-01
-6.805610316370844792e-01,-9.479278913841483467e-01,-9.163888224174867592e-01
-5.146335058900162185e-01,-8.711891022878908153e-01,-9.768478546712108246e-01
-8.378560453915266937e-01,-9.179552104037762561e-01,-9.689191107937626946e-01
-9.137431853452269159e-01,-9.844600725705792144e-01,-9.479091807827610960e-01
-6.479647787761447786e-01,-9.762018600860961071e-01,-8.958615782612386891e-01
-7.301444321707708518e-01,-9.920313933904885140e-01,-8.738468590907022548e-01
-9.271996989386392940e-01,-9.707422011042629029e-01,-8.654854549083903503e-01
-9.448302667594443705e-01,-9.763714651610708728e-01,-9.603718848087605675e-01
-7.527773053888955346e-01,-9.387711385396813046e-01,-9.331741476701548299e-01
-8.891014107111645526e-01,-9.429129229807489132e-01,-8.111671473970174517e-01
-8.312930661580142377e-01,-8.871195909738320839e-01,-8.602964018345383712e-01
-9.117336885895831466e-01,-9.584905693358626300e-01,-7.856495345655896134e-01
-9.595061636827452167e-01,-9.502931746051448414e-01,-9.363609837570447958e-01
-7.749460982672414788e-01,-9.071864694424869313e-01,-9.473775444093089915e-01
-7.821925955200891289e-01,-9.608579939478683052e-01,-9.708882871978000706e-01
-9.108242503549748292e-01,-9.427857028328024969e-01,-9.076538976943265835e-01
-9.789152328877425147e-01,-9.888933221850138011e-01,-8.223918192037531494e-01
-8.177276064367517971e-01,-9.569211793595510107e-01,-8.483756543956399998e-01
-7.890135686784744973e-01,-9.799140528492349400e-01,-9.577338361411280587e-01
-8.919528210414779945e-01,-9.580333695516317638e-01,-8.738689398630492544e-01
-7.955674802801532275e-01,-9.631824706087439569e-01,-8.793021238356648617e-01
-9.722798008872675091e-01,-8.589197328165870671e-01,-9.640130494479529633e-01
-7.416434740199785436e-01,-9.337069958495382016e-01,-9.317345364448047507e-01
-9.521016365342425125e-01,-8.999662633936069689e-01,-8.531743077843024770e-01
-4.030175731047247467e-01,-9.577665882046619839e-01,-8.818451668058144843e-01
-8.482282465291645090e-01,-9.939649940262230698e-01,-9.099605583488569183e-01
-9.347285482796894307e-01,-9.384216144262232939e-01,-8.128132878300061703e-01
-9.002229591932922048e-01,-9.756668242065410501e-01,-9.335087463542809383e-01
-8.996676395961542561e-01,-9.867600420208884060e-01,-9.213588793974742952e-01
-8.822673549866717480e-01,-9.575498026061836088e-01,-9.140457999280633405e-01
-7.374116931016800880e-01,-9.782149177411864072e-01,-8.807788448202532594e-01
-9.931753180922094915e-01,-9.883832291461756014e-01,-9.401272821513235733e-01
-8.549602562364037039e-01,-9.879804319988733097e-01,-7.711695510272421616e-01
-8.041002350940932297e-01,-9.323745341903890704e-01,-8.811115490912564407e-01
-9.531315531802937446e-01,-8.996924712940961300e-01,-9.843276566881464795e-01
-8.365439765325852761e-01,-9.762464711479031942e-01,-8.502280219227686953e-01
-8.665006079589239185e-01,-9.619719749208988091e-01,-7.792919614674442830e-01
-9.380035737791827533e-01,-9.413032116235943159e-01,-9.618686875619740784e-01
-8.533933545509914120e-01,-9.934429544788749844e-01,-9.473433768099019936e-01
-6.463434496353545056e-01,-9.964521321814708843e-01,-8.774139711337216596e-01
-8.563105138018283213e-01,-9.493452989319978164e-01,-8.654908729048765847e-01
-7.732097117741620895e-01,-9.715564487578862707e-01,-9.157540700575256265e-01
-9.192198574484563567e-01,-9.333564702865848606e-01,-8.851410458231816492e-01
-8.081794150961015832e-01,-9.503654907518025441e-01,-7.758919364915968231e-01
-8.429725435719165327e-01,-9.063347978736848720e-01,-9.179683658435751070e-01
-6.792376664084261995e-01,-8.866903393043211734e-01,-8.444368640653185931e-01
-7.627618033928637020e-01,-8.872730288931287568e-01,-9.200699097610222088e-01
-8.042230816188667974e-01,-9.083632091948156129e-01,-7.899158385047015951e-01
-7.904535638232309536e-01,-8.601681502159319592e-01,-8.339683029492146460e-01
-5.260384488539415759e-01,-9.766324765290613774e-01,-7.866276545420941568e-01
-8.699162141146730143e-01,-9.293562889503609314e-01,-8.243927059955612480e-01
-6.023735061153024928e-01,-9.015524677475010851e-01,-9.112285130250322718e-01
-3.896230883777156984e-01,-9.452792606810559439e-01,-9.178132452235380212e-01
-8.959517377342410827e-01,-9.312558118898812687e-01,-8.747456903021284536e-01
-7.931613598056985737e-01,-9.066492325279380537e-01,-8.074865871206611256e-01
-8.090409315983853045e-01,-9.765330011477433292e-01,-8.508792649242170603e-01
-7.620764582334608184e-01,-9.932180535048733550e-01,-8.936918592674872874e-01
-7.505958637521672472e-01,-9.875706576980364249e-01,-8.758251338109130923e-01
-7.833578530391448469e-01,-9.013484027127414144e-01,-8.583043461682625663e-01
-9.869607301295504342e-01,-9.846088205097988100e-01,-8.605795915808730490e-01
-4.170886074145925826e-01,-9.882804261118665057e-01,-8.183121410155331787e-01
-9.670939648511495124e-01,-9.226721363198707726e-01,-8.922075206780538670e-01
-6.672636995222558376e-01,-9.588393924960821879e-01,-8.354585893368675631e-01
-7.302841269612101449e-01,-9.547686746241742517e-01,-8.974635446251518767e-01
-8.619838513648335754e-01,-9.402030069024470693e-01,-8.171009114573716259e-01
-8.405290053055588517e-01,-8.373155208429607921e-01,-9.061087294182572638e-01
-7.980401715117382277e-01,-9.903161003650534644e-01,-9.657929110850139720e-01
-8.030262368372298454e-01,-9.524382681368676051e-01,-9.583012710020125668e-01
-4.674725629277907690e-01,-9.066380815485408640e-01,-9.008717896292236516e-01
-9.623876573418497227e-01,-9.480877014217291565e-01,-8.978613350434472284e-01
-7.484842119768212454e-01,-8.997493935321596581e-01,-9.048396701317461543e-01
-9.291631922454722803e-01,-9.805978971509089481e-01,-8.479582496136257586e-01
-7.084728035709603189e-01,-8.512075927987525770e-01,-8.196333994669530165e-01
-3.778565473741051783e-01,-8.348201713298882831e-01,-9.406594657642588508e-01
-8.260325166938866648e-01,-9.292756220570150827e-01,-7.956545466513805787e-01
-6.679330479581981894e-01,-9.172707558729358279e-01,-8.608078310905126207e-01
-7.699942175114883325e-01,-9.399312061478046765e-01,-8.752249327764056730e-01
-5.522875003728026089e-01,-9.206972937906952037e-01,-9.375747228669938371e-01
-8.734909364324481285e-01,-9.412907859418483403e-01,-9.596981823392324307e-01
-8.858371737811254754e-01,-9.601018825257284783e-01,-8.041475746387551915e-01
-8.519767944137566218e-01,-9.806968485555461745e-01,-9.136600655490617617e-01
-6.482425678346681597e-01,-9.261829705294045700e-01,-9.109318975383138284e-01
-7.570514645555233013e-01,-9.949040697609496942e-01,-9.033351167605807586e-01
-8.763817059573568713e-01,-9.161217323287687009e-01,-9.793844712970705135e-01
-9.039816539274110330e-01,-9.640177428134542037e-01,-9.274415004333359525e-01
-9.834324812484437350e-01,-9.897787957379622359e-01,-9.389192196253186573e-01
-9.583792836522290193e-01,-9.960153310771712176e-01,-9.205520315575332901e-01
-7.386214037797799170e-01,-9.986178788549103791e-01,-9.957737242195123795e-01
-6.136771860638114973e-01,-9.855630066223528551e-01,-9.227123120301740089e-01
-8.127516509018402058e-01,-9.614113052707837781e-01,-9.750869793839113120e-01
-9.532441206496705677e-01,-9.679757724375495087e-01,-9.015614041453957617e-01
-8.657729265898123083e-01,-9.767132727855898366e-01,-8.487267770849630244e-01
-8.081004935104176834e-01,-8.944443001859910813e-01,-9.327198100290785554e-01
-6.599663759389939877e-01,-8.425643839567636961e-01,-9.324658152977074455e-01
-7.849487075637530120e-01,-9.578379078433475469e-01,-8.601408890122121953e-01
-9.054856301199741830e-01,-8.719463387847476987e-01,-9.361886565055644871e-01
-6.951279925804699777e-01,-8.880720279521152616e-01,-7.887837952527918528e-01
-9.471852410172770798e-01,-9.186024435194175553e-01,-9.025301655593008787e-01
-5.081788384546832571e-01,-9.731006004326759884e-01,-8.682536603939446929e-01
-8.703624236862388397e-01,-9.181867493236852695e-01,-9.723483564458771378e-01
-9.216707560630625906e-01,-9.158868186025014291e-01,-9.684286968119220074e-01
-8.378622357583088709e-01,-9.142547626917006953e-01,-9.048499248696184605e-01
-7.853242235023935036e-01,-9.346155910696126723e-01,-8.454124793355712875e-01
-7.758736932416288035e-01,-8.907761133460480041e-01,-8.241522872259345878e-01
-9.021797556158291931e-01,-9.112415618285006902e-01,-8.902249888421166490e-01
-9.947782818234023328e-01,-9.178373476691842336e-01,-8.418223292637343480e-01
-7.714872615183754334e-01,-9.368977713818595898e-01,-7.711519435353396679e-01
-7.911837889980702920e-01,-9.409090816872913710e-01,-8.898624402731746263e-01
-5.920704026434460143e-01,-9.183120255552443822e-01,-8.584194263609858933e-01
-6.414715176743831515e-01,-9.885235269587614448e-01,-9.222450275192435321e-01
-8.206174222057839307e-01,-9.643715445490458338e-01,-6.944097219508250651e-01
-8.527473202106137240e-01,-9.778375657267261989e-01,-9.017992958602000231e-01
-7.389623701750208662e-01,-9.739301173362246988e-01,-9.093031604694513659e-01
-6.372151078133240221e-01,-7.707699522439852569e-01,-7.737303053489020810e-01
-7.620649511177456370e-01,-8.386427085183165708e-01,-9.596274612945583371e-01
-8.422715423291955439e-01,-8.892786147821097886e-01,-9.614050641172290357e-01
-4.387382993376744422e-01,-9.535639679623222342e-01,-9.778114676959762663e-01
-8.876495008394362785e-01,-9.870638220695392429e-01,-9.109174280867708973e-01
-7.643848151134807756e-01,-8.707896750088431892e-01,-9.376492505194590210e-01
-9.099742193143445235e-01,-9.561283399212513467e-01,-9.571375122756882181e-01
-9.528316435521880789e-01,-9.806968485555461745e-01,-8.141431040047464318e-01
-3.794168869325765248e-01,-9.855627729653730906e-01,-9.404064572203764127e-01
-9.876476500534936420e-01,-9.818271187106528686e-01,-8.216195804057234708e-01
-9.621250323855555786e-01,-9.525607462420015992e-01,-8.134446598471543055e-01
-4.693327622832021429e-01,-9.877325871088562526e-01,-8.243743378501846575e-01
-6.014611801085725240e-01,-9.942000902111267635e-01,-9.043303862511931079e-01
-7.454992491000412835e-01,-9.489626381167548530e-01,-9.888684147925058676e-01
-6.379488310631772352e-01,-9.440901850584655364e-01,-7.467977756936440281e-01
-7.347076223504207526e-01,-8.371194478993015942e-01,-8.030720715697531320e-01
-7.327492719198566151e-01,-9.686159488737540180e-01,-9.793646961048340094e-01
-4.534012208339088801e-01,-9.008177747372035915e-01,-9.161250184532510055e-01
-9.120069973504518757e-01,-9.187858708617214765e-01,-8.940001822295927658e-01
-6.018930207451556047e-01,-8.718881524347350531e-01,-9.254267470361123848e-01
-6.969734723462551740e-01,-9.691437558431520438e-01,-8.674218051239872551e-01
-7.470826438600464137e-01,-9.715631875192722866e-01,-9.850893187537562712e-01
-8.187979732755666928e-01,-9.726676031019123592e-01,-8.687868550803865553e-01
-9.592714546289621280e-01,-9.127315605760899508e-01,-7.678152413688886790e-01
-9.120482465139742034e-01,-9.787252179582965894e-01,-9.105204608933658017e-01
-9.449631655845450728e-01,-8.982640475196650431e-01,-8.410606634817914262e-01
-8.507183337763568609e-01,-9.811620004728474065e-01,-9.325510867218592681e-01
-7.628492326463276463e-01,-9.300474979725211755e-01,-8.938507352381253046e-01
-9.305126409388586595e-01,-9.897893195180567094e-01,-9.496164590393522120e-01
-8.477093405581688224e-01,-9.288943779139877677e-01,-8.813450893480477832e-01
-8.512732145695850461e-01,-9.833388421311042293e-01,-8.862435362346116063e-01
-5.076337492738315360e-01,-9.924321346042167535e-01,-8.727953611287964097e-01
-8.457190859195463650e-01,-9.824289385128217589e-01,-8.149736409368254497e-01
-4.628512964594850287e-01,-9.443040068471389992e-01,-9.017489854904756630e-01
-4.528477629738993926e-01,-9.769195930112616333e-01,-8.883152296088057120e-01
-5.916564367676206970e-01,-9.644449318172337859e-01,-8.381464532439253379e-01
-9.181108890588174365e-01,-9.238782591486541795e-01,-9.274415004333359525e-01
-8.835211170069496855e-01,-9.776594364147134231e-01,-8.691151904421841046e-01
-9.021644926836789313e-01,-9.763955075143117002e-01,-9.413993242716429677e-01
-9.251680336650437431e-01,-9.560266346616602684e-01,-9.110060617979907072e-01
-8.558221882648000545e-01,-9.636872205473032693e-01,-9.330160422017099719e-01
-8.282297462640867414e-01,-8.894646670623935769e-01,-9.270383553605769933e-01
-8.666751931623717375e-01,-8.938494886981873666e-01,-9.452773395517788391e-01
-9.118053440884524852e-01,-9.417117426039144368e-01,-9.230851149676135847e-01
-6.632965899990066472e-01,-9.843901006531264875e-01,-9.435452275917575182e-01
-4.960717055996377578e-01,-9.697355336596500397e-01,-9.973835406979333351e-01
-7.398752326071166285e-01,-9.583283871200154458e-01,-8.439847919203031790e-01
-8.706096272862369201e-01,-9.886335706966704606e-01,-9.151712200992975221e-01
-8.223903680508242164e-01,-9.640310535949526693e-01,-8.991367721827775439e-01
-8.735595628657464307e-01,-9.868302863346340992e-01,-9.043970526673311694e-01
-6.715262509637365262e-01,-9.488099884225785763e-01,-9.205677022280125410e-01
-8.434733282433913848e-01,-8.584300751240123706e-01,-8.524536366270050181e-01
-9.683765763008886918e-01,-9.258899367691018067e-01,-9.705271316097253687e-01
-5.921300647072441636e-01,-9.627722801506881645e-01,-7.173439425323291374e-01
-7.150659456955409388e-01,-9.469178484990308231e-01,-9.159418002070826015e-01
-7.620835702952458712e-01,-8.810740678117480185e-01,-9.361044892591576794e-01
-8.791670688163909508e-01,-9.550503011191742164e-01,-9.378933964207347707e-01
-7.766340412170639196e-01,-8.456977101202933778e-01,-9.574277023915650497e-01
-6.371503416729054070e-01,-9.655789963045032787e-01,-9.646120416416094079e-01
-9.540091685239112662e-01,-8.678973004681206360e-01,-9.519815896776506747e-01
-5.475410623444223468e-01,-9.608664298013004368e-01,-9.239115380336903049e-01
-7.703026641216114134e-01,-9.374487494551408950e-01,-9.903119159928046589e-01
-9.530543288870491070e-01,-9.518940588859629015e-01,-9.223365636415269408e-01
-7.991445424167620271e-01,-9.882448173186756391e-01,-8.954546253185859950e-01
-8.068352698363409070e-01,-8.964367216016636553e-01,-9.021173197738832084e-01
-9.987640465934887191e-01,-8.486515706959287808e-01,-9.924488998591197708e-01
-8.550392015159951065e-01,-9.928748781723910621e-01,-9.247390900703934546e-01
-8.696785027857022454e-01,-9.707628128544406598e-01,-9.163306418703688339e-01
-9.310310996395705363e-01,-9.901248384131170477e-01,-9.616473461170615966e-01
-6.461471160861428364e-01,-9.056158673213157151e-01,-8.799812483342895897e-01
-6.637966646785703473e-01,-9.595266515638970484e-01,-8.520390258915071513e-01
-8.590866664824486909e-01,-9.000835580704891203e-01,-9.120162462534827652e-01
-7.490234640644585218e-01,-9.894017583664980187e-01,-9.287562948284717734e-01
-7.865688725445834084e-01,-8.605088890551586545e-01,-8.168850871359101262e-01
-6.527355204736228211e-01,-8.973466710063748852e-01,-9.141916479362024450e-01
-7.189537527957380325e-01,-9.665896143106552652e-01,-9.498350990904089741e-01
-6.827113821713984843e-01,-9.637274710130606659e-01,-8.414371190263643108e-01
-5.103305363039911668e-01,-8.943509631083568223e-01,-8.798417206380018118e-01
-7.997129120232894239e-01,-9.392280709035782937e-01,-9.800163997277062666e-01
-8.724953954757118657e-01,-9.688945158504517208e-01,-8.921383636646382786e-01
-8.509845968570862729e-01,-9.876899347770102811e-01,-9.602215424930224952e-01
-7.933216592269175527e-01,-9.793844712970705135e-01,-8.922434786065944756e-01
-9.113377298120253212e-01,-9.906113493293031702e-01,-8.739133347127456819e-01
-9.105385333147024696e-01,-8.860377280673288336e-01,-8.948022240782752545e-01
-6.458186373291824323e-01,-9.601477833118257088e-01,-8.696772706703840283e-01
-8.677166499367735542e-01,-8.517062931936570935e-01,-8.551900335122867292e-01
-8.743096030323890266e-01,-9.796334213278734548e-01,-7.550788757190766143e-01
-8.881755042749198692e-01,-8.561513813353660574e-01,-8.507803332676437957e-01
-8.741801224865621833e-01,-9.066380815485408640e-01,-8.886194115549647110e-01
-8.583913314493814006e-01,-9.344940612515652001e-01,-9.876144478840878094e-01
-9.622886483886160525e-01,-8.627627703912978951e-01,-9.577172480196395332e-01
-7.826454552204740178e-01,-9.027378260490022122e-01,-8.706600833734861045e-01
-8.665254485928867156e-01,-9.461384142923118246e-01,-8.795971259560243505e-01
-7.540187995411028465e-01,-9.748803589815140391e-01,-8.820334564562091195e-01
-8.630611385451452122e-01,-9.908888585892023926e-01,-9.545463674234150320e-01
-8.363311456688306000e-01,-9.417793102401507133e-01,-9.768382777799606842e-01
-4.478849873723850794e-01,-9.401298075249819863e-01,-9.660036092143474695e-01
-7.615670966201372183e-01,-9.058399240376218131e-01,-9.223454956518171155e-01
-6.415285251125771859e-01,-9.696813677197417825e-01,-9.367252985018937883e-01
-7.750475919678337933e-01,-8.904651337476434669e-01,-8.380927441214967022e-01
-9.167074209096636173e-01,-8.993865686629876066e-01,-8.850493693697717434e-01
-9.985907960340030254e-01,-9.128586022676620226e-01,-8.759298199490220815e-01
-5.953150284158134076e-01,-9.241767607138933194e-01,-8.378713209526827965e-01
-6.814791888685078902e-01,-9.906014735686835548e-01,-8.981810248447990030e-01
-8.806625890005392865e-01,-9.110630385624346461e-01,-8.867110699459334056e-01
-7.940922289118567123e-01,-9.454781471502781143e-01,-8.184585213174635498e-01
-8.654574799070655633e-01,-9.643951614913487402e-01,-8.789103742229571470e-01
-7.256480149281542280e-01,-9.000911951405736744e-01,-9.973242589956012871e-01
-9.064379137005282860e-01,-9.814615311096734906e-01,-8.616089073057233705e-01
-9.904552203136662847e-01,-9.606424993511512023e-01,-8.893357370396839379e-01
-8.230543613064151831e-01,-8.998370038954450756e-01,-9.153119585409023040e-01
-8.306525751129488766e-01,-9.817789454396614879e-01,-9.465303127805257954e-01
-6.699987018478045231e-01,-9.843292375704960628e-01,-8.888062210681468844e-01
-7.122347816018816946e-01,-9.507131026418027542e-01,-8.743827652137741158e-01
-6.932126328883763122e-01,-9.485594460726403110e-01,-8.455190809465098489e-01
-8.281138777494934100e-01,-9.685165116640911398e-01,-9.782772479253938336e-01
-9.098997401523065687e-01,-9.738760539885814582e-01,-9.345675691906479843e-01
-7.832806626180210952e-01,-9.601960664682539504e-01,-9.521389726549887023e-01
-8.763884292916919172e-01,-9.684835027390185092e-01,-9.483511378072512210e-01
-9.599978434615095146e-01,-9.129331794775521480e-01,-8.729145150086417004e-01
-9.335659837478413881e-01,-9.464871107619683421e-01,-8.456194552125929631e-01
-8.390955601678196096e-01,-9.754134492115017485e-01,-9.464636013705891582e-01
-4.254770789882751925e-01,-9.942382838513953436e-01,-8.967400162379903783e-01
-8.472001319671047526e-01,-9.653859089217994294e-01,-8.909894135329659015e-01
-7.039825617970028038e-01,-9.536652433247047034e-01,-9.335113979879136048e-01
-7.371897475243691655e-01,-9.419692067345497577e-01,-8.872417056507538868e-01
-5.137541570473234120e-01,-9.976721897900213687e-01,-9.285884163385732526e-01
-6.805867239820824199e-01,-7.625640045243500253e-01,-9.161250184532510055e-01
-7.344147802079032950e-01,-9.577879737747895250e-01,-8.310706253309719793e-01
-5.225757200875920105e-01,-9.656148156898832768e-01,-8.278982510011396734e-01
-7.691618250843661464e-01,-9.512479214403271044e-01,-8.016560193244047783e-01
-8.235907023424000606e-01,-9.730352631593411905e-01,-9.114695586300861629e-01
-6.007836177176046899e-01,-8.171009114573716259e-01,-8.782751397446657560e-01
-9.882087121157607790e-01,-9.588967526983787071e-01,-8.358679053916295842e-01
-5.984683931838635784e-01,-9.941636383983897263e-01,-9.139035439602232191e-01
-5.058493656354744461e-01,-8.515806942806805058e-01,-8.941043158794285128e-01
-8.580874783345817658e-01,-8.967245754068653429e-01,-9.628929768995488914e-01
-6.834882601331134788e-01,-9.578230422970455127e-01,-9.473994609358271646e-01
-7.051428300642652580e-01,-9.470680151142671921e-01,-9.317869390955579867e-01
-6.809149328012799041e-01,-8.994531135150991563e-01,-9.382857652548307614e-01
-7.526832020658724698e-01,-9.922143836227764746e-01,-8.890121477121154525e-01
-4.883887669456027925e-01,-8.586435711259039483e-01,-8.022703999975480116e-01
-7.418632922654986306e-01,-9.901919820639697445e-01,-8.347498449992230007e-01
-7.046128971099118177e-01,-9.330266420183751519e-01,-9.341508776888745036e-01
-6.249555976469466367e-01,-9.403036006979694772e-01,-9.091689400001264909e-01
-9.261427874340798505e-01,-9.071241419943103512e-01,-9.303400791012812476e-01
-9.060581862031632516e-01,-9.410389690863119050e-01,-9.650765284347655459e-01
-8.790374060582847315e-01,-9.626122500261888870e-01,-9.615689064357915150e-01
-8.741029453427823226e-01,-9.185860943354726693e-01,-9.031985750595787898e-01
-8.696349198535523461e-01,-9.163167951541503209e-01,-9.450693734576540717e-01
-9.586747532487596146e-01,-9.223129840325585693e-01,-8.755894874863922039e-01
-9.588674598871510524e-01,-8.569336648366130404e-01,-8.549704014172170297e-01
-8.477713497885328575e-01,-9.159171980627504039e-01,-8.984298745516414719e-01
-9.417440407103363498e-01,-9.997138165419207079e-01,-9.870237256139245963e-01
-5.976129119934516787e-01,-9.769707979998273339e-01,-9.382925102940257167e-01
-9.775424752593226962e-01,-9.533028670338203892e-01,-9.612559977408705603e-01
-8.889998315834194420e-01,-9.779202973644124386e-01,-9.535520076384472743e-01
-9.077090057491784547e-01,-9.269405810436744941e-01,-8.156885678723224675e-01
-6.391111633283327320e-01,-9.495059227038459282e-01,-9.138509941537087400e-01
-9.170426390294708074e-01,-9.409470600645672977e-01,-8.836772212771561996e-01
-6.821513990814773720e-01,-8.959949211913491585e-01,-9.250249540630999245e-01
-8.084628943171549009e-01,-9.649962022389919625e-01,-7.710462529305674995e-01
-5.372944920759571419e-01,-9.509804244571117282e-01,-9.648450604274106945e-01
-5.750455583621972844e-01,-9.985218319050286340e-01,-9.668616706159143259e-01
-6.533893822781594585e-01,-9.224496731450374520e-01,-9.230473292312030287e-01
-8.350616346650725497e-01,-9.804028708004755011e-01,-9.806613661229189871e-01
-7.848853124215294796e-01,-9.717439044456671615e-01,-9.781547896876425785e-01
-9.557147653921788111e-01,-8.286892485927712659e-01,-8.465433260722186048e-01
-8.820622271588001162e-01,-9.048140838525168261e-01,-9.115248807603912873e-01
-8.804641637283004973e-01,-8.855075075178683308e-01,-9.323465744551928669e-01
-7.673098521737699018e-01,-8.625936725533500660e-01,-7.741920638011422495e-01
-9.753675218787937196e-01,-9.492974885558693732e-01,-8.705976231575363045e-01
-8.008897196312885214e-01,-9.450876709547104682e-01,-9.417231666070857710e-01
-8.326861509297226460e-01,-9.171562638208385909e-01,-9.851968743797164807e-01
-7.610505054069454101e-01,-8.300608570038506828e-01,-9.405496573068022892e-01
-6.882460713786143769e-01,-9.599849190184771563e-01,-8.429526034151676450e-01
-8.913258402185249007e-01,-9.306848391411303156e-01,-8.325672916112909494e-01
-9.342386697876637891e-01,-8.697187883661987584e-01,-7.871311838591392718e-01
-7.777720759626236546e-01,-9.329227212431012717e-01,-9.825321798069363011e-01
-9.278271156912872852e-01,-9.292358385073310467e-01,-8.494485726951175319e-01
-6.300921344843474214e-01,-9.400187039014537005e-01,-9.632883892736848752e-01
-6.144452424398731960e-01,-9.410260028537287269e-01,-8.784340782136146331e-01
-8.119363620467977549e-01,-9.567780284367867205e-01,-9.904748013578983379e-01
-5.853754311450417580e-01,-9.641311270346528683e-01,-9.921965126115009914e-01
-9.236205340252482410e-01,-8.989606240155008088e-01,-9.325908770530269010e-01
-9.648838612920158653e-01,-9.888933221850138011e-01,-8.302822675006304998e-01
-5.381782601439624170e-01,-9.543068151596245663e-01,-9.276335627882635881e-01
-7.047244418199113403e-01,-9.238967757294088701e-01,-9.277951142648863669e-01
-9.426864054379499036e-01,-9.010429111888661469e-01,-9.242236643967520759e-01
-9.138341832411189802e-01,-9.544513020709979312e-01,-9.037711017041796246e-01
-6.627099908532944061e-01,-9.829270143001541671e-01,-8.943205040052709665e-01
-8.706114703227919582e-01,-9.966417815507804256e-01,-9.244749708853031711e-01
-7.489914513685447250e-01,-8.294136665282547671e-01,-9.142260246833995296e-01
-7.436876134599971211e-01,-8.841676658346879769e-01,-8.282590859870918587e-01
-4.877009155130290763e-01,-9.811672156532382783e-01,-8.482637214801529435e-01
-5.958489059712340774e-01,-9.205972502805039870e-01,-9.060842744328510001e-01
-7.365976682236435868e-01,-9.783850363416725093e-01,-8.364046484552435379e-01
-7.447919923703061329e-01,-9.562885395144062883e-01,-8.572473118728488606e-01
-5.982135142077804613e-01,-9.591759303724851637e-01,-9.617389622060891208e-01
-6.462131706292523203e-01,-9.878048158469873163e-01,-9.203530632194963923e-01
-7.668920461455656090e-01,-9.184929020198863148e-01,-8.970016688853518216e-01
-9.896712901139317342e-01,-8.991584242263759297e-01,-8.100085372561759423e-01
-6.197026630897921606e-01,-9.811150342570618132e-01,-9.040888985378620069e-01
-9.462734769159514281e-01,-8.361435234499521307e-01,-9.523315479648430948e-01
-9.435645819956450797e-01,-9.084126114201434010e-01,-9.713197829820846563e-01
-9.223111915198929367e-01,-9.866291225168676293e-01,-9.170712171463640816e-01
-7.284780803874701949e-01,-9.441661724307308656e-01,-8.509030988792963823e-01
-9.311473464168552594e-01,-9.677645216364225700e-01,-9.075813516705664163e-01
-9.116415307369655219e-01,-9.391809963210244749e-01,-9.061178740426166778e-01
-7.846613622304992042e-01,-9.373779402080132384e-01,-9.296284617765799840e-01
-6.810714944858903275e-01,-9.446593069394935149e-01,-8.796728926340541266e-01
-7.337528590155314445e-01,-9.529695777269621138e-01,-8.699824442860866203e-01
-8.176333395250018343e-01,-9.337299398874596701e-01,-9.569268570331821433e-01
-9.016687923432278318e-01,-8.584392089585303198e-01,-8.983728911481032586e-01
-7.641580478189922143e-01,-9.641625722086957229e-01,-9.085219550836745039e-01
-5.896852461165615900e-01,-8.784353828635675931e-01,-8.217306960439865193e-01
-8.122197158668652550e-01,-9.991056060781701165e-01,-9.453187772194544536e-01
-6.305330255081076363e-01,-9.888819537536224225e-01,-9.766439684977865632e-01
-7.672026939307744486e-01,-9.820314750476705212e-01,-9.650333071833947507e-01
-6.323176241115862073e-01,-9.732329039798635062e-01,-9.851548287625216949e-01
-7.487072087272663712e-01,-9.186969679898706609e-01,-8.161388276403487296e-01
-5.398497909296371411e-01,-9.654001046277210785e-01,-9.112578245531632870e-01
-6.459259293714241235e-01,-9.730059823823231646e-01,-9.261016862993507459e-01
-8.983598857631112100e-01,-9.369912041993403440e-01,-8.945520114837419712e-01
-5.109627042317081980e-01,-9.073677485818867350e-01,-8.421127072369227751e-01
-7.010471903769461832e-01,-9.256130698237198251e-01,-9.829590756011717945e-01
-6.343061443280383349e-01,-9.136458702878372806e-01,-9.385626623090598253e-01
-9.814180441793391996e-01,-8.277396801756664590e-01,-9.207570349072181637e-01
-9.538114413233966804e-01,-8.762728071586142198e-01,-8.970277929773377013e-01
-9.009870537898594378e-01,-8.874263736368376287e-01,-7.750878096153155372e-01
-6.472766548301942535e-01,-9.454266621779872093e-01,-9.617149681635643876e-01
-8.506630694619845556e-01,-8.779271537147155247e-01,-9.019722276568759023e-01
-7.761607764757857408e-01,-9.860557403157497181e-01,-9.994721373907323736e-01
-8.177941748286734480e-01,-9.492269607983395696e-01,-8.300748111228640758e-01
-7.824055567303263015e-01,-9.866632736228706513e-01,-8.195904763855083042e-01
-4.713273087088848956e-01,-9.548349900074148966e-01,-8.943817103220559339e-01
-8.251233760426898156e-01,-8.702782443653107602e-01,-8.175415816438447170e-01
-8.347589362905042387e-01,-8.275774689741226542e-01,-9.987946433318856121e-01
-9.638491847589922834e-01,-9.630104003140979030e-01,-9.369292826299614463e-01
-7.074879517486208913e-01,-9.780587929766272337e-01,-9.246645579539617410e-01
-7.751800735627448757e-01,-9.965778134576580571e-01,-7.862972726919019717e-01
-6.974038140440643740e-01,-8.153311785889481023e-01,-9.415406290807717404e-01
-7.215438695658157320e-01,-9.048114524185358887e-01,-8.471919532587500745e-01
-7.492860096789638602e-01,-9.683428003540310858e-01,-9.498163619477173469e-01
-7.431555417209901870e-01,-9.059901786788137068e-01,-8.579694633824439531e-01
-5.075776360299182333e-01,-9.693179701123563197e-01,-9.115314955581821366e-01
-6.511218005407988230e-01,-8.960899816771081827e-01,-9.044750990879274477e-01
-9.106489409304007188e-01,-9.311371964423134084e-01,-8.580537202932279062e-01
-9.705032700603068996e-01,-9.631160093251747156e-01,-8.769757878918829075e-01
-7.090533343647930087e-01,-9.795146647715503585e-01,-8.870039865356218467e-01
-8.860286851855360135e-01,-9.878861159257646962e-01,-9.469178484990308231e-01
-6.803317121714972382e-01,-9.681266059823675496e-01,-8.022268718804047571e-01
-5.313247439928281413e-01,-9.439001924514952568e-01,-8.888948736565640552e-01
-4.688761664513227956e-01,-9.265661120142180129e-01,-7.766629421822008883e-01
-9.058131615411562088e-01,-9.743317172139087656e-01,-8.351173985830778745e-01
-8.724000093675654544e-01,-9.138936556700201219e-01,-7.673216591788503127e-01
-7.147106418361353075e-01,-9.777743333280276561e-01,-8.219132225809002712e-01
-9.562263537943525016e-01,-8.786612951532353222e-01,-9.473267140871201031e-01
-6.133748204912472524e-01,-9.998769626586191395e-01,-9.781020509433671073e-01
-8.378491165021412224e-01,-9.672581563811345484e-01,-9.184195793197245106e-01
-5.110472413052670193e-01,-9.867856078806379605e-01,-9.933078175233907015e-01
-8.357194420432129123e-01,-9.952981882700282501e-01,-9.305926403758099097e-01
-9.929572235752657239e-01,-9.805669159530859824e-01,-9.935090291260595396e-01
-6.676729341391196559e-01,-9.770040450816527278e-01,-9.045937818584147694e-01
-8.236221726475729810e-01,-9.766169034324154730e-01,-8.876160786182611950e-01
-7.403511186845496139e-01,-9.865375891377867745e-01,-8.088640083058524777e-01
-6.351035215856628557e-01,-9.765620735168365485e-01,-8.301233103600214047e-01
-5.908541175875117180e-01,-8.891459827598087173e-01,-8.344777099877020987e-01
-8.096835060560212405e-01,-8.702429846477128805e-01,-9.837976526490429530e-01
-8.432883878523594889e-01,-9.672975879918852549e-01,-9.729326998896706824e-01
-9.121543518716650478e-01,-9.155765745683537293e-01,-7.940753785577590040e-01
-8.127019472102373632e-01,-9.882266302564216565e-01,-8.810479442163925423e-01
-7.744415992892789147e-01,-9.766418159499916651e-01,-7.544664126791074121e-01
-7.865605719312275257e-01,-8.975334963866176130e-01,-8.778412870598117923e-01
-6.651042113017527901e-01,-8.599048482723969933e-01,-9.278132581540217139e-01
-9.377901930540938347e-01,-9.102569018581708749e-01,-8.696036573818589632e-01
-7.892761849502327731e-01,-9.873836929076528213e-01,-9.458241441556920481e-01
-6.613656384393979959e-01,-9.348871813720533996e-01,-8.945816416129795945e-01
-9.641628246700434390e-01,-9.465653443417572088e-01,-8.483233207672835618e-01
-4.236767986417669385e-01,-8.819479686477698088e-01,-8.047588470772425451e-01
-9.312928663851895994e-01,-9.671092753456509428e-01,-9.177836080761467841e-01
-9.891006206181066629e-01,-9.439605986746639754e-01,-9.092198694639954670e-01
-5.956256427065429460e-01,-8.888848574757810539e-01,-9.096022003030755920e-01
-8.232267928894779763e-01,-9.967243149316832307e-01,-8.974433992743474642e-01
-4.961087151578676413e-01,-9.267047733895581452e-01,-9.089454562500355328e-01
-9.413780120954053920e-01,-9.541423934550029573e-01,-8.301716137378677418e-01
-7.210076887496650322e-01,-8.695877441603129254e-01,-9.737829008325398217e-01
-7.565274812172880781e-01,-9.204332077731456341e-01,-8.592454287700950211e-01
-4.764504001118977095e-01,-9.135154619049793423e-01,-9.509100030664993097e-01
-7.660460984916885874e-01,-9.812018401231242803e-01,-9.430030682529760844e-01
-6.723457126576002363e-01,-9.650191947624354727e-01,-9.485021931557502395e-01
-5.852747706258371041e-01,-9.065343159967150788e-01,-8.223492798477721744e-01
-7.736380888809381018e-01,-9.980664665511743694e-01,-9.065859054138467599e-01
-6.675891788733525622e-01,-9.811246450838451150e-01,-9.146780534731269174e-01
-7.456707821125321267e-01,-9.604852663387992706e-01,-8.209072232001632941e-01
-8.625297142124587202e-01,-8.392989862110578070e-01,-9.693690484106206595e-01
-9.741508764616036986e-01,-9.777160714917152440e-01,-9.184942531391339093e-01
-7.666742970997312279e-01,-9.348699113776740566e-01,-8.265796175647006638e-01
-6.036592312789806902e-01,-9.246578424127367413e-01,-9.445008901590636885e-01
-6.180821827264512125e-01,-9.641522090400521661e-01,-9.277568784536187607e-01
-8.899150611593260596e-01,-9.676043059384051848e-01,-9.619954480862894508e-01
-8.691150262157500972e-01,-9.613616566088217796e-01,-8.119513725493228140e-01
-5.884299532505086194e-01,-9.632541392689011328e-01,-8.859939884706700131e-01
-8.123853613751234048e-01,-9.037711040052216482e-01,-9.207835148218420640e-01
-8.498355431641202440e-01,-9.925428188075238189e-01,-9.110930300351937072e-01
-7.092467708690537442e-01,-9.519574540990330958e-01,-9.872633988052703646e-01
-8.710632403904317034e-01,-9.842838267211616587e-01,-9.402791445462841402e-01
-5.236313949851798544e-01,-9.052855113047224567e-01,-9.226486315130811855e-01
-6.063188772765172319e-01,-9.717262062807240364e-01,-8.556739642226290909e-01
-7.648896970850059818e-01,-9.631355690592396934e-01,-9.130807962465931071e-01
-6.126675869981274003e-01,-8.928207217144714658e-01,-9.918778357477365804e-01
-6.108774149950285670e-01,-9.300505005265295999e-01,-9.955764809133326176e-01
-9.038285274111385048e-01,-9.726676031019123592e-01,-8.807387765375737088e-01
-7.832709834352740152e-01,-8.854186412242400772e-01,-9.225359835886465243e-01
-6.905369133447820662e-01,-9.260371165341805266e-01,-8.959892819299906108e-01
-8.421173736896105932e-01,-9.600653228100346492e-01,-9.157834585464718069e-01
-8.805117949288199242e-01,-9.453557937903733777e-01,-9.626606636550403273e-01
-8.530722400722184906e-01,-9.254354881922337572e-01,-9.480757769561096726e-01
-9.131904445314643626e-01,-8.768885912279917871e-01,-8.173233894211683337e-01
-5.370607790945566284e-01,-9.253338823381338507e-01,-8.942744907773074736e-01
-8.537613075246373029e-01,-9.906789267438308455e-01,-7.782359106155763984e-01
-9.385854632261717567e-01,-8.826532232190997806e-01,-8.072383444106299155e-01
-8.814769263517545639e-01,-9.859787038323314379e-01,-8.386788207895894409e-01
-8.326886898125054337e-01,-9.286153884223519173e-01,-9.225424589644024564e-01
-8.085313471704308474e-01,-9.531622616567366757e-01,-9.459016604535447348e-01
-6.594890097417347441e-01,-9.947357738027892138e-01,-8.862311062666307082e-01
-8.109785531972534267e-01,-9.151262174911742875e-01,-7.965931931062966154e-01
-9.079115856155115516e-01,-9.221149881937024118e-01,-8.708219453121952558e-01
-8.970203330759152216e-01,-8.774317303359525644e-01,-9.537566908355291639e-01
-8.490489429072197725e-01,-9.675632113868272155e-01,-7.786084491217382109e-01
-9.267222850112664112e-01,-9.997657173970246891e-01,-8.457516889976979257e-01
-9.135663173745824928e-01,-9.549961007615886954e-01,-7.759718204609025172e-01
-8.720856268318653015e-01,-9.273407718704357316e-01,-8.122983371481605763e-01
-7.539388815070343641e-01,-9.321209255089800694e-01,-8.451725428227090386e-01
-8.010248864021016768e-01,-8.610412202088870703e-01,-7.757860423223679192e-01
-9.156853699932446800e-01,-9.650804143435511850e-01,-9.047182099580056702e-01
-5.907057087130930251e-01,-9.897893195180567094e-01,-8.572249103700492201e-01
-9.858529322651391480e-01,-9.315189797047538356e-01,-9.377002342894051878e-01
-6.896854741960688484e-01,-9.472600781992807084e-01,-8.151858571869858849e-01
-9.029973929984709269e-01,-9.940764175697162086e-01,-8.142083313553527546e-01
-8.528538554669801153e-01,-9.926318920169121540e-01,-9.111608301470186522e-01
-6.175846424161044457e-01,-8.934009478111937241e-01,-9.231478965754520427e-01
-5.770749137009725249e-01,-9.490148960267557054e-01,-8.625945036800379828e-01
-8.665908189888537061e-01,-9.442434400152799334e-01,-9.380064742382930865e-01
-7.885047207027751082e-01,-9.119944352090586515e-01,-9.431156931661807130e-01
-7.225979926375495355e-01,-8.619890800767380235e-01,-8.603989676456564872e-01
-5.170309261993892846e-01,-9.061087294182572638e-01,-8.886705930889463589e-01
-7.321778210369682682e-01,-9.847523064909915469e-01,-9.481616273360963243e-01
-8.028972755902807901e-01,-9.727330325946779155e-01,-8.159420438254917363e-01
-5.748572021202102977e-01,-9.542441046031773233e-01,-9.251677095757957492e-01
-4.028832714837263240e-01,-9.336394202106335083e-01,-9.778975017509430323e-01
-7.976181287253455432e-01,-9.585073685465728133e-01,-9.800573337709156396e-01
-5.025063236875434436e-01,-9.391895089835746724e-01,-9.510750155060528899e-01
-8.114340699785758115e-01,-9.414643075947591866e-01,-9.853920704153630306e-01
-6.945726659188963259e-01,-9.747610155765127349e-01,-9.433832222070209772e-01
-9.573688674381759522e-01,-9.648663183104401186e-01,-9.115597434118117848e-01
-5.538141047696827357e-01,-9.429124367633062720e-01,-8.454351531803805386e-01
-4.990658324947103153e-01,-9.176720062195155014e-01,-9.562226641029037966e-01
-7.491596710086900757e-01,-8.902457918921553581e-01,-9.132079890267245093e-01
-7.729754362399755552e-01,-9.970080900986819650e-01,-9.764880413216415755e-01
-9.050813007102020968e-01,-9.149877361993978830e-01,-8.905309213897043552e-01
-7.942075975067155458e-01,-7.712702680538741085e-01,-9.877530058681421865e-01
-5.307466140571683866e-01,-8.501323286234765408e-01,-9.107060727071252249e-01
-8.917360789839883228e-01,-9.658463431406603128e-01,-8.488251107924148497e-01
-8.541986908034949755e-01,-9.998053907704798071e-01,-8.399827883084898250e-01
-7.602341079316241590e-01,-9.763413560053866291e-01,-9.938043778736181944e-01
-8.878500046383107636e-01,-9.623651295757084112e-01,-9.789831604608556503e-01
-7.629078768419828016e-01,-9.953474491889109377e-01,-9.365088780680843605e-01
-6.618420916438869650e-01,-9.290282008623420573e-01,-9.052516219169786105e-01
-6.662196534173170370e-01,-9.888442156079270129e-01,-8.416831357930212310e-01
-8.460494723431938313e-01,-9.339958629087973252e-01,-9.477776973378029268e-01
-6.488890022422104664e-01,-8.775345289967589890e-01,-9.866160134596638764e-01
-7.954818239593595131e-01,-9.231349744013150893e-01,-8.811998355980179554e-01
-8.670017028574745765e-01,-9.796802205499742788e-01,-8.730258255583506211e-01
-7.724551151681413597e-01,-9.600653228100346492e-01,-9.288930586109204190e-01
-6.588506513099645634e-01,-8.343384314594155526e-01,-8.500896948628822170e-01
-8.239225057273531494e-01,-9.366583048166589043e-01,-9.121590109131677560e-01
-4.560740215485762361e-01,-9.073374011643954296e-01,-9.218763621586132384e-01
-9.519436578232514101e-01,-9.261274966975809875e-01,-9.150013105235810240e-01
-7.071610185830546902e-01,-9.953124816910298156e-01,-9.582774255067140201e-01
-9.308600710056889049e-01,-9.506296322163134693e-01,-9.379492172082058987e-01
-3.391748732285286283e-01,-9.915384292565081470e-01,-9.879428538604397847e-01
-8.436540319578029745e-01,-9.011655509185205748e-01,-9.158615582580809100e-01
-5.492318948241763366e-01,-9.885024028556856912e-01,-8.234394136636016270e-01
-7.262317379326608258e-01,-9.643460633544697069e-01,-9.442577619793273147e-01
-5.151620830336869350e-01,-9.827607607464028394e-01,-8.968400242526773924e-01
-7.454555910298169552e-01,-9.481954425424452548e-01,-8.190456637517474769e-01
-6.708280298416601228e-01,-9.852106839585667020e-01,-8.573949505868401211e-01
-4.988625581172230206e-01,-8.892124475128619920e-01,-9.730654984556430520e-01
-8.025271640714692900e-01,-9.636766281333709605e-01,-8.784985342816179488e-01
-9.381471961297443984e-01,-9.813919276454902141e-01,-8.730017365540095886e-01
-8.923499071249298975e-01,-9.611848688540680641e-01,-9.660050780436441054e-01
-8.467307175619193105e-01,-9.916913535054716622e-01,-9.156220911692536379e-01
-6.408691481436747939e-01,-9.471726979739047980e-01,-8.786218104343568314e-01
-8.020734023600643026e-01,-9.056158673213157151e-01,-9.325104381112635510e-01
-8.149724989110983531e-01,-8.382052746894763651e-01,-8.412780829793097270e-01
-6.869298913264378914e-01,-9.583282464150345570e-01,-9.326820398631232578e-01
-5.803224641979823906e-01,-8.825574859849749654e-01,-8.717551650153851917e-01
-9.572419162259642178e-01,-9.122635367341459522e-01,-8.502572123786600322e-01
-5.584183323964467816e-01,-9.984768620935292605e-01,-8.757811365127954328e-01
-8.960092339380570925e-01,-9.308504672276877168e-01,-9.235099518879695824e-01
-6.630534733924857704e-01,-7.653123348592110187e-01,-8.493156789573428345e-01
-9.479176120017216434e-01,-9.530615498856402912e-01,-9.877246591034887224e-01
-6.649069900650929066e-01,-9.569349993520102071e-01,-8.705647159428921977e-01
-4.445706611391092578e-01,-9.416469097008629552e-01,-9.398111431297024865e-01
-7.943147390541983599e-01,-9.769031115124247044e-01,-9.421089752614545398e-01
-9.412163806832640756e-01,-9.229340682649483929e-01,-9.146700560954312831e-01
-9.660664150756718138e-01,-8.865417100978252307e-01,-8.109417534817647821e-01
-8.610414955510752311e-01,-8.888049706078522405e-01,-8.219749433086614987e-01
-8.065171615248797332e-01,-9.207540891815997330e-01,-8.510695628104991695e-01
-8.232081622305754687e-01,-9.522411655882587755e-01,-8.584300751240123706e-01
-7.017405313777641540e-01,-9.625757294839222267e-01,-8.552534599202967769e-01
-6.070826704588463407e-01,-9.708536899426699618e-01,-9.141291442213357321e-01
-5.779469641969309235e-01,-9.575467139984747966e-01,-9.525802918402214159e-01
-6.584544782002783592e-01,-9.508509152753790161e-01,-8.695838817764012241e-01
-6.065862505848230724e-01,-9.395193151626369810e-01,-9.557082434647202751e-01
-9.222854308516929001e-01,-9.619051861178014029e-01,-9.095190915772535245e-01
-7.875265347283267880e-01,-9.690402373805966363e-01,-8.732933416931246695e-01
-8.310012401407714799e-01,-9.924321346042167535e-01,-9.589269318234452388e-01
-5.327587501758881405e-01,-9.570793675155611080e-01,-8.712842893061713001e-01
-6.791498693446599288e-01,-9.705208339525187577e-01,-7.874567907372004294e-01
-9.247326810339150382e-01,-9.453778417941871570e-01,-9.912195716991921701e-01
-4.400280646407467855e-01,-9.470605258800247617e-01,-8.980830012213039115e-01
-3.859974689104901380e-01,-9.209121176877561599e-01,-9.183340071293618623e-01
-7.668014388816671856e-01,-9.860731882982292085e-01,-9.106180964641096276e-01
-5.935818799513220556e-01,-9.440170854277645240e-01,-9.067747322343033822e-01
-4.560646090987197643e-01,-9.683428003540310858e-01,-8.529963535055880008e-01
-6.484204497175266591e-01,-9.082715893289121656e-01,-9.717331821153004645e-01
-6.729506487355000344e-01,-9.988477241429023490e-01,-9.884148933915914981e-01
-8.825411572937997828e-01,-9.537929936649930385e-01,-9.238427031472797868e-01
-5.882311521136166510e-01,-9.861685223125435940e-01,-9.721273112110775383e-01
-8.079422270328298072e-01,-9.503101113362980579e-01,-9.868268912251496605e-01
-7.855252486460579942e-01,-8.796030678106483425e-01,-8.249882398338117540e-01
-9.465065970904567028e-01,-9.547691991574243087e-01,-9.372323744756950736e-01
-7.818649996837772065e-01,-9.622734471369867038e-01,-8.897534000971794033e-01
-6.467293038752898182e-01,-9.886706311368995692e-01,-9.144125142383976446e-01
-7.912694142078043891e-01,-9.475724870802555433e-01,-8.980872276681545197e-01
-9.290431171702757673e-01,-9.716745494219271029e-01,-9.268288684173990877e-01
-5.866057080997513218e-01,-9.511824256857100979e-01,-8.774923505910130483e-01
-8.327923165711604847e-01,-9.957301932222704099e-01,-8.133648403063735710e-01
-9.268581832803417520e-01,-9.483433368019162923e-01,-8.354568459973162886e-01
-6.968885026867055466e-01,-9.893184399479291180e-01,-7.201714001497244722e-01
-7.452705379543281827e-01,-9.717958914209509080e-01,-9.934667233437243228e-01
-7.348623460689696074e-01,-9.355914498407382762e-01,-9.639817214936300394e-01
-6.772037121082148392e-01,-9.043419251785247415e-01,-9.214832179564526049e-01
-8.024384254129358629e-01,-9.957451503331535836e-01,-8.475843889579692814e-01
-8.537660150332986309e-01,-9.206311965814198972e-01,-9.209347502655982343e-01
-7.171290263445980750e-01,-8.762999863279259394e-01,-8.771995217180137416e-01
-7.805476719109013528e-01,-8.763627398102844523e-01,-8.708542300984813966e-01
-7.194748815491784910e-01,-9.667368713869948227e-01,-8.759787245434573766e-01
-9.296579072370946273e-01,-9.348612538474436739e-01,-9.557002542365585773e-01
-8.879442907515437966e-01,-8.828461498330583135e-01,-9.580328684384130655e-01
-7.425978241524242573e-01,-9.707238605380977825e-01,-9.401839516060517266e-01
-5.264608573449588436e-01,-8.531440517851549554e-01,-9.077066284725023859e-01
-9.362368292213683052e-01,-7.921236451060759132e-01,-9.790802722029013916e-01
-6.770715329716767705e-01,-9.877816457503324488e-01,-8.713365888704545092e-01
-8.454358130656280945e-01,-9.636678751668398268e-01,-9.257131478042515127e-01
-7.206772611411927931e-01,-9.837834652447635664e-01,-8.916307456443187673e-01
-8.094993450480741926e-01,-9.585580963302188229e-01,-9.596435728450029012e-01
-9.625613876389477186e-01,-9.228715112027745526e-01,-9.024001737551539115e-01
-5.244195913571402246e-01,-9.362504014272865493e-01,-9.710108702226111221e-01
-9.038726565394451518e-01,-9.590034938577528534e-01,-9.567259454788077377e-01
-7.607530048298170033e-01,-9.648840591709928471e-01,-9.129322812257277819e-01
-7.538320296574664292e-01,-9.659267116824589161e-01,-8.815964285570655479e-01
-6.119532186757559167e-01,-9.637143781255270714e-01,-9.425743790291736257e-01
-8.724511169168633895e-01,-9.795162677618581837e-01,-9.794501547769010052e-01
-8.700529952953378610e-01,-9.894210227723448936e-01,-9.151679316011021026e-01
-8.913889298489061641e-01,-9.606943398641494269e-01,-8.667292788677120052e-01
-8.630583570140230032e-01,-9.937928321958754418e-01,-7.506213134848048751e-01
-9.200655116701137448e-01,-8.931244255308440350e-01,-8.014096486291746313e-01
-8.424052064263549688e-01,-9.147776220898239385e-01,-8.996562651848899472e-01
-6.502113207749610213e-01,-9.752842099955012500e-01,-9.674392788746711824e-01
-9.567894880583305284e-01,-9.190794505515225143e-01,-9.015910592518081579e-01
-5.139189473576327716e-01,-9.466813499910443630e-01,-8.208003335848911286e-01
-6.869679437541528211e-01,-9.027683078772152925e-01,-9.375447746520232384e-01
-9.310868838296990635e-01,-9.085468584138843839e-01,-9.294225633986403778e-01
-7.123361935728427241e-01,-9.482149425569720291e-01,-8.553352625526672304e-01
-4.383812708612831455e-01,-9.829284987968470721e-01,-9.811439207425088904e-01
-5.935369190624031344e-01,-9.396694176650440822e-01,-9.287626350680654452e-01
-7.427007711291153669e-01,-9.822997252817333713e-01,-9.548933187971599956e-01
-6.999510212271202736e-01,-9.607520852496268526e-01,-9.227123120301740089e-01
-9.657221272556374414e-01,-9.851459955341037578e-01,-8.083060642137553931e-01
-8.091596898483672806e-01,-9.592941413503888182e-01,-8.927452142335811081e-01
-5.617681547378139406e-01,-9.788146118287580633e-01,-9.583657611817711919e-01
-9.413963769323704378e-01,-9.411101454450911952e-01,-9.511390355430081600e-01
-8.844241100508183351e-01,-9.167788136510595098e-01,-9.822631934119856467e-01
-7.283364105882517148e-01,-9.002162466008521990e-01,-9.001556616749194495e-01
-5.481656890230899304e-01,-9.263478736594560337e-01,-8.993252048073536731e-01
-8.009145231271554977e-01,-9.734752419132839396e-01,-9.359493648363392815e-01
-8.726724481916808829e-01,-9.403836078851726121e-01,-9.229590205899320665e-01
-6.145866869750633565e-01,-9.990887924400013720e-01,-8.734750176429373347e-01
-4.418463054285678981e-01,-9.732435258463040251e-01,-8.976514218309066262e-01
-4.872705403922611977e-01,-9.324309737821331323e-01,-8.623311399421665913e-01
-7.843305233487073425e-01,-9.487513385773883590e-01,-9.947001605929854939e-01
-6.969306970671343970e-01,-9.227249692721261054e-01,-8.915771195312898190e-01
-7.635784928628328583e-01,-9.635325223835766728e-01,-9.385315411308035038e-01
-7.457713474824694266e-01,-9.277954969103704430e-01,-8.704319278940277904e-01
-6.408090653369740153e-01,-9.621662418281291540e-01,-8.772224366586498512e-01
-7.622846249566274102e-01,-9.272170199153716430e-01,-9.276463036735769219e-01
-8.784161626176086868e-01,-9.186894492445139004e-01,-9.741875935858661517e-01
-8.894514221565953394e-01,-9.782641752514315003e-01,-8.910588512555465135e-01
-7.379206430391390681e-01,-9.506321050254001870e-01,-8.616697726535501589e-01
-6.821503953354161043e-01,-9.268109325643042462e-01,-9.219261983086535217e-01
-9.192970074990617357e-01,-9.416723771915045393e-01,-8.935116676423685567e-01
-8.932688256304921470e-01,-9.102124447276375152e-01,-8.762384289162206130e-01
-8.444806023696479480e-01,-8.304362579161992386e-01,-9.347932489737562634e-01
-7.862800127621265567e-01,-9.626088038342534015e-01,-8.257725637984194567e-01
-9.063707673355470007e-01,-9.055381443231934613e-01,-9.017916678935042896e-01
-7.915945480148307567e-01,-9.639591420947302147e-01,-9.739769641396236466e-01
-4.688645224702625014e-01,-9.688166003359506284e-01,-8.849080927160497545e-01
-6.283609700495076389e-01,-8.667167188332494110e-01,-9.059410750341397867e-01
-4.401726141233917033e-01,-9.440118703718082260e-01,-8.875860686705836500e-01
-8.486694883687427859e-01,-9.249398783856723760e-01,-9.903119159928046589e-01
-9.155958602590743567e-01,-9.561762682635646105e-01,-9.235426570135630842e-01
-8.735400231169886398e-01,-9.510340793919647151e-01,-7.576581554244091743e-01
-6.228258512657791623e-01,-9.485207175187386763e-01,-9.944330257061290146e-01
-7.774856539089352037e-01,-8.994544215627739980e-01,-8.300162197386730112e-01
-8.356902616187021904e-01,-8.956903417757486885e-01,-8.635898059333495524e-01
-6.824917566393386981e-01,-9.644468442449762868e-01,-9.177366368593508072e-01
-6.377768091754191238e-01,-9.544532159553328343e-01,-8.955590672705943112e-01
-9.585843626004950657e-01,-9.998592592929087530e-01,-9.067140898050984887e-01
-6.620685652137140442e-01,-9.861097462245157486e-01,-9.450601208711589818e-01
-9.451750173995048243e-01,-9.198660555804476502e-01,-8.844403935269374850e-01
-7.149512710371330737e-01,-9.527699667678054540e-01,-8.674526070703120206e-01
-8.167755106778953333e-01,-9.972574931455607805e-01,-8.561597973794938810e-01
-7.818828961596285820e-01,-9.102802146700482711e-01,-7.084948051908327438e-01
-7.880866749139645577e-01,-9.803950281681387269e-01,-8.640589537689924438e-01
-7.015334024504954469e-01,-8.641401714346188534e-01,-9.760831519084066654e-01
-7.762976902938937274e-01,-9.623877914586362881e-01,-8.747660991868283498e-01
-8.094669551364980231e-01,-9.871699034857041033e-01,-9.776924433114030366e-01
-8.779445928154128165e-01,-8.291442498452417098e-01,-9.851299146809867624e-01
-6.837547223718003497e-01,-9.873440637616361926e-01,-8.629598646782135063e-01
-3.999541900233785641e-01,-9.541603774804661153e-01,-8.866126296141946250e-01
-7.231727072415591318e-01,-9.828200080647684356e-01,-9.076179622066429253e-01
-7.490202453574857921e-01,-9.940070681167475497e-01,-9.874464727153520194e-01
-7.299673541479698713e-01,-9.040725105536185913e-01,-8.408227879408620709e-01
-5.983882160708464681e-01,-9.414334625907724297e-01,-8.608651297612657238e-01
-9.914353366317056881e-01,-9.974110339723222252e-01,-8.125692096388185126e-01
-6.000991887920821277e-01,-9.861033844819703242e-01,-8.279334407212760594e-01
-9.545924181877147863e-01,-9.547896685368959524e-01,-8.965692682225758769e-01
-8.826726171456311665e-01,-9.534889161430489812e-01,-8.796051656120281725e-01
-8.573359153299399127e-01,-9.977576002276845601e-01,-9.840456365210175083e-01
-8.396752219812800844e-01,-8.743582665661744358e-01,-8.697492181904515895e-01
-8.658782241387537049e-01,-9.198660555804476502e-01,-8.944802513943983513e-01
-9.087346673541415454e-01,-9.543872927600036693e-01,-9.065388733680128652e-01
-5.419050444996661442e-01,-9.992154157880073218e-01,-9.329432448358321306e-01
-8.761724815918524589e-01,-9.201147437280048358e-01,-9.155125160903502257e-01
-6.549777441782922427e-01,-9.577377191316593930e-01,-8.760812410807594652e-01
-8.255339103654911748e-01,-9.956693702039356442e-01,-9.759953317728834454e-01
-9.087753290065646583e-01,-9.481539376087829707e-01,-9.268109325643042462e-01
-5.282038622971557684e-01,-9.166207064558361539e-01,-9.283694473844958939e-01
-9.533704694449789407e-01,-9.853487350536784817e-01,-9.487303833245223084e-01
-8.105587442906677653e-01,-9.458064427417360864e-01,-9.192146096403803757e-01
-9.599930757201401432e-01,-9.968963590497420535e-01,-9.579428991123212223e-01
-9.116633057047758282e-01,-9.939905138237098425e-01,-8.466663056239315255e-01
-9.217387786377554404e-01,-9.150639382762368879e-01,-8.759412659448732041e-01
-7.973891816593660087e-01,-9.584905693358626300e-01,-9.580156321641856154e-01
-7.441394278610297119e-01,-9.528993181956260106e-01,-9.363315531504358136e-01
-6.626671376279990033e-01,-9.350362040958091203e-01,-8.899096106912841586e-01
-5.107705255392129828e-01,-9.964768540046951006e-01,-8.768464396884689815e-01
-5.929689450393278438e-01,-9.598840591265471733e-01,-9.868464345366493307e-01
-9.175476511561611037e-01,-8.697741310034539097e-01,-9.487513385773883590e-01
-3.636585477848908177e-01,-9.212296043160046466e-01,-9.354197336267372487e-01
-7.974472019692310232e-01,-9.454258834440467663e-01,-9.011598049907881824e-01
-5.911295061369958859e-01,-9.924930176484521027e-01,-9.802456778413849436e-01
-7.974695988857644080e-01,-9.656935527869910940e-01,-9.132538494949256069e-01
-6.643484481042344347e-01,-9.705558680649285508e-01,-9.766638240824122574e-01
-8.859220950727964006e-01,-8.670516049316832063e-01,-8.755753189046950880e-01
-4.950320215494442011e-01,-7.963923037828191109e-01,-9.316360544981824310e-01
-8.671310217326512193e-01,-9.562253397287245882e-01,-9.359786230752811242e-01
-8.625981574638902361e-01,-9.201778018359425548e-01,-8.296154785424274536e-01
-8.589947467163867589e-01,-9.943489354232252220e-01,-8.213029238164181178e-01
-4.754272983434142397e-01,-9.070627052948906366e-01,-8.473591431086842096e-01
-6.409995582856067298e-01,-8.821981952691488882e-01,-9.449937877215583981e-01
-6.377133808115941216e-01,-9.603397726266313938e-01,-9.710205903207822509e-01
-7.616113751416209166e-01,-9.277951142648863669e-01,-9.446619907879446609e-01
-8.015566171364106873e-01,-9.884549166812427456e-01,-8.557925763221330140e-01
-5.545624757508647029e-01,-9.812915281195170314e-01,-8.453922294194357034e-01
-7.564056729384791566e-01,-8.688854908803145261e-01,-8.014375820114520987e-01
-7.628678683146662420e-01,-9.410003590102358206e-01,-7.763115081862762556e-01
-9.822796992575409947e-01,-9.308788873180283696e-01,-9.513003736027457746e-01
-6.659994595506441017e-01,-9.132294265884368656e-01,-8.570906497341018726e-01
-8.192345934316321854e-01,-8.791508539555152879e-01,-9.151323447559136515e-01
-9.288045476088336860e-01,-9.809913566866084178e-01,-8.603449243825362913e-01
-6.527537427030738471e-01,-9.300723573001832278e-01,-9.049386966699149992e-01
-8.475182338639606350e-01,-9.534688865854541451e-01,-8.781421131657191070e-01
-7.759661169912573930e-01,-9.411163624150682416e-01,-8.759251465121846714e-01
-6.140448707619565738e-01,-9.979282944123665233e-01,-9.408587722639569773e-01
-7.514113726258194736e-01,-9.676232007872348495e-01,-9.225250728651452903e-01
-6.295359792547736699e-01,-9.615689064357915150e-01,-9.927209467486091121e-01
-6.407590359852046724e-01,-9.748664736650421991e-01,-9.491944497036790551e-01
-8.454791366193854518e-01,-9.256053030769028078e-01,-9.646200888436992082e-01
-9.303046523217046726e-01,-9.808480468385888384e-01,-9.796566017650328861e-01
-7.442316861464636224e-01,-9.240342655800999339e-01,-9.976944006547676658e-01
-9.533476077775216995e-01,-9.608579939478683052e-01,-8.788106855134785178e-01
-7.879383155419681373e-01,-9.541132054973900933e-01,-9.169139337035429049e-01
-9.282434783908001252e-01,-9.460731393576520265e-01,-9.388286646344607966e-01
-7.058597569102106339e-01,-9.557926209672725770e-01,-9.008264831349912516e-01
-4.566378043273708331e-01,-9.124237170191815682e-01,-8.162464518799352753e-01
-7.159807072950493678e-01,-9.041727137090872501e-01,-8.569397494012400696e-01
-5.661092908048446226e-01,-9.474640672480690862e-01,-9.208130503205440576e-01
-7.807336372626889620e-01,-9.126524909002757813e-01,-9.717705857102935108e-01
-8.106995111785217922e-01,-8.631541814910617116e-01,-8.932898506282055395e-01
-7.350500954720992075e-01,-9.695931994245690078e-01,-8.774317303359525644e-01
-5.761342681226969686e-01,-9.898871580648567203e-01,-9.051268395687203094e-01
-8.953537156519643103e-01,-9.318390507599546568e-01,-9.134244871163230695e-01
-6.547036900335504450e-01,-9.744419957814206557e-01,-8.754132931328928446e-01
-7.226112694978065187e-01,-9.706162008297609667e-01,-9.395124870143939377e-01
-8.261095517174376068e-01,-9.988294269313642282e-01,-9.717412575357753379e-01
-5.803627163942193246e-01,-8.606548697073437282e-01,-8.166105852301819290e-01
-8.219270020227662510e-01,-9.400211387093240223e-01,-8.815945140935097513e-01
-7.818637139137318837e-01,-9.822997252817333713e-01,-9.121345127613895709e-01
-7.778529792359119011e-01,-9.472600781992807084e-01,-8.547582717374704320e-01
-7.057236875355440420e-01,-9.312558118898812687e-01,-9.552395662133381649e-01
-4.209376526541016572e-01,-8.798647177110465734e-01,-9.856603669692117764e-01
-8.019517624652368060e-01,-9.462574434924712063e-01,-7.903787727669714380e-01
-7.837031238502394359e-01,-9.843265109770523713e-01,-8.798285398134844115e-01
-7.171895169456793395e-01,-9.260469673457805140e-01,-8.576591253662606551e-01
-7.685689560909068074e-01,-8.430176162035774023e-01,-9.300234626610172084e-01
-7.412568068501370622e-01,-8.464094041190272089e-01,-9.588726893823696917e-01
-7.909401563590499062e-01,-9.548929383193597298e-01,-9.296866666463647899e-01
-7.696689739450938150e-01,-8.802180470341900431e-01,-9.723355092916717846e-01
-6.786873327736497874e-01,-8.491402351084225142e-01,-8.627436482599242229e-01
-8.339466564107984592e-01,-8.686586171688313041e-01,-9.775487390729846737e-01
-8.859006704398021403e-01,-9.593963371128392259e-01,-9.223454956518171155e-01
-5.472652468961760608e-01,-9.562658428174298786e-01,-8.192748804042851996e-01
-6.357875646280324311e-01,-9.532486651009626222e-01,-8.827703217112303768e-01
-8.298962662733340157e-01,-9.201385031205355780e-01,-9.376686752778414791e-01
-7.403768264232796215e-01,-9.213700772942556849e-01,-9.219490716766522986e-01
-8.008087126550658130e-01,-8.900689230573638477e-01,-8.890364697948380801e-01
-5.869889827524745751e-01,-8.774923505910130483e-01,-9.925338755418768866e-01
-6.100282493075482870e-01,-9.804265220962571359e-01,-9.432764284880615913e-01
-8.290789514097922641e-01,-9.519808651352219542e-01,-9.800481628024267922e-01
-8.929634740678173976e-01,-9.699823002060582455e-01,-8.992135761783930370e-01
-8.331906854122999029e-01,-9.811439207425088904e-01,-8.144074335557019984e-01
-3.466259501852214653e-01,-9.633978799703359908e-01,-9.331103450855537940e-01
-5.378506312676130108e-01,-8.103332226777695269e-01,-8.463459394794505819e-01
-9.188725320059503154e-01,-9.788287461789169086e-01,-8.958615782612386891e-01
-8.132615882096765336e-01,-8.606894309734538506e-01,-9.060040127064019622e-01
-9.550501234695283337e-01,-9.774502814291999853e-01,-9.840132421927351158e-01
-9.258066379720625294e-01,-9.430283570982905816e-01,-8.510657862384145567e-01
-8.373390074050667264e-01,-9.900781166825136648e-01,-9.164634307691785775e-01
-8.416749663970446438e-01,-9.448647694347462878e-01,-8.278662057947296926e-01
-8.349710693471782408e-01,-9.753897418545404152e-01,-9.125289674507121029e-01
-3.571073554841999731e-01,-9.879875045137669343e-01,-9.219604951745306032e-01
-8.757194848292260136e-01,-9.534997498311338360e-01,-9.826213395878992118e-01
-9.518709084574388246e-01,-9.768495698401272742e-01,-8.348253152367539620e-01
-8.585977732396762319e-01,-9.989856352663446515e-01,-8.803407134383571808e-01
-9.729748938132443126e-01,-8.120937496989454329e-01,-9.538670323982806343e-01
-6.826573893233198742e-01,-9.203714694183900979e-01,-9.041856305479178957e-01
-5.655540347248919630e-01,-9.967249549819251486e-01,-9.299012223047854464e-01
-8.522593635518457278e-01,-9.807762043667664908e-01,-7.989966907421451880e-01
-6.941340867463896558e-01,-8.700293410801014371e-01,-7.491639539802235070e-01
-7.248840929939166511e-01,-9.751463801854595159e-01,-8.840403631954247832e-01
-8.925375749522284075e-01,-9.696676109102507768e-01,-8.041475746387551915e-01
-6.367638150690738685e-01,-9.818048229322601239e-01,-8.717880574419779593e-01
-4.261365417266418931e-01,-9.082349959960804853e-01,-8.535601040181994836e-01
-9.407704576738611379e-01,-9.821761550645252692e-01,-9.657747624698327371e-01
-9.672563104414164670e-01,-9.848803027686053868e-01,-8.637548917618650401e-01
-9.090713290853293937e-01,-9.805584689455327796e-01,-9.108938670705225560e-01
-8.302133936973867812e-01,-9.469229311781328651e-01,-8.224205984399498570e-01
-8.489660966536854980e-01,-9.625323273027176496e-01,-8.688129277044707166e-01
-6.446766848104671377e-01,-9.045024718780754203e-01,-7.883735571000598519e-01
-7.972517553086253539e-01,-9.743200212429137252e-01,-8.216374995914526025e-01
-9.617835219624104592e-01,-9.798387718125706192e-01,-8.208691951033650902e-01
-6.025939265665408717e-01,-9.494602191315566486e-01,-9.072400185774540660e-01
-9.302179978725887421e-01,-9.327583564417167850e-01,-9.905719274135448282e-01
-8.557733906210159835e-01,-8.482120152198494578e-01,-8.379009545648888890e-01
-7.161150689057137475e-01,-9.800419387422963924e-01,-9.112578245531632870e-01
-8.062656413266671152e-01,-9.631160093251747156e-01,-9.108341265394821473e-01
-9.408969354314820066e-01,-8.784296930090429445e-01,-9.680958791404071784e-01
-8.654275524762942151e-01,-8.242809552283568708e-01,-9.489532082933316293e-01
-3.525164930881396486e-01,-9.903702678784486180e-01,-9.089715845729540167e-01
-7.407201047181413145e-01,-9.813890648780120296e-01,-9.869119101633540003e-01
-4.067333279248707689e-01,-9.492777650812560530e-01,-8.500017078339452414e-01
-8.377525977261468526e-01,-9.953437011299760551e-01,-7.511458111443587438e-01
-8.114991992190254688e-01,-9.717705857102935108e-01,-8.809842177133586638e-01
-8.326902224378617268e-01,-9.589227931422845685e-01,-9.189045180724668693e-01
-7.424572546946908158e-01,-9.754846211565881831e-01,-8.825228761066074012e-01
-9.432014144813630763e-01,-8.660338145015388234e-01,-9.730059823823231646e-01
-6.416304994510114712e-01,-9.365032144731635366e-01,-9.949979777675539427e-01
-4.671846402126850206e-01,-8.973627847351601794e-01,-9.690672827882038654e-01
-6.469723854429852983e-01,-9.922143836227764746e-01,-9.155388302306913806e-01
-8.343785528519527261e-01,-8.852721202862097183e-01,-9.935090291260595396e-01
-8.099937826688196063e-01,-9.691190080767793091e-01,-9.750170964356987824e-01
-8.412565258428760240e-01,-9.898289285022460193e-01,-8.454612377408650126e-01
-6.511151360781537445e-01,-9.494305914613428987e-01,-9.950080738507250944e-01
-6.717651428037002548e-01,-8.781818128911887955e-01,-9.601568356929408576e-01
-7.195919823021333928e-01,-9.892304692814438694e-01,-8.889535357139819460e-01
-5.607496968773975077e-01,-9.911871989665111959e-01,-9.141767764610100322e-01
-5.877844865867352109e-01,-9.045048411340401717e-01,-9.268530479479510920e-01
-7.259402571711305319e-01,-8.643377654886943429e-01,-9.830136205050741260e-01
-7.196249801069105612e-01,-9.463426724519488076e-01,-7.323908313586244834e-01
-4.231579753553821321e-01,-9.077072648836661539e-01,-9.747418905320655025e-01
-7.642291068142940125e-01,-8.960223557524875648e-01,-9.954796692083517362e-01
-8.994812651553640848e-01,-9.498175264975435850e-01,-9.100720130106587646e-01
-8.456843737806466477e-01,-9.424790931443643993e-01,-9.359148453238455012e-01
-9.748348847549406226e-01,-9.168718748565682919e-01,-9.094668199653411778e-01
-9.150157087107195775e-01,-9.716629248240404859e-01,-8.138904503134106738e-01
-9.239224607693885538e-01,-9.270580094018305850e-01,-8.563034124064238251e-01
-7.037191118664470890e-01,-9.008307160304946937e-01,-9.677545998051695353e-01
-9.378429160351252625e-01,-8.204245349937753229e-01,-9.293927723780035510e-01
-8.273538746454615067e-01,-9.060874636025565421e-01,-9.675230552855368371e-01
-8.750860295566174063e-01,-9.884622971360402799e-01,-9.486271270126420685e-01
-5.915382651245287837e-01,-9.089822277571937281e-01,-9.542149627571643311e-01
-7.479565800062196734e-01,-8.392067201703647950e-01,-9.666471410717784041e-01
-8.554783599158828356e-01,-9.613172686747982754e-01,-7.954839108977194151e-01
-7.127055753190927323e-01,-9.149221299976950661e-01,-9.105910299169708289e-01
-5.972552262197806661e-01,-9.525281397244578230e-01,-7.991760971787132961e-01
-6.486086429816239063e-01,-9.901532363372720358e-01,-9.663908554425784114e-01
-9.705488330884778359e-01,-9.365829862668665351e-01,-8.735670883457160585e-01
-8.523494478017050735e-01,-9.172589945030976688e-01,-8.966290363259955543e-01
-6.892822880774933658e-01,-8.871463491228193110e-01,-9.473775444093089915e-01
-6.186774265926164862e-01,-9.276298255063709641e-01,-9.268595289081051902e-01
-5.725832825165599882e-01,-9.148263479917948526e-01,-8.389207766400740285e-01
-6.025021737804896471e-01,-9.894659094205127126e-01,-8.405862613234063030e-01
-8.326701621725660640e-01,-8.768791715950805532e-01,-8.784645185927023592e-01
-5.840695881887746355e-01,-8.987925074223819255e-01,-7.893809891720320326e-01
-8.229839688338339565e-01,-9.666294092045407682e-01,-9.813982277488112471e-01
-9.502303617296395943e-01,-9.774728035351180067e-01,-8.795924781021384753e-01
-6.800763955068622746e-01,-9.839705548486786801e-01,-8.977954268076712152e-01
-7.387037057815222241e-01,-9.926282765058908053e-01,-9.981050712467248731e-01
-4.901328152412058881e-01,-9.354001632652312326e-01,-7.979290711942780279e-01
-9.745957428866409700e-01,-9.438226408909988763e-01,-8.584300751240123706e-01
-8.945370629064266499e-01,-9.536601248809309928e-01,-8.683249996885407107e-01
-7.714609896141285672e-01,-9.224537338333528291e-01,-8.609608207813596037e-01
-5.581032004888641929e-01,-9.708472984421639973e-01,-9.386715150832577459e-01
-8.956273540171064695e-01,-9.894902650224127738e-01,-8.724908238048032505e-01
-9.245722148874337964e-01,-9.892831193007760593e-01,-8.339183676166356252e-01
-9.401506503845380447e-01,-8.400970477817666371e-01,-8.980872276681545197e-01
-5.774921691167256288e-01,-8.626497003537982877e-01,-8.177427324569328526e-01
-7.618445466604251148e-01,-9.304618195593141738e-01,-9.787633326158798885e-01
-9.104116027192159510e-01,-9.460891965126666525e-01,-9.300312867121356408e-01
-6.821105513090601757e-01,-9.856305501825557425e-01,-9.173426475572126204e-01
-8.797402861289387310e-01,-9.269952713310928294e-01,-8.991367721827775439e-01
-3.680523634832110758e-01,-9.943594963105303330e-01,-9.686832635810325165e-01
-6.850129529017665586e-01,-9.462047832824482807e-01,-8.666501454184409869e-01
-7.931426192364467997e-01,-8.392242501168287738e-01,-8.359708657829416634e-01
-9.273842595137056222e-01,-8.538068888065522000e-01,-8.734380679505606704e-01
-3.462043156101554109e-01,-9.326705893236340028e-01,-8.705102280783080237e-01
-6.040978738761692002e-01,-8.657658759523285674e-01,-9.042587979282667998e-01
-7.188831930256719405e-01,-9.430191929681004392e-01,-8.745408144360902192e-01
-7.039678357452489044e-01,-9.441788274826234950e-01,-8.841339231076242866e-01
-6.213842525043733467e-01,-9.749177954429570914e-01,-9.244213812168013966e-01
-8.840963505835480740e-01,-9.137341045347663337e-01,-7.989932388862761581e-01
-7.317956666752677419e-01,-9.650914814241939865e-01,-7.953042066502247209e-01
-7.544894933783448110e-01,-9.207857112675932321e-01,-7.653005192370598841e-01
-6.446353513784628397e-01,-9.507134501178676755e-01,-8.472145354307669685e-01
-6.101726418982372779e-01,-9.417182741605523155e-01,-8.588789532723041242e-01
-9.910850107729716196e-01,-9.062739017816459075e-01,-9.398674579867821732e-01
-4.342754900872861090e-01,-9.574632778679422751e-01,-8.615321710567684921e-01
-9.139186550610722826e-01,-9.919416460659741253e-01,-9.653910892244261799e-01
-8.395197184188759598e-01,-9.950814569916922592e-01,-9.452698653815386765e-01
-6.921081332051109980e-01,-8.866855631423705697e-01,-7.233216220975924315e-01
-5.069103866601500918e-01,-9.756917082415748066e-01,-9.259506278551346004e-01
-8.443839475978951459e-01,-9.312558118898812687e-01,-9.015524677475010851e-01
-8.791698317395001405e-01,-9.564091274446400170e-01,-8.843567378197508821e-01
-7.041763665072591216e-01,-8.894782018682833025e-01,-9.994817378676797981e-01
-8.341699101613032630e-01,-9.606843040521532151e-01,-9.606425082460582354e-01
-6.393164749851523165e-01,-9.920979256903001975e-01,-9.177502553314167422e-01
-9.604708244822339758e-01,-9.659402032898325441e-01,-9.661409260474410621e-01
-6.572415247286917950e-01,-8.823651897718005621e-01,-9.821411394916417237e-01
-8.315633743483005214e-01,-8.982834597851595548e-01,-8.427451012862849922e-01
-7.434082649683584343e-01,-9.507343789694342462e-01,-9.833141717889405387e-01
-3.817874313432482181e-01,-9.184295734635712360e-01,-8.944802513943983513e-01
-9.377680527933462962e-01,-9.228200343547557916e-01,-9.345858518917086188e-01
-8.864327762778674291e-01,-9.809330890210264942e-01,-8.391101019922846405e-01
-7.355008425343577683e-01,-8.752520721743544119e-01,-8.197210246659797361e-01
-7.354761483446459192e-01,-9.839143104487977354e-01,-9.924260077729789575e-01
-6.555801102998710661e-01,-9.550836003609046720e-01,-8.947490263345254657e-01
-7.381107620290734417e-01,-9.754990820373572458e-01,-7.672918073331411737e-01
-7.665672059757693280e-01,-9.994830729562542704e-01,-9.564978026408959000e-01
-6.666791621731705808e-01,-9.415802895506049097e-01,-9.014418412808221648e-01
-6.875245764275123017e-01,-9.127470540086008999e-01,-8.260710886336020131e-01
-9.631970123623340152e-01,-9.036812694954911018e-01,-8.748179778736773216e-01
-9.393786694284790295e-01,-9.938695939789498057e-01,-9.690264930235974461e-01
-4.820276854630338170e-01,-8.273313172488842016e-01,-9.005333669444739453e-01
-5.916477316355341909e-01,-9.540662171474875164e-01,-9.330266420183751519e-01
-8.233268236228187265e-01,-8.374683013584964808e-01,-9.744706545300064748e-01
-9.083237469772728057e-01,-9.351371083030587394e-01,-9.450871975978066830e-01
-7.951705769807243529e-01,-8.739944159962820258e-01,-8.146292218763957482e-01
-2.606639184638744333e-01,-9.305604412876596898e-01,-9.071481354838132338e-01
-6.350043900702672106e-01,-9.339805512496127671e-01,-8.030173081711625693e-01
-7.637674007756303229e-01,-9.360328687019442429e-01,-7.869657264343925540e-01
-5.759901834213210225e-01,-8.795618271697557278e-01,-9.689793949443941123e-01
-9.445913297324967095e-01,-9.036882737690900003e-01,-8.407727657259879139e-01
-7.198523259073275060e-01,-8.496366426631998259e-01,-8.376654866061546967e-01
-8.194972964618868483e-01,-8.987258591095171889e-01,-9.687478144735972574e-01
-7.774197510311047221e-01,-9.972896047415311660e-01,-9.515098317832864083e-01
-8.031400817292979610e-01,-9.147109276185307891e-01,-9.100747960582757923e-01
-5.945817787208510508e-01,-9.803950281681387269e-01,-8.742514276909048032e-01
-8.128669251375002514e-01,-9.729326998896706824e-01,-8.285087628105994861e-01
-6.109318665807063065e-01,-9.956617976642597734e-01,-8.301875039141186630e-01
-6.960360953680319041e-01,-9.765630949462643651e-01,-9.488898409573358617e-01
-8.633991741266709985e-01,-9.340066701267947247e-01,-9.284267770928429364e-01
-9.150298124399581789e-01,-9.587082148075569688e-01,-8.350320525637067171e-01
-6.046312983158987908e-01,-8.919815393659645819e-01,-7.753239502103955738e-01
-8.589210348047713328e-01,-9.314496122821119828e-01,-8.385697310664480542e-01
-9.427898630651398992e-01,-8.971478770857124196e-01,-9.114151630280489247e-01
-9.392846298256918303e-01,-9.486758854450767497e-01,-8.620966433682731855e-01
-8.900305854906203074e-01,-9.917179812145879847e-01,-8.520661465759360453e-01
-5.563542841283645179e-01,-9.339849150914103504e-01,-8.078392027401534170e-01
-8.402543007226913607e-01,-9.883772702814680455e-01,-9.481214335591096054e-01
-6.294872737317075417e-01,-9.670468819723367915e-01,-9.153559671983604318e-01
-7.904495783947749210e-01,-9.288580050880042016e-01,-8.946755885458373969e-01
-7.297404879031372804e-01,-9.438940189624436261e-01,-8.478261466156138404e-01
-8.981509090192731914e-01,-9.526799280287266969e-01,-9.669087301051187966e-01
-9.723428856410888388e-01,-8.227052275961433958e-01,-8.735725007949458609e-01
-8.672718672683086272e-01,-8.236701957154609621e-01,-9.244354340269785864e-01
-9.676155246839354129e-01,-8.912172854843091185e-01,-9.453552889648562108e-01
-7.138084247174693031e-01,-9.705433903733107215e-01,-9.739513725917199327e-01
-6.922762992012571059e-01,-8.100655553835194311e-01,-8.237010273461581322e-01
-8.898117522809805280e-01,-9.465720497844951620e-01,-9.133838135104828115e-01
-5.989138192203461442e-01,-9.140595035492085074e-01,-9.591191909627723167e-01
-6.044039252050994460e-01,-9.575932623009464351e-01,-9.045506515430280503e-01
-8.470004120442323758e-01,-9.818938951914053526e-01,-9.010429111888661469e-01
-8.670222073090061432e-01,-9.223065944838968466e-01,-8.295622429293543210e-01
-8.226641437101416265e-01,-8.719837303850053178e-01,-9.779706132787032713e-01
-9.195524411179564206e-01,-9.606297853507098639e-01,-9.385456610762620278e-01
-5.492165824585754086e-01,-9.240281884885476194e-01,-9.161709455222304399e-01
-9.178387191079068197e-01,-9.705427891322133682e-01,-8.840728562189525963e-01
-9.176904428250097778e-01,-9.906535322155356482e-01,-8.955129296688268958e-01
-9.866849062036844309e-01,-8.592183816401566254e-01,-8.962108843406777492e-01
-6.598548823455412382e-01,-9.570672316979862426e-01,-9.428289578293325146e-01
-7.810685753369130957e-01,-9.488903973946080095e-01,-9.924091035172303288e-01
-8.346813349077207844e-01,-9.412109794762391068e-01,-9.524536749800766033e-01
-5.957487371417581334e-01,-9.625713926048636848e-01,-9.815339008949013344e-01
-8.998110420409775045e-01,-9.831292755793827887e-01,-9.611667219722250799e-01
-6.881641123911211855e-01,-9.619249820529162109e-01,-8.909625217617453963e-01
-7.725019121249202536e-01,-9.982365827465431440e-01,-8.818517853734318956e-01
-7.080359043454553802e-01,-8.605450685731459437e-01,-8.915397217214492409e-01
-8.111026394293197050e-01,-9.577636306141182887e-01,-8.748537386326840082e-01
-4.240686158179456378e-01,-8.673688069296812131e-01,-9.047311351973976734e-01
-9.133010566311791090e-01,-8.576027677770942104e-01,-8.502280219227686953e-01
-4.857169301841464670e-01,-9.742009892578148422e-01,-8.081706868907828634e-01
-7.713560777619558051e-01,-9.241266729402903835e-01,-8.584165835748726048e-01
-8.727919043375372832e-01,-9.768227753893709009e-01,-8.925057184276011801e-01
-8.432761913793015429e-01,-9.464238209628456078e-01,-9.189437719267274929e-01
-7.130003070012345123e-01,-9.734752419132839396e-01,-9.801832760750553986e-01
-6.878825707722340255e-01,-8.766766192870391050e-01,-9.709397002073447691e-01
-9.493791975573594444e-01,-8.628892414532742805e-01,-9.390060752386832910e-01
-4.161150752252499307e-01,-9.545778592043204780e-01,-9.290598550466092620e-01
-6.887694184852919399e-01,-8.619890800767380235e-01,-8.520415456168211055e-01
-9.480779658628687434e-01,-9.146365960940719964e-01,-8.815093505811811836e-01
-4.545982655676096273e-01,-9.823772070801032319e-01,-9.171055395798938248e-01
-5.001951661494078438e-01,-9.258580312714370653e-01,-9.361044892591576794e-01
-8.683341375401310014e-01,-9.949507947631891502e-01,-9.895209991974744934e-01
-7.646483300564678176e-01,-9.838484350584175697e-01,-9.459376161098385083e-01
-8.385627072183127195e-01,-8.784120778392352502e-01,-9.923089512416917168e-01
-8.807822303884588200e-01,-9.298350700758819531e-01,-9.188220884013769130e-01
-9.504914122627087236e-01,-9.882804261118665057e-01,-9.070858833157235956e-01
-7.842183048362704190e-01,-9.534987515280691772e-01,-8.674296963372840619e-01
-5.559045634132758762e-01,-9.605474227938830545e-01,-9.458144236687392459e-01
-6.708750930682084723e-01,-9.505532604961373089e-01,-8.897679401730783644e-01
-5.678586022101849151e-01,-9.777793622843432564e-01,-9.538056391525240318e-01
-5.875772299076730265e-01,-9.255587727307487134e-01,-8.209089037122934140e-01
-4.066044422315559514e-01,-8.623022842491412376e-01,-9.243122239705092724e-01
-6.993582177558409496e-01,-9.992030650794125890e-01,-7.953748747912227079e-01
-5.627671129707552122e-01,-9.617940674944031043e-01,-8.382767740889870423e-01
-5.604620609538647491e-01,-8.656846554993878895e-01,-9.864874191544363846e-01
-7.471502501902128612e-01,-9.094468567818213556e-01,-9.754203673305531508e-01
-7.756007634900290437e-01,-9.352997739706245817e-01,-9.927417205289493785e-01
-8.688052654669893293e-01,-8.543071577835246178e-01,-8.854716098803386837e-01
-5.828801798795870681e-01,-9.024881078332542828e-01,-9.635281825318612325e-01
-7.513852144896752128e-01,-9.883399566623747301e-01,-8.521524349505757989e-01
-7.748000977132568634e-01,-9.288810302916559181e-01,-9.149382404884494058e-01
-6.816746339853284598e-01,-9.922444966213416206e-01,-9.132538494949256069e-01
-8.917535153420408367e-01,-9.123843041589431158e-01,-9.701776083574817910e-01
-9.068736102173075020e-01,-9.924067306991264381e-01,-9.293670847326982454e-01
-9.134066815889997359e-01,-9.502779413632271854e-01,-7.855083471814467977e-01
-7.644454443231004648e-01,-9.067874311297315915e-01,-9.104687973937224399e-01
-8.943702781520878053e-01,-9.448404081981263136e-01,-8.955543546748382377e-01
-6.642284277229529854e-01,-9.174660644064653869e-01,-9.206235700226469421e-01
-7.011655311377290589e-01,-8.783831582326537823e-01,-8.316681334478109866e-01
-8.828351094784994135e-01,-9.321964031142384588e-01,-9.161169246765984431e-01
-8.176279087131779200e-01,-9.773864087367239994e-01,-9.755502959357894577e-01
-7.921002647716207656e-01,-8.920127200407309553e-01,-9.101988192151722057e-01
-7.636440232253188798e-01,-9.472341956303308441e-01,-9.233745857185544637e-01
-9.605871138365987827e-01,-9.149497811859548246e-01,-9.495487776734140573e-01
-5.663859676686170408e-01,-9.645622462659246832e-01,-8.623180880002976334e-01
-6.803309113605120473e-01,-9.161341766392940844e-01,-9.365412082525838011e-01
-7.153591583837427548e-01,-9.643343068691088149e-01,-9.220920987053718987e-01
-7.202308835120118102e-01,-9.168021574080502667e-01,-8.500017565520681107e-01
-7.433043224685347283e-01,-8.958715284410209145e-01,-8.657009005615130537e-01
-8.871222992404431684e-01,-9.200690237431343732e-01,-8.575138913763782345e-01
-4.412333686222870699e-01,-9.609480368692180363e-01,-9.741026194466352317e-01
-7.896378810375964674e-01,-8.962929748905955618e-01,-9.428386825871668542e-01
-7.116477516891179800e-01,-9.635882139801239532e-01,-8.257406011716450500e-01
-5.319953596795110595e-01,-9.210628729502773338e-01,-9.733123026844440195e-01
-9.377349389247843225e-01,-9.817688733380028898e-01,-9.337233676774715496e-01
-4.301898113598677242e-01,-9.464238209628456078e-01,-8.315908733810672970e-01
-8.613011051994242662e-01,-9.326564646193320485e-01,-9.097182617369713453e-01
-8.630731422161599387e-01,-9.782723065088713144e-01,-8.856712606389581799e-01
-9.248492517267874469e-01,-8.830377517579076629e-01,-8.275010698793064945e-01
-6.433529298979238087e-01,-9.634776813347333269e-01,-9.402977499682758644e-01
-7.945304990619522778e-01,-9.673398659985292802e-01,-8.615000369872156671e-01
-8.055865763010731095e-01,-9.499045321567967104e-01,-8.985720073117697826e-01
-8.518627872794737321e-01,-9.303914076784440823e-01,-9.531990831586399926e-01
-5.198468178731020517e-01,-9.401248253820457812e-01,-9.030814475868279567e-01
-9.560176434877335483e-01,-9.755745375188012991e-01,-9.642822939637748503e-01
-4.141221778034855361e-01,-9.216218639718830596e-01,-9.089890301381322590e-01
-7.488516362972637008e-01,-9.835107325459461203e-01,-8.594734329632038872e-01
-3.729175835680051398e-01,-9.941855319275564318e-01,-9.973465184239568293e-01
-9.054648034183918615e-01,-9.068932780877280164e-01,-9.267015586681891515e-01
-7.391648298109532167e-01,-8.667975338438134170e-01,-8.171646173496248666e-01
-8.029576127611209868e-01,-9.830653842227612405e-01,-8.867446864463350842e-01
-4.993101246797705395e-01,-9.921073919530731811e-01,-9.658962961246616574e-01
-6.687170600185685654e-01,-9.893246972527658389e-01,-8.857858272645277031e-01
-6.946251921938692009e-01,-9.276529448644511566e-01,-8.496997997578168427e-01
-3.402768856062801661e-01,-8.945880609264160732e-01,-7.572660018833544671e-01
-6.959641989859002287e-01,-9.250979851840898105e-01,-8.465588206014391659e-01
-7.490220542702086259e-01,-9.453557937903733777e-01,-9.540121545270267012e-01
-5.918072948071946282e-01,-9.121797189347301549e-01,-8.338986811347786077e-01
-8.739297905453033977e-01,-9.999559368285041439e-01,-8.497656165009661589e-01
-6.252520396647361922e-01,-9.437429665242634824e-01,-8.260063316296030189e-01
-9.222463605921040752e-01,-9.415285912089541576e-01,-7.929312320297475791e-01
-6.934587956391905506e-01,-9.861929040201486973e-01,-8.202555104447621925e-01
-7.467234946831050602e-01,-9.843901006531264875e-01,-8.294520222791639252e-01
-7.449622457384257324e-01,-9.745642320203976583e-01,-7.917409565205613120e-01
-9.765995248466419199e-01,-9.126572980265595936e-01,-8.791649900755144076e-01
-7.289127830083842463e-01,-8.600793194821912957e-01,-9.192636291913504065e-01
-7.356685342197278876e-01,-9.658638922007041216e-01,-9.124496387287945875e-01
-7.164450045192214400e-01,-8.780349102006163031e-01,-9.349870670814317553e-01
-8.698601537551612362e-01,-9.314363328470215420e-01,-9.391895089835746724e-01
-8.416163499219802002e-01,-8.637349395703931565e-01,-8.634983105677555004e-01
-7.841153042826189967e-01,-9.882083566817259079e-01,-9.833807264513038104e-01
-8.200599739876911487e-01,-9.877429808495248320e-01,-8.425606794514928222e-01
-8.368368304055054940e-01,-9.458600244133974488e-01,-8.487571083146216999e-01
-6.618540965986312585e-01,-9.887009977247219750e-01,-9.843189192399518506e-01
-9.156265812456904074e-01,-9.925787903384337696e-01,-9.670229446181543009e-01
-7.472626066368165398e-01,-9.521879843715357339e-01,-9.842495724396842505e-01
-7.819832188743141010e-01,-9.719387599690513246e-01,-9.853339392515005901e-01
-9.773014021157786502e-01,-9.869119101633540003e-01,-9.099228614622474343e-01
-7.275741111067214328e-01,-8.765738600527893665e-01,-9.199646540350875368e-01
-6.749148975599893463e-01,-9.837972312110054851e-01,-9.358485576170483267e-01
-8.782097922141334223e-01,-8.702704487439542058e-01,-8.508369119878851361e-01
-7.473309828829742818e-01,-8.981990619709783186e-01,-8.441835103867114665e-01
-8.089973491102649961e-01,-9.827745343282743296e-01,-9.025811876681220092e-01
-9.321162622489405081e-01,-8.619255324590844314e-01,-7.982207775563309182e-01
-6.492020012931276618e-01,-9.660736675253238648e-01,-9.036181094651255519e-01
-7.912037086791365859e-01,-9.417841910930027094e-01,-8.715559342573788726e-01
-6.774543787582880672e-01,-9.238052528978403233e-01,-9.499191246885415607e-01
-8.192444183183540396e-01,-9.887000179367290142e-01,-9.085731085696541198e-01
-4.771099858232441537e-01,-9.817254558761252525e-01,-8.973529744256142360e-01
-6.851528369744269709e-01,-9.461927695639693603e-01,-9.044786781136091580e-01
-4.071856701995028582e-01,-8.932303648976535060e-01,-8.695024603291582332e-01
-6.922888586489047702e-01,-9.031987170703805745e-01,-9.309889021042716539e-01
-8.129641590015523889e-01,-9.740991167987650412e-01,-8.620839987415590544e-01
-8.092361118914896956e-01,-9.880051630820215758e-01,-8.847813280682816917e-01
-7.741445310768317878e-01,-9.114949036744037780e-01,-9.009433612157023985e-01
-8.655257907582450949e-01,-8.853202873720699140e-01,-9.291084638617415070e-01
-9.344092883784916870e-01,-9.071148949338101453e-01,-9.543736845864503326e-01
-7.015470902898494066e-01,-9.010480614181898273e-01,-9.403091623076842431e-01
-8.001495654728002505e-01,-8.383873103256728188e-01,-7.845684915561781381e-01
-4.427024226479454594e-01,-9.975898173271073865e-01,-8.699158767491173005e-01
-5.324772030541972123e-01,-9.743596924854986963e-01,-8.970299717753483781e-01
-6.392651255371029073e-01,-9.895231598030395093e-01,-9.034399095875134122e-01
-8.383080627878107816e-01,-9.415285912089541576e-01,-8.751988947899755900e-01
-7.091962801509325010e-01,-9.286276837177049881e-01,-8.775079160907972575e-01
-8.201677538286317182e-01,-9.592711467716082963e-01,-8.895366793195828015e-01
-6.219159682358447183e-01,-9.754630198247522532e-01,-9.772687816410703388e-01
-8.888920761434925266e-01,-9.605268635574973901e-01,-8.864251558205726855e-01
-8.862415908454719382e-01,-9.992823187021663278e-01,-6.874544527261643445e-01
-8.578219942690856747e-01,-9.931176102425532948e-01,-8.589985437997385009e-01
-8.039514944142159836e-01,-9.871167379509446782e-01,-8.324730525730278385e-01
-6.911538134862627025e-01,-9.846857663392872828e-01,-8.143261350094600504e-01
-7.935195637325093143e-01,-9.478871053327464491e-01,-9.766090108518524771e-01
-4.375608085709781769e-01,-9.323480427467765175e-01,-9.112768519536464940e-01
-7.430673145393068557e-01,-9.924876438369526488e-01,-8.842726820626245487e-01
-5.894330715822114763e-01,-9.529010730721703126e-01,-8.376573814613352820e-01
-5.328285942135766451e-01,-9.736986584577291826e-01,-8.833529392329960706e-01
-9.147981737632219223e-01,-9.814762166596735504e-01,-8.510695628104991695e-01
-9.365018806594902490e-01,-9.218580867987846705e-01,-9.461168299939912707e-01
-7.166522448908789755e-01,-9.407376782438996443e-01,-9.880376950661847735e-01
-7.094535935543015981e-01,-9.420135400573177442e-01,-8.604940807576446637e-01
-8.978289238975676323e-01,-9.030134779493526054e-01,-9.083757766612223783e-01
-8.198915963701181031e-01,-9.582990558112103319e-01,-8.778412870598117923e-01
-6.580079894874394375e-01,-8.030720715697531320e-01,-8.466663056239315255e-01
-8.148199563703834025e-01,-9.761736639392639692e-01,-8.936416367043902298e-01
-7.565176197809372338e-01,-8.802063390044936320e-01,-9.063315075368268969e-01
-6.762567488504432900e-01,-9.291653305552662889e-01,-9.254619293507436728e-01
-8.778832011037006611e-01,-9.658575024527447095e-01,-9.196231788147427588e-01
-5.366245105420192063e-01,-9.375191060395079434e-01,-8.258220158051019499e-01
-8.418130511673450611e-01,-9.470173619288292377e-01,-9.196009223914196617e-01
-7.691947277255634097e-01,-9.993454985694663062e-01,-9.227361352972645037e-01
-8.339032280820618537e-01,-8.792365660002045002e-01,-7.884921733027461244e-01
-7.255631597765183072e-01,-9.352746502959301544e-01,-8.195403938968703894e-01
-6.139456170634852716e-01,-9.410060612992769968e-01,-8.088904443876473449e-01
-7.523188377255710657e-01,-9.463426724519488076e-01,-9.169912158286666060e-01
-9.133350430043505330e-01,-9.884046880362860055e-01,-8.812802967405733989e-01
-5.443531590498948969e-01,-9.616473461170615966e-01,-8.793966115684683782e-01
-8.711642128203422875e-01,-9.694810429513731620e-01,-9.652990546739715905e-01
-9.011933351614986876e-01,-9.685720204894249230e-01,-8.853861360523195279e-01
-8.838538700978956220e-01,-9.218840470259241915e-01,-8.304452571458723620e-01
-8.276482231772867015e-01,-9.733637506930015171e-01,-8.796728926340541266e-01
-8.730087199255633923e-01,-9.692407549040136239e-01,-9.493208757042896906e-01
-7.549264250197655901e-01,-9.041696747901585285e-01,-9.686131673847495627e-01
